 Date,ID,Store,Country,Region,City,Foot Count,Foot Count Last Year,Foot Count Diff,Transactions,Transactions Last Year,Transactions Diff,Conversion,Conversion Last Year
01/05/2025,56,Bata Alibhai Sharif,Kenya,Nairobi West,Nairobi,0,0,0.00%,0,89,-100.00%,0.00%,0.00
01/07/2025,56,Bata Alibhai Sharif,Kenya,Nairobi West,Nairobi,0,0,0.00%,0,210,-100.00%,0.00%,0.00
01/03/2025,56,Bata Alibhai Sharif,Kenya,Nairobi West,Nairobi,0,0,0.00%,0,126,-100.00%,0.00%,0.00
01/10/2025,56,Bata Alibhai Sharif,Kenya,Nairobi West,Nairobi,0,0,0.00%,0,119,-100.00%,0.00%,0.00
01/21/2025,56,Bata Alibhai Sharif,Kenya,Nairobi West,Nairobi,0,0,0.00%,0,67,-100.00%,0.00%,0.00
01/06/2025,56,Bata Alibhai Sharif,Kenya,Nairobi West,Nairobi,0,0,0.00%,0,234,-100.00%,0.00%,0.00
01/04/2025,56,Bata Alibhai Sharif,Kenya,Nairobi West,Nairobi,0,0,0.00%,0,347,-100.00%,0.00%,0.00
01/08/2025,56,Bata Alibhai Sharif,Kenya,Nairobi West,Nairobi,0,0,0.00%,0,135,-100.00%,0.00%,0.00
01/23/2025,56,Bata Alibhai Sharif,Kenya,Nairobi West,Nairobi,0,0,0.00%,0,70,-100.00%,0.00%,0.00
01/12/2025,56,Bata Alibhai Sharif,Kenya,Nairobi West,Nairobi,0,0,0.00%,0,58,-100.00%,0.00%,0.00
01/09/2025,56,Bata Alibhai Sharif,Kenya,Nairobi West,Nairobi,0,0,0.00%,0,98,-100.00%,0.00%,0.00
01/18/2025,56,Bata Alibhai Sharif,Kenya,Nairobi West,Nairobi,0,0,0.00%,0,81,-100.00%,0.00%,0.00
01/26/2025,56,Bata Alibhai Sharif,Kenya,Nairobi West,Nairobi,0,0,0.00%,0,17,-100.00%,0.00%,0.00
01/16/2025,56,Bata Alibhai Sharif,Kenya,Nairobi West,Nairobi,0,0,0.00%,0,74,-100.00%,0.00%,0.00
01/11/2025,56,Bata Alibhai Sharif,Kenya,Nairobi West,Nairobi,0,0,0.00%,0,128,-100.00%,0.00%,0.00
01/14/2025,56,Bata Alibhai Sharif,Kenya,Nairobi West,Nairobi,0,0,0.00%,0,88,-100.00%,0.00%,0.00
02/03/2025,56,Bata Alibhai Sharif,Kenya,Nairobi West,Nairobi,0,0,0.00%,0,71,-100.00%,0.00%,0.00
01/13/2025,56,Bata Alibhai Sharif,Kenya,Nairobi West,Nairobi,0,0,0.00%,0,93,-100.00%,0.00%,0.00
01/19/2025,56,Bata Alibhai Sharif,Kenya,Nairobi West,Nairobi,0,0,0.00%,0,25,-100.00%,0.00%,0.00
01/28/2025,56,Bata Alibhai Sharif,Kenya,Nairobi West,Nairobi,0,0,0.00%,0,79,-100.00%,0.00%,0.00
02/06/2025,56,Bata Alibhai Sharif,Kenya,Nairobi West,Nairobi,0,0,0.00%,0,68,-100.00%,0.00%,0.00
02/01/2025,56,Bata Alibhai Sharif,Kenya,Nairobi West,Nairobi,0,0,0.00%,0,92,-100.00%,0.00%,0.00
01/24/2025,56,Bata Alibhai Sharif,Kenya,Nairobi West,Nairobi,0,0,0.00%,0,58,-100.00%,0.00%,0.00
01/17/2025,56,Bata Alibhai Sharif,Kenya,Nairobi West,Nairobi,0,0,0.00%,0,67,-100.00%,0.00%,0.00
02/08/2025,56,Bata Alibhai Sharif,Kenya,Nairobi West,Nairobi,0,0,0.00%,0,81,-100.00%,0.00%,0.00
01/15/2025,56,Bata Alibhai Sharif,Kenya,Nairobi West,Nairobi,0,0,0.00%,0,95,-100.00%,0.00%,0.00
02/04/2025,56,Bata Alibhai Sharif,Kenya,Nairobi West,Nairobi,0,0,0.00%,0,66,-100.00%,0.00%,0.00
02/14/2025,56,Bata Alibhai Sharif,Kenya,Nairobi West,Nairobi,0,0,0.00%,0,88,-100.00%,0.00%,0.00
02/11/2025,56,Bata Alibhai Sharif,Kenya,Nairobi West,Nairobi,0,0,0.00%,0,67,-100.00%,0.00%,0.00
02/12/2025,56,Bata Alibhai Sharif,Kenya,Nairobi West,Nairobi,0,0,0.00%,0,74,-100.00%,0.00%,0.00
02/07/2025,56,Bata Alibhai Sharif,Kenya,Nairobi West,Nairobi,0,0,0.00%,0,81,-100.00%,0.00%,0.00
01/22/2025,56,Bata Alibhai Sharif,Kenya,Nairobi West,Nairobi,0,0,0.00%,0,66,-100.00%,0.00%,0.00
02/24/2025,56,Bata Alibhai Sharif,Kenya,Nairobi West,Nairobi,0,0,0.00%,0,57,-100.00%,0.00%,0.00
01/20/2025,56,Bata Alibhai Sharif,Kenya,Nairobi West,Nairobi,0,0,0.00%,0,67,-100.00%,0.00%,0.00
02/10/2025,56,Bata Alibhai Sharif,Kenya,Nairobi West,Nairobi,0,0,0.00%,0,53,-100.00%,0.00%,0.00
02/22/2025,56,Bata Alibhai Sharif,Kenya,Nairobi West,Nairobi,0,0,0.00%,0,77,-100.00%,0.00%,0.00
02/26/2025,56,Bata Alibhai Sharif,Kenya,Nairobi West,Nairobi,0,0,0.00%,0,59,-100.00%,0.00%,0.00
02/23/2025,56,Bata Alibhai Sharif,Kenya,Nairobi West,Nairobi,0,0,0.00%,0,15,-100.00%,0.00%,0.00
02/15/2025,56,Bata Alibhai Sharif,Kenya,Nairobi West,Nairobi,0,0,0.00%,0,88,-100.00%,0.00%,0.00
01/25/2025,56,Bata Alibhai Sharif,Kenya,Nairobi West,Nairobi,0,0,0.00%,0,71,-100.00%,0.00%,0.00
03/06/2025,56,Bata Alibhai Sharif,Kenya,Nairobi West,Nairobi,0,0,0.00%,0,74,-100.00%,0.00%,0.00
01/29/2025,56,Bata Alibhai Sharif,Kenya,Nairobi West,Nairobi,0,0,0.00%,0,78,-100.00%,0.00%,0.00
02/17/2025,56,Bata Alibhai Sharif,Kenya,Nairobi West,Nairobi,0,0,0.00%,0,49,-100.00%,0.00%,0.00
02/27/2025,56,Bata Alibhai Sharif,Kenya,Nairobi West,Nairobi,0,0,0.00%,0,88,-100.00%,0.00%,0.00
03/07/2025,56,Bata Alibhai Sharif,Kenya,Nairobi West,Nairobi,0,0,0.00%,0,62,-100.00%,0.00%,0.00
02/25/2025,56,Bata Alibhai Sharif,Kenya,Nairobi West,Nairobi,0,0,0.00%,0,54,-100.00%,0.00%,0.00
02/18/2025,56,Bata Alibhai Sharif,Kenya,Nairobi West,Nairobi,0,0,0.00%,0,71,-100.00%,0.00%,0.00
01/30/2025,56,Bata Alibhai Sharif,Kenya,Nairobi West,Nairobi,0,0,0.00%,0,68,-100.00%,0.00%,0.00
01/03/2026,56,Bata Alibhai Sharif,Kenya,Nairobi West,Nairobi,735,0,0.00%,221,0,0.00%,30.09%,0.00
01/31/2025,56,Bata Alibhai Sharif,Kenya,Nairobi West,Nairobi,0,0,0.00%,0,107,-100.00%,0.00%,0.00
03/03/2025,56,Bata Alibhai Sharif,Kenya,Nairobi West,Nairobi,0,0,0.00%,0,84,-100.00%,0.00%,0.00
03/04/2025,56,Bata Alibhai Sharif,Kenya,Nairobi West,Nairobi,0,0,0.00%,0,77,-100.00%,0.00%,0.00
01/08/2026,56,Bata Alibhai Sharif,Kenya,Nairobi West,Nairobi,628,0,0.00%,143,0,0.00%,22.79%,0.00
02/28/2025,56,Bata Alibhai Sharif,Kenya,Nairobi West,Nairobi,0,0,0.00%,0,101,-100.00%,0.00%,0.00
03/05/2025,56,Bata Alibhai Sharif,Kenya,Nairobi West,Nairobi,0,0,0.00%,0,65,-100.00%,0.00%,0.00
02/02/2025,56,Bata Alibhai Sharif,Kenya,Nairobi West,Nairobi,0,0,0.00%,0,28,-100.00%,0.00%,0.00
01/10/2026,56,Bata Alibhai Sharif,Kenya,Nairobi West,Nairobi,1160,0,0.00%,249,0,0.00%,21.47%,0.00
02/05/2025,56,Bata Alibhai Sharif,Kenya,Nairobi West,Nairobi,0,0,0.00%,0,63,-100.00%,0.00%,0.00
01/01/2026,56,Bata Alibhai Sharif,Kenya,Nairobi West,Nairobi,120,0,0.00%,0,0,0.00%,0.00%,0.00
03/09/2025,56,Bata Alibhai Sharif,Kenya,Nairobi West,Nairobi,0,0,0.00%,0,29,-100.00%,0.00%,0.00
01/13/2026,56,Bata Alibhai Sharif,Kenya,Nairobi West,Nairobi,581,0,0.00%,131,0,0.00%,22.55%,0.00
03/08/2025,56,Bata Alibhai Sharif,Kenya,Nairobi West,Nairobi,0,0,0.00%,0,69,-100.00%,0.00%,0.00
01/04/2026,56,Bata Alibhai Sharif,Kenya,Nairobi West,Nairobi,437,0,0.00%,98,0,0.00%,22.43%,0.00
02/09/2025,56,Bata Alibhai Sharif,Kenya,Nairobi West,Nairobi,0,0,0.00%,0,25,-100.00%,0.00%,0.00
01/21/2026,56,Bata Alibhai Sharif,Kenya,Nairobi West,Nairobi,259,0,0.00%,61,0,0.00%,23.60%,0.00
02/13/2025,56,Bata Alibhai Sharif,Kenya,Nairobi West,Nairobi,0,0,0.00%,0,70,-100.00%,0.00%,0.00
01/07/2026,56,Bata Alibhai Sharif,Kenya,Nairobi West,Nairobi,739,0,0.00%,169,0,0.00%,22.87%,0.00
01/02/2026,56,Bata Alibhai Sharif,Kenya,Nairobi West,Nairobi,522,0,0.00%,0,0,0.00%,0.00%,0.00
01/24/2026,56,Bata Alibhai Sharif,Kenya,Nairobi West,Nairobi,330,0,0.00%,68,0,0.00%,20.64%,0.00
01/17/2026,56,Bata Alibhai Sharif,Kenya,Nairobi West,Nairobi,451,0,0.00%,90,0,0.00%,19.96%,0.00
01/09/2026,56,Bata Alibhai Sharif,Kenya,Nairobi West,Nairobi,704,0,0.00%,169,0,0.00%,24.01%,0.00
02/20/2025,56,Bata Alibhai Sharif,Kenya,Nairobi West,Nairobi,0,0,0.00%,0,53,-100.00%,0.00%,0.00
02/01/2026,56,Bata Alibhai Sharif,Kenya,Nairobi West,Nairobi,129,0,0.00%,25,0,0.00%,19.38%,0.00
02/16/2025,56,Bata Alibhai Sharif,Kenya,Nairobi West,Nairobi,0,0,0.00%,0,26,-100.00%,0.00%,0.00
01/12/2026,56,Bata Alibhai Sharif,Kenya,Nairobi West,Nairobi,722,0,0.00%,160,0,0.00%,22.16%,0.00
01/05/2026,56,Bata Alibhai Sharif,Kenya,Nairobi West,Nairobi,864,0,0.00%,263,0,0.00%,30.44%,0.00
02/16/2026,56,Bata Alibhai Sharif,Kenya,Nairobi West,Nairobi,228,0,0.00%,40,0,0.00%,17.58%,0.00
01/20/2026,56,Bata Alibhai Sharif,Kenya,Nairobi West,Nairobi,267,0,0.00%,53,0,0.00%,19.89%,0.00
01/15/2026,56,Bata Alibhai Sharif,Kenya,Nairobi West,Nairobi,376,0,0.00%,102,0,0.00%,27.13%,0.00
03/02/2025,56,Bata Alibhai Sharif,Kenya,Nairobi West,Nairobi,0,0,0.00%,0,38,-100.00%,0.00%,0.00
02/25/2026,56,Bata Alibhai Sharif,Kenya,Nairobi West,Nairobi,261,0,0.00%,60,0,0.00%,22.99%,0.00
02/19/2025,56,Bata Alibhai Sharif,Kenya,Nairobi West,Nairobi,0,0,0.00%,0,62,-100.00%,0.00%,0.00
01/30/2026,56,Bata Alibhai Sharif,Kenya,Nairobi West,Nairobi,308,0,0.00%,65,0,0.00%,21.10%,0.00
01/11/2026,56,Bata Alibhai Sharif,Kenya,Nairobi West,Nairobi,545,0,0.00%,109,0,0.00%,20.02%,0.00
02/27/2026,56,Bata Alibhai Sharif,Kenya,Nairobi West,Nairobi,408,0,0.00%,99,0,0.00%,24.29%,0.00
02/05/2026,56,Bata Alibhai Sharif,Kenya,Nairobi West,Nairobi,308,0,0.00%,75,0,0.00%,24.39%,0.00
01/31/2026,56,Bata Alibhai Sharif,Kenya,Nairobi West,Nairobi,302,0,0.00%,80,0,0.00%,26.53%,0.00
01/06/2026,56,Bata Alibhai Sharif,Kenya,Nairobi West,Nairobi,786,0,0.00%,225,0,0.00%,28.64%,0.00
03/04/2026,56,Bata Alibhai Sharif,Kenya,Nairobi West,Nairobi,274,0,0.00%,63,0,0.00%,22.99%,0.00
02/21/2025,56,Bata Alibhai Sharif,Kenya,Nairobi West,Nairobi,0,0,0.00%,0,65,-100.00%,0.00%,0.00
02/02/2026,56,Bata Alibhai Sharif,Kenya,Nairobi West,Nairobi,233,0,0.00%,53,0,0.00%,22.75%,0.00
01/16/2026,56,Bata Alibhai Sharif,Kenya,Nairobi West,Nairobi,374,0,0.00%,76,0,0.00%,20.35%,0.00
03/05/2026,56,Bata Alibhai Sharif,Kenya,Nairobi West,Nairobi,303,0,0.00%,71,0,0.00%,23.47%,0.00
02/10/2026,56,Bata Alibhai Sharif,Kenya,Nairobi West,Nairobi,270,0,0.00%,56,0,0.00%,20.74%,0.00
02/07/2026,56,Bata Alibhai Sharif,Kenya,Nairobi West,Nairobi,386,0,0.00%,96,0,0.00%,24.87%,0.00
01/14/2026,56,Bata Alibhai Sharif,Kenya,Nairobi West,Nairobi,480,0,0.00%,106,0,0.00%,22.11%,0.00
02/13/2026,56,Bata Alibhai Sharif,Kenya,Nairobi West,Nairobi,312,0,0.00%,66,0,0.00%,21.15%,0.00
03/01/2025,56,Bata Alibhai Sharif,Kenya,Nairobi West,Nairobi,0,0,0.00%,0,123,-100.00%,0.00%,0.00
02/15/2026,56,Bata Alibhai Sharif,Kenya,Nairobi West,Nairobi,131,0,0.00%,25,0,0.00%,19.08%,0.00
01/18/2026,56,Bata Alibhai Sharif,Kenya,Nairobi West,Nairobi,200,0,0.00%,41,0,0.00%,20.50%,0.00
02/28/2026,56,Bata Alibhai Sharif,Kenya,Nairobi West,Nairobi,388,0,0.00%,93,0,0.00%,23.97%,0.00
02/12/2026,56,Bata Alibhai Sharif,Kenya,Nairobi West,Nairobi,241,0,0.00%,66,0,0.00%,27.39%,0.00
03/01/2026,56,Bata Alibhai Sharif,Kenya,Nairobi West,Nairobi,182,0,0.00%,36,0,0.00%,19.78%,0.00
01/22/2026,56,Bata Alibhai Sharif,Kenya,Nairobi West,Nairobi,260,0,0.00%,59,0,0.00%,22.69%,0.00
03/06/2026,56,Bata Alibhai Sharif,Kenya,Nairobi West,Nairobi,339,0,0.00%,100,0,0.00%,29.54%,0.00
01/27/2026,56,Bata Alibhai Sharif,Kenya,Nairobi West,Nairobi,247,0,0.00%,0,0,0.00%,0.00%,0.00
03/08/2026,56,Bata Alibhai Sharif,Kenya,Nairobi West,Nairobi,0,0,0.00%,25,0,0.00%,0.00%,0.00
01/19/2026,56,Bata Alibhai Sharif,Kenya,Nairobi West,Nairobi,293,0,0.00%,67,0,0.00%,22.87%,0.00
02/21/2026,56,Bata Alibhai Sharif,Kenya,Nairobi West,Nairobi,324,0,0.00%,66,0,0.00%,20.37%,0.00
01/23/2026,56,Bata Alibhai Sharif,Kenya,Nairobi West,Nairobi,326,0,0.00%,52,0,0.00%,15.98%,0.00
02/03/2026,56,Bata Alibhai Sharif,Kenya,Nairobi West,Nairobi,293,0,0.00%,49,0,0.00%,16.75%,0.00
01/26/2026,56,Bata Alibhai Sharif,Kenya,Nairobi West,Nairobi,250,0,0.00%,0,0,0.00%,0.00%,0.00
03/03/2026,56,Bata Alibhai Sharif,Kenya,Nairobi West,Nairobi,313,0,0.00%,69,0,0.00%,22.04%,0.00
01/25/2026,56,Bata Alibhai Sharif,Kenya,Nairobi West,Nairobi,130,0,0.00%,24,0,0.00%,18.46%,0.00
02/06/2026,56,Bata Alibhai Sharif,Kenya,Nairobi West,Nairobi,291,0,0.00%,68,0,0.00%,23.37%,0.00
01/29/2026,56,Bata Alibhai Sharif,Kenya,Nairobi West,Nairobi,269,0,0.00%,62,0,0.00%,23.09%,0.00
02/09/2026,56,Bata Alibhai Sharif,Kenya,Nairobi West,Nairobi,261,0,0.00%,49,0,0.00%,18.77%,0.00
01/28/2026,56,Bata Alibhai Sharif,Kenya,Nairobi West,Nairobi,257,0,0.00%,91,0,0.00%,35.48%,0.00
02/14/2026,56,Bata Alibhai Sharif,Kenya,Nairobi West,Nairobi,362,0,0.00%,68,0,0.00%,18.81%,0.00
02/08/2026,56,Bata Alibhai Sharif,Kenya,Nairobi West,Nairobi,110,0,0.00%,24,0,0.00%,21.92%,0.00
03/02/2026,56,Bata Alibhai Sharif,Kenya,Nairobi West,Nairobi,193,0,0.00%,98,0,0.00%,50.91%,0.00
02/04/2026,56,Bata Alibhai Sharif,Kenya,Nairobi West,Nairobi,260,0,0.00%,75,0,0.00%,28.85%,0.00
02/11/2026,56,Bata Alibhai Sharif,Kenya,Nairobi West,Nairobi,262,0,0.00%,49,0,0.00%,18.70%,0.00
02/18/2026,56,Bata Alibhai Sharif,Kenya,Nairobi West,Nairobi,247,0,0.00%,45,0,0.00%,18.26%,0.00
02/17/2026,56,Bata Alibhai Sharif,Kenya,Nairobi West,Nairobi,223,0,0.00%,39,0,0.00%,17.53%,0.00
02/20/2026,56,Bata Alibhai Sharif,Kenya,Nairobi West,Nairobi,269,0,0.00%,62,0,0.00%,23.05%,0.00
02/19/2026,56,Bata Alibhai Sharif,Kenya,Nairobi West,Nairobi,247,0,0.00%,59,0,0.00%,23.94%,0.00
02/23/2026,56,Bata Alibhai Sharif,Kenya,Nairobi West,Nairobi,219,0,0.00%,45,0,0.00%,20.59%,0.00
02/22/2026,56,Bata Alibhai Sharif,Kenya,Nairobi West,Nairobi,78,0,0.00%,10,0,0.00%,12.82%,0.00
02/26/2026,56,Bata Alibhai Sharif,Kenya,Nairobi West,Nairobi,281,0,0.00%,54,0,0.00%,19.25%,0.00
02/24/2026,56,Bata Alibhai Sharif,Kenya,Nairobi West,Nairobi,273,0,0.00%,59,0,0.00%,21.61%,0.00
03/07/2026,56,Bata Alibhai Sharif,Kenya,Nairobi West,Nairobi,89,0,0.00%,75,0,0.00%,84.27%,0.00
01/04/2025,62,Bata Bungoma One,Kenya,Western,Bungoma,0,779,-100.00%,0,363,-100.00%,0.00%,0.47
01/05/2025,62,Bata Bungoma One,Kenya,Western,Bungoma,0,568,-100.00%,0,268,-100.00%,0.00%,0.47
01/02/2025,62,Bata Bungoma One,Kenya,Western,Bungoma,0,513,-100.00%,0,230,-100.00%,0.00%,0.45
01/03/2025,62,Bata Bungoma One,Kenya,Western,Bungoma,0,856,-100.00%,0,323,-100.00%,0.00%,0.38
01/06/2025,62,Bata Bungoma One,Kenya,Western,Bungoma,0,1254,-100.00%,0,584,-100.00%,0.00%,0.47
01/01/2025,62,Bata Bungoma One,Kenya,Western,Bungoma,0,165,-100.00%,0,0,0.00%,0.00%,0.00
01/10/2025,62,Bata Bungoma One,Kenya,Western,Bungoma,0,383,-100.00%,0,251,-100.00%,0.00%,0.66
01/14/2025,62,Bata Bungoma One,Kenya,Western,Bungoma,0,239,-100.00%,0,150,-100.00%,0.00%,0.63
01/07/2025,62,Bata Bungoma One,Kenya,Western,Bungoma,0,1001,-100.00%,0,524,-100.00%,0.00%,0.52
01/08/2025,62,Bata Bungoma One,Kenya,Western,Bungoma,0,617,-100.00%,0,342,-100.00%,0.00%,0.55
01/13/2025,62,Bata Bungoma One,Kenya,Western,Bungoma,0,345,-100.00%,0,231,-100.00%,0.00%,0.67
01/11/2025,62,Bata Bungoma One,Kenya,Western,Bungoma,0,439,-100.00%,0,311,-100.00%,0.00%,0.71
01/28/2025,62,Bata Bungoma One,Kenya,Western,Bungoma,0,129,-100.00%,0,70,-100.00%,0.00%,0.54
01/09/2025,62,Bata Bungoma One,Kenya,Western,Bungoma,0,334,-100.00%,0,275,-100.00%,0.00%,0.82
02/09/2025,62,Bata Bungoma One,Kenya,Western,Bungoma,0,151,-100.00%,0,34,-100.00%,0.00%,0.23
01/15/2025,62,Bata Bungoma One,Kenya,Western,Bungoma,0,171,-100.00%,0,105,-100.00%,0.00%,0.61
02/02/2025,62,Bata Bungoma One,Kenya,Western,Bungoma,0,220,-100.00%,0,48,-100.00%,0.00%,0.22
01/16/2025,62,Bata Bungoma One,Kenya,Western,Bungoma,0,174,-100.00%,0,89,-100.00%,0.00%,0.51
02/11/2025,62,Bata Bungoma One,Kenya,Western,Bungoma,0,243,-100.00%,0,46,-100.00%,0.00%,0.19
01/18/2025,62,Bata Bungoma One,Kenya,Western,Bungoma,0,241,-100.00%,0,110,-100.00%,0.00%,0.46
02/07/2025,62,Bata Bungoma One,Kenya,Western,Bungoma,0,242,-100.00%,0,62,-100.00%,0.00%,0.26
01/12/2025,62,Bata Bungoma One,Kenya,Western,Bungoma,0,293,-100.00%,0,195,-100.00%,0.00%,0.67
02/12/2025,62,Bata Bungoma One,Kenya,Western,Bungoma,0,213,-100.00%,0,63,-100.00%,0.00%,0.30
01/17/2025,62,Bata Bungoma One,Kenya,Western,Bungoma,0,194,-100.00%,0,103,-100.00%,0.00%,0.53
02/08/2025,62,Bata Bungoma One,Kenya,Western,Bungoma,0,316,-100.00%,0,68,-100.00%,0.00%,0.22
01/19/2025,62,Bata Bungoma One,Kenya,Western,Bungoma,0,174,-100.00%,0,81,-100.00%,0.00%,0.47
02/16/2025,62,Bata Bungoma One,Kenya,Western,Bungoma,0,156,-100.00%,0,28,-100.00%,0.00%,0.18
01/21/2025,62,Bata Bungoma One,Kenya,Western,Bungoma,0,131,-100.00%,0,102,-100.00%,0.00%,0.78
02/13/2025,62,Bata Bungoma One,Kenya,Western,Bungoma,0,200,-100.00%,0,47,-100.00%,0.00%,0.24
01/20/2025,62,Bata Bungoma One,Kenya,Western,Bungoma,0,184,-100.00%,0,98,-100.00%,0.00%,0.53
02/17/2025,62,Bata Bungoma One,Kenya,Western,Bungoma,0,235,-100.00%,0,50,-100.00%,0.00%,0.21
01/22/2025,62,Bata Bungoma One,Kenya,Western,Bungoma,0,109,-100.00%,0,70,-100.00%,0.00%,0.64
02/15/2025,62,Bata Bungoma One,Kenya,Western,Bungoma,0,263,-100.00%,0,46,-100.00%,0.00%,0.17
01/29/2025,62,Bata Bungoma One,Kenya,Western,Bungoma,0,140,-100.00%,0,63,-100.00%,0.00%,0.45
02/22/2025,62,Bata Bungoma One,Kenya,Western,Bungoma,0,234,-100.00%,0,54,-100.00%,0.00%,0.23
01/24/2025,62,Bata Bungoma One,Kenya,Western,Bungoma,0,164,-100.00%,0,88,-100.00%,0.00%,0.54
02/23/2025,62,Bata Bungoma One,Kenya,Western,Bungoma,0,139,-100.00%,0,35,-100.00%,0.00%,0.25
01/23/2025,62,Bata Bungoma One,Kenya,Western,Bungoma,0,99,-100.00%,0,52,-100.00%,0.00%,0.53
03/04/2025,62,Bata Bungoma One,Kenya,Western,Bungoma,0,404,-100.00%,0,118,-100.00%,0.00%,0.29
01/25/2025,62,Bata Bungoma One,Kenya,Western,Bungoma,0,184,-100.00%,0,122,-100.00%,0.00%,0.66
01/04/2026,62,Bata Bungoma One,Kenya,Western,Bungoma,872,0,0.00%,239,0,0.00%,27.41%,0.00
02/01/2025,62,Bata Bungoma One,Kenya,Western,Bungoma,0,430,-100.00%,0,112,-100.00%,0.00%,0.26
01/01/2026,62,Bata Bungoma One,Kenya,Western,Bungoma,355,0,0.00%,0,0,0.00%,0.00%,0.00
01/26/2025,62,Bata Bungoma One,Kenya,Western,Bungoma,0,103,-100.00%,0,47,-100.00%,0.00%,0.46
01/07/2026,62,Bata Bungoma One,Kenya,Western,Bungoma,1231,0,0.00%,374,0,0.00%,30.38%,0.00
01/31/2025,62,Bata Bungoma One,Kenya,Western,Bungoma,0,168,-100.00%,0,76,-100.00%,0.00%,0.45
01/03/2026,62,Bata Bungoma One,Kenya,Western,Bungoma,1260,0,0.00%,357,0,0.00%,28.34%,0.00
01/30/2025,62,Bata Bungoma One,Kenya,Western,Bungoma,0,147,-100.00%,0,80,-100.00%,0.00%,0.54
01/18/2026,62,Bata Bungoma One,Kenya,Western,Bungoma,321,0,0.00%,70,0,0.00%,21.81%,0.00
02/03/2025,62,Bata Bungoma One,Kenya,Western,Bungoma,0,364,-100.00%,0,67,-100.00%,0.00%,0.18
01/11/2026,62,Bata Bungoma One,Kenya,Western,Bungoma,843,0,0.00%,233,0,0.00%,27.66%,0.00
01/27/2025,62,Bata Bungoma One,Kenya,Western,Bungoma,0,132,-100.00%,0,0,0.00%,0.00%,0.00
01/31/2026,62,Bata Bungoma One,Kenya,Western,Bungoma,416,0,0.00%,73,0,0.00%,17.57%,0.00
02/18/2025,62,Bata Bungoma One,Kenya,Western,Bungoma,0,203,-100.00%,0,46,-100.00%,0.00%,0.23
01/14/2026,62,Bata Bungoma One,Kenya,Western,Bungoma,792,0,0.00%,188,0,0.00%,23.75%,0.00
02/05/2025,62,Bata Bungoma One,Kenya,Western,Bungoma,0,276,-100.00%,0,64,-100.00%,0.00%,0.23
02/10/2026,62,Bata Bungoma One,Kenya,Western,Bungoma,320,0,0.00%,44,0,0.00%,13.77%,0.00
02/04/2025,62,Bata Bungoma One,Kenya,Western,Bungoma,0,262,-100.00%,0,55,-100.00%,0.00%,0.21
01/16/2026,62,Bata Bungoma One,Kenya,Western,Bungoma,464,0,0.00%,112,0,0.00%,24.14%,0.00
02/14/2025,62,Bata Bungoma One,Kenya,Western,Bungoma,0,264,-100.00%,0,62,-100.00%,0.00%,0.23
02/21/2026,62,Bata Bungoma One,Kenya,Western,Bungoma,242,0,0.00%,49,0,0.00%,20.25%,0.00
02/21/2025,62,Bata Bungoma One,Kenya,Western,Bungoma,0,224,-100.00%,0,33,-100.00%,0.00%,0.15
01/22/2026,62,Bata Bungoma One,Kenya,Western,Bungoma,294,0,0.00%,57,0,0.00%,19.42%,0.00
02/10/2025,62,Bata Bungoma One,Kenya,Western,Bungoma,0,229,-100.00%,0,61,-100.00%,0.00%,0.27
02/24/2026,62,Bata Bungoma One,Kenya,Western,Bungoma,266,0,0.00%,52,0,0.00%,19.55%,0.00
02/06/2025,62,Bata Bungoma One,Kenya,Western,Bungoma,0,285,-100.00%,0,65,-100.00%,0.00%,0.23
01/24/2026,62,Bata Bungoma One,Kenya,Western,Bungoma,412,0,0.00%,100,0,0.00%,24.30%,0.00
02/19/2025,62,Bata Bungoma One,Kenya,Western,Bungoma,0,238,-100.00%,0,48,-100.00%,0.00%,0.20
03/01/2026,62,Bata Bungoma One,Kenya,Western,Bungoma,364,0,0.00%,88,0,0.00%,24.21%,0.00
02/26/2025,62,Bata Bungoma One,Kenya,Western,Bungoma,0,308,-100.00%,0,69,-100.00%,0.00%,0.22
01/27/2026,62,Bata Bungoma One,Kenya,Western,Bungoma,301,0,0.00%,63,0,0.00%,20.97%,0.00
02/20/2025,62,Bata Bungoma One,Kenya,Western,Bungoma,0,183,-100.00%,0,45,-100.00%,0.00%,0.25
01/29/2026,62,Bata Bungoma One,Kenya,Western,Bungoma,262,0,0.00%,63,0,0.00%,24.05%,0.00
02/25/2025,62,Bata Bungoma One,Kenya,Western,Bungoma,0,247,-100.00%,0,36,-100.00%,0.00%,0.15
02/01/2026,62,Bata Bungoma One,Kenya,Western,Bungoma,248,0,0.00%,48,0,0.00%,19.35%,0.00
02/24/2025,62,Bata Bungoma One,Kenya,Western,Bungoma,0,206,-100.00%,0,38,-100.00%,0.00%,0.18
02/04/2026,62,Bata Bungoma One,Kenya,Western,Bungoma,251,0,0.00%,52,0,0.00%,20.76%,0.00
01/10/2026,62,Bata Bungoma One,Kenya,Western,Bungoma,1492,0,0.00%,426,0,0.00%,28.55%,0.00
02/07/2026,62,Bata Bungoma One,Kenya,Western,Bungoma,356,0,0.00%,73,0,0.00%,20.53%,0.00
02/28/2025,62,Bata Bungoma One,Kenya,Western,Bungoma,0,374,-100.00%,0,105,-100.00%,0.00%,0.28
02/22/2026,62,Bata Bungoma One,Kenya,Western,Bungoma,139,0,0.00%,29,0,0.00%,20.94%,0.00
02/27/2025,62,Bata Bungoma One,Kenya,Western,Bungoma,0,303,-100.00%,0,78,-100.00%,0.00%,0.26
02/23/2026,62,Bata Bungoma One,Kenya,Western,Bungoma,263,0,0.00%,48,0,0.00%,18.29%,0.00
03/02/2025,62,Bata Bungoma One,Kenya,Western,Bungoma,0,288,-100.00%,0,69,-100.00%,0.00%,0.24
03/02/2026,62,Bata Bungoma One,Kenya,Western,Bungoma,575,0,0.00%,175,0,0.00%,30.43%,0.00
01/12/2026,62,Bata Bungoma One,Kenya,Western,Bungoma,1253,0,0.00%,340,0,0.00%,27.15%,0.00
03/05/2026,62,Bata Bungoma One,Kenya,Western,Bungoma,285,0,0.00%,67,0,0.00%,23.55%,0.00
03/01/2025,62,Bata Bungoma One,Kenya,Western,Bungoma,0,456,-100.00%,0,128,-100.00%,0.00%,0.28
01/06/2026,62,Bata Bungoma One,Kenya,Western,Bungoma,1046,0,0.00%,323,0,0.00%,30.88%,0.00
03/05/2025,62,Bata Bungoma One,Kenya,Western,Bungoma,0,284,-100.00%,0,82,-100.00%,0.00%,0.29
01/15/2026,62,Bata Bungoma One,Kenya,Western,Bungoma,548,0,0.00%,125,0,0.00%,22.83%,0.00
03/03/2025,62,Bata Bungoma One,Kenya,Western,Bungoma,0,531,-100.00%,0,169,-100.00%,0.00%,0.32
01/08/2026,62,Bata Bungoma One,Kenya,Western,Bungoma,1037,0,0.00%,298,0,0.00%,28.75%,0.00
03/07/2025,62,Bata Bungoma One,Kenya,Western,Bungoma,0,254,-100.00%,0,63,-100.00%,0.00%,0.25
01/23/2026,62,Bata Bungoma One,Kenya,Western,Bungoma,295,0,0.00%,64,0,0.00%,21.69%,0.00
03/06/2025,62,Bata Bungoma One,Kenya,Western,Bungoma,0,288,-100.00%,0,57,-100.00%,0.00%,0.20
01/09/2026,62,Bata Bungoma One,Kenya,Western,Bungoma,1139,0,0.00%,316,0,0.00%,27.74%,0.00
01/17/2026,62,Bata Bungoma One,Kenya,Western,Bungoma,142,0,0.00%,95,0,0.00%,66.90%,0.00
01/25/2026,62,Bata Bungoma One,Kenya,Western,Bungoma,233,0,0.00%,45,0,0.00%,19.31%,0.00
03/08/2025,62,Bata Bungoma One,Kenya,Western,Bungoma,0,192,-100.00%,0,42,-100.00%,0.00%,0.22
01/21/2026,62,Bata Bungoma One,Kenya,Western,Bungoma,281,0,0.00%,61,0,0.00%,21.75%,0.00
01/19/2026,62,Bata Bungoma One,Kenya,Western,Bungoma,356,0,0.00%,96,0,0.00%,27.00%,0.00
02/03/2026,62,Bata Bungoma One,Kenya,Western,Bungoma,224,0,0.00%,43,0,0.00%,19.24%,0.00
03/09/2025,62,Bata Bungoma One,Kenya,Western,Bungoma,0,145,-100.00%,0,29,-100.00%,0.00%,0.20
01/30/2026,62,Bata Bungoma One,Kenya,Western,Bungoma,257,0,0.00%,50,0,0.00%,19.46%,0.00
02/06/2026,62,Bata Bungoma One,Kenya,Western,Bungoma,385,0,0.00%,61,0,0.00%,15.84%,0.00
02/27/2026,62,Bata Bungoma One,Kenya,Western,Bungoma,475,0,0.00%,79,0,0.00%,16.63%,0.00
01/02/2026,62,Bata Bungoma One,Kenya,Western,Bungoma,1291,0,0.00%,337,0,0.00%,26.10%,0.00
02/09/2026,62,Bata Bungoma One,Kenya,Western,Bungoma,286,0,0.00%,49,0,0.00%,17.13%,0.00
02/14/2026,62,Bata Bungoma One,Kenya,Western,Bungoma,316,0,0.00%,60,0,0.00%,18.99%,0.00
03/07/2026,62,Bata Bungoma One,Kenya,Western,Bungoma,277,0,0.00%,61,0,0.00%,22.06%,0.00
01/05/2026,62,Bata Bungoma One,Kenya,Western,Bungoma,1893,0,0.00%,419,0,0.00%,22.13%,0.00
02/12/2026,62,Bata Bungoma One,Kenya,Western,Bungoma,136,0,0.00%,53,0,0.00%,38.97%,0.00
02/15/2026,62,Bata Bungoma One,Kenya,Western,Bungoma,147,0,0.00%,36,0,0.00%,24.57%,0.00
03/09/2026,62,Bata Bungoma One,Kenya,Western,Bungoma,25,0,0.00%,0,0,0.00%,0.00%,0.00
01/13/2026,62,Bata Bungoma One,Kenya,Western,Bungoma,900,0,0.00%,204,0,0.00%,22.67%,0.00
02/25/2026,62,Bata Bungoma One,Kenya,Western,Bungoma,264,0,0.00%,44,0,0.00%,16.70%,0.00
02/17/2026,62,Bata Bungoma One,Kenya,Western,Bungoma,282,0,0.00%,40,0,0.00%,14.18%,0.00
03/03/2026,62,Bata Bungoma One,Kenya,Western,Bungoma,418,0,0.00%,77,0,0.00%,18.44%,0.00
01/20/2026,62,Bata Bungoma One,Kenya,Western,Bungoma,360,0,0.00%,72,0,0.00%,20.03%,0.00
03/08/2026,62,Bata Bungoma One,Kenya,Western,Bungoma,134,0,0.00%,20,0,0.00%,14.98%,0.00
02/20/2026,62,Bata Bungoma One,Kenya,Western,Bungoma,222,0,0.00%,45,0,0.00%,20.27%,0.00
01/26/2026,62,Bata Bungoma One,Kenya,Western,Bungoma,323,0,0.00%,0,0,0.00%,0.00%,0.00
02/28/2026,62,Bata Bungoma One,Kenya,Western,Bungoma,542,0,0.00%,118,0,0.00%,21.79%,0.00
01/28/2026,62,Bata Bungoma One,Kenya,Western,Bungoma,295,0,0.00%,51,0,0.00%,17.29%,0.00
02/02/2026,62,Bata Bungoma One,Kenya,Western,Bungoma,328,0,0.00%,57,0,0.00%,17.40%,0.00
02/05/2026,62,Bata Bungoma One,Kenya,Western,Bungoma,298,0,0.00%,47,0,0.00%,15.77%,0.00
02/08/2026,62,Bata Bungoma One,Kenya,Western,Bungoma,200,0,0.00%,41,0,0.00%,20.50%,0.00
02/11/2026,62,Bata Bungoma One,Kenya,Western,Bungoma,222,0,0.00%,55,0,0.00%,24.83%,0.00
02/13/2026,62,Bata Bungoma One,Kenya,Western,Bungoma,326,0,0.00%,54,0,0.00%,16.56%,0.00
02/16/2026,62,Bata Bungoma One,Kenya,Western,Bungoma,285,0,0.00%,51,0,0.00%,17.93%,0.00
02/18/2026,62,Bata Bungoma One,Kenya,Western,Bungoma,184,0,0.00%,22,0,0.00%,11.99%,0.00
02/19/2026,62,Bata Bungoma One,Kenya,Western,Bungoma,262,0,0.00%,43,0,0.00%,16.41%,0.00
02/26/2026,62,Bata Bungoma One,Kenya,Western,Bungoma,234,0,0.00%,63,0,0.00%,26.92%,0.00
03/04/2026,62,Bata Bungoma One,Kenya,Western,Bungoma,306,0,0.00%,72,0,0.00%,23.53%,0.00
03/06/2026,62,Bata Bungoma One,Kenya,Western,Bungoma,302,0,0.00%,66,0,0.00%,21.89%,0.00
01/04/2025,136,Bata Busia One,Kenya,Nyanza,Busia,0,640,-100.00%,0,208,-100.00%,0.00%,0.33
01/01/2025,136,Bata Busia One,Kenya,Nyanza,Busia,0,158,-100.00%,0,46,-100.00%,0.00%,0.29
01/02/2025,136,Bata Busia One,Kenya,Nyanza,Busia,0,540,-100.00%,0,161,-100.00%,0.00%,0.30
01/05/2025,136,Bata Busia One,Kenya,Nyanza,Busia,0,417,-100.00%,0,121,-100.00%,0.00%,0.29
01/12/2025,136,Bata Busia One,Kenya,Nyanza,Busia,0,327,-100.00%,0,73,-100.00%,0.00%,0.22
01/10/2025,136,Bata Busia One,Kenya,Nyanza,Busia,0,320,-100.00%,0,85,-100.00%,0.00%,0.27
01/15/2025,136,Bata Busia One,Kenya,Nyanza,Busia,0,264,-100.00%,0,72,-100.00%,0.00%,0.27
01/06/2025,136,Bata Busia One,Kenya,Nyanza,Busia,0,1140,-100.00%,0,283,-100.00%,0.00%,0.25
01/20/2025,136,Bata Busia One,Kenya,Nyanza,Busia,0,221,-100.00%,0,48,-100.00%,0.00%,0.22
01/03/2025,136,Bata Busia One,Kenya,Nyanza,Busia,0,567,-100.00%,0,176,-100.00%,0.00%,0.31
01/21/2025,136,Bata Busia One,Kenya,Nyanza,Busia,0,199,-100.00%,0,50,-100.00%,0.00%,0.25
01/07/2025,136,Bata Busia One,Kenya,Nyanza,Busia,0,892,-100.00%,0,256,-100.00%,0.00%,0.29
01/27/2025,136,Bata Busia One,Kenya,Nyanza,Busia,0,300,-100.00%,0,53,-100.00%,0.00%,0.18
01/13/2025,136,Bata Busia One,Kenya,Nyanza,Busia,0,395,-100.00%,0,116,-100.00%,0.00%,0.29
01/23/2025,136,Bata Busia One,Kenya,Nyanza,Busia,0,233,-100.00%,0,60,-100.00%,0.00%,0.26
01/09/2025,136,Bata Busia One,Kenya,Nyanza,Busia,0,450,-100.00%,0,159,-100.00%,0.00%,0.35
01/28/2025,136,Bata Busia One,Kenya,Nyanza,Busia,0,180,-100.00%,0,31,-100.00%,0.00%,0.17
01/11/2025,136,Bata Busia One,Kenya,Nyanza,Busia,0,367,-100.00%,0,135,-100.00%,0.00%,0.37
01/29/2025,136,Bata Busia One,Kenya,Nyanza,Busia,0,200,-100.00%,0,46,-100.00%,0.00%,0.23
01/08/2025,136,Bata Busia One,Kenya,Nyanza,Busia,0,679,-100.00%,0,192,-100.00%,0.00%,0.28
02/12/2025,136,Bata Busia One,Kenya,Nyanza,Busia,0,170,-100.00%,0,33,-100.00%,0.00%,0.19
01/24/2025,136,Bata Busia One,Kenya,Nyanza,Busia,0,234,-100.00%,0,50,-100.00%,0.00%,0.21
02/01/2025,136,Bata Busia One,Kenya,Nyanza,Busia,0,283,-100.00%,0,72,-100.00%,0.00%,0.25
01/14/2025,136,Bata Busia One,Kenya,Nyanza,Busia,0,301,-100.00%,0,93,-100.00%,0.00%,0.31
02/25/2025,136,Bata Busia One,Kenya,Nyanza,Busia,0,147,-100.00%,0,38,-100.00%,0.00%,0.26
01/22/2025,136,Bata Busia One,Kenya,Nyanza,Busia,0,154,-100.00%,0,35,-100.00%,0.00%,0.23
02/06/2025,136,Bata Busia One,Kenya,Nyanza,Busia,0,233,-100.00%,0,53,-100.00%,0.00%,0.23
01/16/2025,136,Bata Busia One,Kenya,Nyanza,Busia,0,260,-100.00%,0,63,-100.00%,0.00%,0.24
02/26/2025,136,Bata Busia One,Kenya,Nyanza,Busia,0,206,-100.00%,0,42,-100.00%,0.00%,0.20
01/26/2025,136,Bata Busia One,Kenya,Nyanza,Busia,0,210,-100.00%,0,36,-100.00%,0.00%,0.17
02/16/2025,136,Bata Busia One,Kenya,Nyanza,Busia,0,159,-100.00%,0,33,-100.00%,0.00%,0.21
01/17/2025,136,Bata Busia One,Kenya,Nyanza,Busia,0,204,-100.00%,0,47,-100.00%,0.00%,0.23
03/05/2025,136,Bata Busia One,Kenya,Nyanza,Busia,0,196,-100.00%,0,46,-100.00%,0.00%,0.23
02/02/2025,136,Bata Busia One,Kenya,Nyanza,Busia,0,209,-100.00%,0,46,-100.00%,0.00%,0.22
02/21/2025,136,Bata Busia One,Kenya,Nyanza,Busia,0,164,-100.00%,0,20,-100.00%,0.00%,0.12
01/18/2025,136,Bata Busia One,Kenya,Nyanza,Busia,0,221,-100.00%,0,69,-100.00%,0.00%,0.31
03/06/2025,136,Bata Busia One,Kenya,Nyanza,Busia,0,170,-100.00%,0,38,-100.00%,0.00%,0.22
02/03/2025,136,Bata Busia One,Kenya,Nyanza,Busia,0,225,-100.00%,0,50,-100.00%,0.00%,0.22
02/22/2025,136,Bata Busia One,Kenya,Nyanza,Busia,0,108,-100.00%,0,22,-100.00%,0.00%,0.20
01/19/2025,136,Bata Busia One,Kenya,Nyanza,Busia,0,182,-100.00%,0,40,-100.00%,0.00%,0.22
01/01/2026,136,Bata Busia One,Kenya,Nyanza,Busia,245,0,0.00%,0,0,0.00%,0.00%,0.00
02/04/2025,136,Bata Busia One,Kenya,Nyanza,Busia,0,199,-100.00%,0,51,-100.00%,0.00%,0.26
02/24/2025,136,Bata Busia One,Kenya,Nyanza,Busia,0,158,-100.00%,0,33,-100.00%,0.00%,0.21
01/31/2025,136,Bata Busia One,Kenya,Nyanza,Busia,0,255,-100.00%,0,64,-100.00%,0.00%,0.25
01/04/2026,136,Bata Busia One,Kenya,Nyanza,Busia,876,0,0.00%,117,0,0.00%,13.36%,0.00
02/08/2025,136,Bata Busia One,Kenya,Nyanza,Busia,0,207,-100.00%,0,51,-100.00%,0.00%,0.25
03/09/2025,136,Bata Busia One,Kenya,Nyanza,Busia,0,140,-100.00%,0,25,-100.00%,0.00%,0.18
01/25/2025,136,Bata Busia One,Kenya,Nyanza,Busia,0,193,-100.00%,0,53,-100.00%,0.00%,0.27
01/07/2026,136,Bata Busia One,Kenya,Nyanza,Busia,761,0,0.00%,198,0,0.00%,26.02%,0.00
02/05/2025,136,Bata Busia One,Kenya,Nyanza,Busia,0,156,-100.00%,0,44,-100.00%,0.00%,0.28
01/13/2026,136,Bata Busia One,Kenya,Nyanza,Busia,614,0,0.00%,111,0,0.00%,18.09%,0.00
02/14/2025,136,Bata Busia One,Kenya,Nyanza,Busia,0,208,-100.00%,0,36,-100.00%,0.00%,0.17
01/15/2026,136,Bata Busia One,Kenya,Nyanza,Busia,421,0,0.00%,86,0,0.00%,20.45%,0.00
02/11/2025,136,Bata Busia One,Kenya,Nyanza,Busia,0,176,-100.00%,0,39,-100.00%,0.00%,0.22
01/21/2026,136,Bata Busia One,Kenya,Nyanza,Busia,188,0,0.00%,46,0,0.00%,24.53%,0.00
01/30/2025,136,Bata Busia One,Kenya,Nyanza,Busia,0,232,-100.00%,0,57,-100.00%,0.00%,0.25
01/17/2026,136,Bata Busia One,Kenya,Nyanza,Busia,333,0,0.00%,72,0,0.00%,21.65%,0.00
02/15/2025,136,Bata Busia One,Kenya,Nyanza,Busia,0,241,-100.00%,0,35,-100.00%,0.00%,0.15
01/26/2026,136,Bata Busia One,Kenya,Nyanza,Busia,283,0,0.00%,12,0,0.00%,4.25%,0.00
02/19/2025,136,Bata Busia One,Kenya,Nyanza,Busia,0,153,-100.00%,0,40,-100.00%,0.00%,0.26
01/23/2026,136,Bata Busia One,Kenya,Nyanza,Busia,179,0,0.00%,36,0,0.00%,20.17%,0.00
02/13/2025,136,Bata Busia One,Kenya,Nyanza,Busia,0,182,-100.00%,0,40,-100.00%,0.00%,0.22
01/27/2026,136,Bata Busia One,Kenya,Nyanza,Busia,187,0,0.00%,41,0,0.00%,21.98%,0.00
02/07/2025,136,Bata Busia One,Kenya,Nyanza,Busia,0,187,-100.00%,0,44,-100.00%,0.00%,0.24
02/05/2026,136,Bata Busia One,Kenya,Nyanza,Busia,171,0,0.00%,32,0,0.00%,18.71%,0.00
02/17/2025,136,Bata Busia One,Kenya,Nyanza,Busia,0,179,-100.00%,0,36,-100.00%,0.00%,0.20
02/12/2026,136,Bata Busia One,Kenya,Nyanza,Busia,147,0,0.00%,26,0,0.00%,17.69%,0.00
02/27/2025,136,Bata Busia One,Kenya,Nyanza,Busia,0,300,-100.00%,0,64,-100.00%,0.00%,0.21
02/07/2026,136,Bata Busia One,Kenya,Nyanza,Busia,252,0,0.00%,59,0,0.00%,23.46%,0.00
03/04/2025,136,Bata Busia One,Kenya,Nyanza,Busia,0,226,-100.00%,0,63,-100.00%,0.00%,0.28
02/14/2026,136,Bata Busia One,Kenya,Nyanza,Busia,235,0,0.00%,34,0,0.00%,14.50%,0.00
02/09/2025,136,Bata Busia One,Kenya,Nyanza,Busia,0,187,-100.00%,0,64,-100.00%,0.00%,0.34
02/10/2026,136,Bata Busia One,Kenya,Nyanza,Busia,173,0,0.00%,38,0,0.00%,22.03%,0.00
02/20/2025,136,Bata Busia One,Kenya,Nyanza,Busia,0,174,-100.00%,0,24,-100.00%,0.00%,0.14
02/17/2026,136,Bata Busia One,Kenya,Nyanza,Busia,170,0,0.00%,26,0,0.00%,15.34%,0.00
03/01/2025,136,Bata Busia One,Kenya,Nyanza,Busia,0,371,-100.00%,0,84,-100.00%,0.00%,0.23
02/15/2026,136,Bata Busia One,Kenya,Nyanza,Busia,164,0,0.00%,23,0,0.00%,14.02%,0.00
03/07/2025,136,Bata Busia One,Kenya,Nyanza,Busia,0,160,-100.00%,0,30,-100.00%,0.00%,0.19
02/19/2026,136,Bata Busia One,Kenya,Nyanza,Busia,14,0,0.00%,35,0,0.00%,259.26%,0.00
02/10/2025,136,Bata Busia One,Kenya,Nyanza,Busia,0,214,-100.00%,0,51,-100.00%,0.00%,0.24
02/18/2026,136,Bata Busia One,Kenya,Nyanza,Busia,149,0,0.00%,30,0,0.00%,20.13%,0.00
02/28/2025,136,Bata Busia One,Kenya,Nyanza,Busia,0,251,-100.00%,0,60,-100.00%,0.00%,0.24
02/25/2026,136,Bata Busia One,Kenya,Nyanza,Busia,170,0,0.00%,0,0,0.00%,0.00%,0.00
03/02/2025,136,Bata Busia One,Kenya,Nyanza,Busia,0,249,-100.00%,0,47,-100.00%,0.00%,0.19
02/24/2026,136,Bata Busia One,Kenya,Nyanza,Busia,159,0,0.00%,0,0,0.00%,0.00%,0.00
01/05/2026,136,Bata Busia One,Kenya,Nyanza,Busia,1522,0,0.00%,374,0,0.00%,24.57%,0.00
02/28/2026,136,Bata Busia One,Kenya,Nyanza,Busia,228,0,0.00%,65,0,0.00%,28.57%,0.00
02/18/2025,136,Bata Busia One,Kenya,Nyanza,Busia,0,171,-100.00%,0,28,-100.00%,0.00%,0.16
03/02/2026,136,Bata Busia One,Kenya,Nyanza,Busia,342,0,0.00%,98,0,0.00%,28.65%,0.00
03/08/2025,136,Bata Busia One,Kenya,Nyanza,Busia,0,187,-100.00%,0,50,-100.00%,0.00%,0.27
03/05/2026,136,Bata Busia One,Kenya,Nyanza,Busia,128,0,0.00%,32,0,0.00%,25.00%,0.00
01/03/2026,136,Bata Busia One,Kenya,Nyanza,Busia,668,0,0.00%,170,0,0.00%,25.47%,0.00
01/06/2026,136,Bata Busia One,Kenya,Nyanza,Busia,1057,0,0.00%,231,0,0.00%,21.85%,0.00
02/23/2025,136,Bata Busia One,Kenya,Nyanza,Busia,0,160,-100.00%,0,22,-100.00%,0.00%,0.14
01/09/2026,136,Bata Busia One,Kenya,Nyanza,Busia,685,0,0.00%,191,0,0.00%,27.88%,0.00
01/08/2026,136,Bata Busia One,Kenya,Nyanza,Busia,699,0,0.00%,157,0,0.00%,22.46%,0.00
01/11/2026,136,Bata Busia One,Kenya,Nyanza,Busia,537,0,0.00%,125,0,0.00%,23.28%,0.00
03/03/2025,136,Bata Busia One,Kenya,Nyanza,Busia,0,321,-100.00%,0,98,-100.00%,0.00%,0.31
01/20/2026,136,Bata Busia One,Kenya,Nyanza,Busia,223,0,0.00%,46,0,0.00%,20.63%,0.00
01/19/2026,136,Bata Busia One,Kenya,Nyanza,Busia,309,0,0.00%,40,0,0.00%,12.97%,0.00
01/16/2026,136,Bata Busia One,Kenya,Nyanza,Busia,310,0,0.00%,58,0,0.00%,18.71%,0.00
01/02/2026,136,Bata Busia One,Kenya,Nyanza,Busia,634,0,0.00%,159,0,0.00%,25.10%,0.00
01/25/2026,136,Bata Busia One,Kenya,Nyanza,Busia,178,0,0.00%,35,0,0.00%,19.66%,0.00
01/29/2026,136,Bata Busia One,Kenya,Nyanza,Busia,178,0,0.00%,31,0,0.00%,17.42%,0.00
01/18/2026,136,Bata Busia One,Kenya,Nyanza,Busia,317,0,0.00%,40,0,0.00%,12.62%,0.00
01/10/2026,136,Bata Busia One,Kenya,Nyanza,Busia,868,0,0.00%,146,0,0.00%,16.82%,0.00
01/31/2026,136,Bata Busia One,Kenya,Nyanza,Busia,196,0,0.00%,51,0,0.00%,26.02%,0.00
02/01/2026,136,Bata Busia One,Kenya,Nyanza,Busia,199,0,0.00%,33,0,0.00%,16.62%,0.00
01/24/2026,136,Bata Busia One,Kenya,Nyanza,Busia,245,0,0.00%,45,0,0.00%,18.37%,0.00
01/12/2026,136,Bata Busia One,Kenya,Nyanza,Busia,1094,0,0.00%,241,0,0.00%,22.04%,0.00
02/02/2026,136,Bata Busia One,Kenya,Nyanza,Busia,216,0,0.00%,60,0,0.00%,27.78%,0.00
02/03/2026,136,Bata Busia One,Kenya,Nyanza,Busia,153,0,0.00%,42,0,0.00%,27.45%,0.00
02/09/2026,136,Bata Busia One,Kenya,Nyanza,Busia,267,0,0.00%,51,0,0.00%,19.14%,0.00
01/14/2026,136,Bata Busia One,Kenya,Nyanza,Busia,531,0,0.00%,114,0,0.00%,21.47%,0.00
02/13/2026,136,Bata Busia One,Kenya,Nyanza,Busia,205,0,0.00%,46,0,0.00%,22.44%,0.00
02/04/2026,136,Bata Busia One,Kenya,Nyanza,Busia,181,0,0.00%,22,0,0.00%,12.15%,0.00
02/11/2026,136,Bata Busia One,Kenya,Nyanza,Busia,161,0,0.00%,33,0,0.00%,20.56%,0.00
01/22/2026,136,Bata Busia One,Kenya,Nyanza,Busia,219,0,0.00%,48,0,0.00%,21.92%,0.00
02/16/2026,136,Bata Busia One,Kenya,Nyanza,Busia,331,0,0.00%,43,0,0.00%,13.01%,0.00
02/06/2026,136,Bata Busia One,Kenya,Nyanza,Busia,212,0,0.00%,50,0,0.00%,23.58%,0.00
02/22/2026,136,Bata Busia One,Kenya,Nyanza,Busia,165,0,0.00%,23,0,0.00%,13.98%,0.00
01/28/2026,136,Bata Busia One,Kenya,Nyanza,Busia,198,0,0.00%,45,0,0.00%,22.78%,0.00
02/23/2026,136,Bata Busia One,Kenya,Nyanza,Busia,171,0,0.00%,41,0,0.00%,23.98%,0.00
02/20/2026,136,Bata Busia One,Kenya,Nyanza,Busia,143,0,0.00%,36,0,0.00%,25.26%,0.00
02/27/2026,136,Bata Busia One,Kenya,Nyanza,Busia,197,0,0.00%,54,0,0.00%,27.41%,0.00
01/30/2026,136,Bata Busia One,Kenya,Nyanza,Busia,174,0,0.00%,43,0,0.00%,24.71%,0.00
03/01/2026,136,Bata Busia One,Kenya,Nyanza,Busia,268,0,0.00%,77,0,0.00%,28.79%,0.00
02/08/2026,136,Bata Busia One,Kenya,Nyanza,Busia,209,0,0.00%,34,0,0.00%,16.27%,0.00
03/04/2026,136,Bata Busia One,Kenya,Nyanza,Busia,153,0,0.00%,28,0,0.00%,18.36%,0.00
02/21/2026,136,Bata Busia One,Kenya,Nyanza,Busia,160,0,0.00%,43,0,0.00%,26.88%,0.00
03/03/2026,136,Bata Busia One,Kenya,Nyanza,Busia,249,0,0.00%,51,0,0.00%,20.52%,0.00
02/26/2026,136,Bata Busia One,Kenya,Nyanza,Busia,193,0,0.00%,79,0,0.00%,40.93%,0.00
03/07/2026,136,Bata Busia One,Kenya,Nyanza,Busia,161,0,0.00%,39,0,0.00%,24.22%,0.00
03/06/2026,136,Bata Busia One,Kenya,Nyanza,Busia,124,0,0.00%,31,0,0.00%,25.00%,0.00
03/08/2026,136,Bata Busia One,Kenya,Nyanza,Busia,131,0,0.00%,30,0,0.00%,22.99%,0.00
03/09/2026,136,Bata Busia One,Kenya,Nyanza,Busia,37,0,0.00%,0,0,0.00%,0.00%,0.00
01/01/2025,18,Bata Capital,Kenya,Nairobi East,Nairobi,0,502,-100.00%,0,0,0.00%,0.00%,0.00
01/02/2025,18,Bata Capital,Kenya,Nairobi East,Nairobi,0,675,-100.00%,0,0,0.00%,0.00%,0.00
01/04/2025,18,Bata Capital,Kenya,Nairobi East,Nairobi,0,1194,-100.00%,0,342,-100.00%,0.00%,0.29
01/07/2025,18,Bata Capital,Kenya,Nairobi East,Nairobi,0,1174,-100.00%,0,233,-100.00%,0.00%,0.20
01/11/2025,18,Bata Capital,Kenya,Nairobi East,Nairobi,0,0,0.00%,0,99,-100.00%,0.00%,0.00
01/06/2025,18,Bata Capital,Kenya,Nairobi East,Nairobi,0,1682,-100.00%,0,279,-100.00%,0.00%,0.17
01/05/2025,18,Bata Capital,Kenya,Nairobi East,Nairobi,0,1500,-100.00%,0,258,-100.00%,0.00%,0.17
01/03/2025,18,Bata Capital,Kenya,Nairobi East,Nairobi,0,757,-100.00%,0,117,-100.00%,0.00%,0.15
01/16/2025,18,Bata Capital,Kenya,Nairobi East,Nairobi,0,284,-100.00%,0,44,-100.00%,0.00%,0.15
01/12/2025,18,Bata Capital,Kenya,Nairobi East,Nairobi,0,0,0.00%,0,145,-100.00%,0.00%,0.00
01/21/2025,18,Bata Capital,Kenya,Nairobi East,Nairobi,0,305,-100.00%,0,46,-100.00%,0.00%,0.15
01/10/2025,18,Bata Capital,Kenya,Nairobi East,Nairobi,0,0,0.00%,0,72,-100.00%,0.00%,0.00
01/17/2025,18,Bata Capital,Kenya,Nairobi East,Nairobi,0,311,-100.00%,0,50,-100.00%,0.00%,0.16
01/08/2025,18,Bata Capital,Kenya,Nairobi East,Nairobi,0,0,0.00%,0,160,-100.00%,0.00%,0.00
02/08/2025,18,Bata Capital,Kenya,Nairobi East,Nairobi,0,462,-100.00%,0,71,-100.00%,0.00%,0.15
01/09/2025,18,Bata Capital,Kenya,Nairobi East,Nairobi,0,0,0.00%,0,104,-100.00%,0.00%,0.00
01/22/2025,18,Bata Capital,Kenya,Nairobi East,Nairobi,0,310,-100.00%,0,55,-100.00%,0.00%,0.18
01/23/2025,18,Bata Capital,Kenya,Nairobi East,Nairobi,0,311,-100.00%,0,56,-100.00%,0.00%,0.18
02/18/2025,18,Bata Capital,Kenya,Nairobi East,Nairobi,0,310,-100.00%,0,49,-100.00%,0.00%,0.16
01/13/2025,18,Bata Capital,Kenya,Nairobi East,Nairobi,0,558,-100.00%,0,96,-100.00%,0.00%,0.17
01/24/2025,18,Bata Capital,Kenya,Nairobi East,Nairobi,0,321,-100.00%,0,51,-100.00%,0.00%,0.16
01/25/2025,18,Bata Capital,Kenya,Nairobi East,Nairobi,0,436,-100.00%,0,70,-100.00%,0.00%,0.16
02/19/2025,18,Bata Capital,Kenya,Nairobi East,Nairobi,0,303,-100.00%,0,44,-100.00%,0.00%,0.15
01/14/2025,18,Bata Capital,Kenya,Nairobi East,Nairobi,0,434,-100.00%,0,76,-100.00%,0.00%,0.18
01/27/2025,18,Bata Capital,Kenya,Nairobi East,Nairobi,0,374,-100.00%,0,0,0.00%,0.00%,0.00
01/26/2025,18,Bata Capital,Kenya,Nairobi East,Nairobi,0,476,-100.00%,0,68,-100.00%,0.00%,0.14
02/24/2025,18,Bata Capital,Kenya,Nairobi East,Nairobi,0,228,-100.00%,0,30,-100.00%,0.00%,0.13
01/15/2025,18,Bata Capital,Kenya,Nairobi East,Nairobi,0,393,-100.00%,0,72,-100.00%,0.00%,0.18
01/30/2025,18,Bata Capital,Kenya,Nairobi East,Nairobi,0,336,-100.00%,0,112,-100.00%,0.00%,0.33
02/02/2025,18,Bata Capital,Kenya,Nairobi East,Nairobi,0,621,-100.00%,0,107,-100.00%,0.00%,0.17
03/01/2025,18,Bata Capital,Kenya,Nairobi East,Nairobi,0,478,-100.00%,0,84,-100.00%,0.00%,0.18
01/19/2025,18,Bata Capital,Kenya,Nairobi East,Nairobi,0,587,-100.00%,0,74,-100.00%,0.00%,0.13
02/01/2025,18,Bata Capital,Kenya,Nairobi East,Nairobi,0,479,-100.00%,0,72,-100.00%,0.00%,0.15
01/28/2025,18,Bata Capital,Kenya,Nairobi East,Nairobi,0,303,-100.00%,0,0,0.00%,0.00%,0.00
03/06/2025,18,Bata Capital,Kenya,Nairobi East,Nairobi,0,342,-100.00%,0,58,-100.00%,0.00%,0.17
01/18/2025,18,Bata Capital,Kenya,Nairobi East,Nairobi,0,507,-100.00%,0,78,-100.00%,0.00%,0.15
02/07/2025,18,Bata Capital,Kenya,Nairobi East,Nairobi,0,319,-100.00%,0,60,-100.00%,0.00%,0.19
02/04/2025,18,Bata Capital,Kenya,Nairobi East,Nairobi,0,294,-100.00%,0,43,-100.00%,0.00%,0.15
03/07/2025,18,Bata Capital,Kenya,Nairobi East,Nairobi,0,347,-100.00%,0,66,-100.00%,0.00%,0.19
02/09/2025,18,Bata Capital,Kenya,Nairobi East,Nairobi,0,384,-100.00%,0,56,-100.00%,0.00%,0.15
02/22/2025,18,Bata Capital,Kenya,Nairobi East,Nairobi,0,389,-100.00%,0,54,-100.00%,0.00%,0.14
01/29/2025,18,Bata Capital,Kenya,Nairobi East,Nairobi,0,449,-100.00%,0,112,-100.00%,0.00%,0.25
01/03/2026,18,Bata Capital,Kenya,Nairobi East,Nairobi,1020,0,0.00%,151,0,0.00%,14.80%,0.00
01/20/2025,18,Bata Capital,Kenya,Nairobi East,Nairobi,0,325,-100.00%,0,48,-100.00%,0.00%,0.15
02/23/2025,18,Bata Capital,Kenya,Nairobi East,Nairobi,0,374,-100.00%,0,59,-100.00%,0.00%,0.16
02/15/2025,18,Bata Capital,Kenya,Nairobi East,Nairobi,0,358,-100.00%,0,43,-100.00%,0.00%,0.12
01/16/2026,18,Bata Capital,Kenya,Nairobi East,Nairobi,309,0,0.00%,55,0,0.00%,17.80%,0.00
02/12/2025,18,Bata Capital,Kenya,Nairobi East,Nairobi,0,352,-100.00%,0,41,-100.00%,0.00%,0.12
02/28/2025,18,Bata Capital,Kenya,Nairobi East,Nairobi,0,295,-100.00%,0,56,-100.00%,0.00%,0.19
02/03/2025,18,Bata Capital,Kenya,Nairobi East,Nairobi,0,274,-100.00%,0,38,-100.00%,0.00%,0.14
01/21/2026,18,Bata Capital,Kenya,Nairobi East,Nairobi,352,0,0.00%,57,0,0.00%,16.19%,0.00
01/31/2025,18,Bata Capital,Kenya,Nairobi East,Nairobi,0,358,-100.00%,0,54,-100.00%,0.00%,0.15
03/02/2025,18,Bata Capital,Kenya,Nairobi East,Nairobi,0,605,-100.00%,0,114,-100.00%,0.00%,0.19
02/20/2025,18,Bata Capital,Kenya,Nairobi East,Nairobi,0,285,-100.00%,0,41,-100.00%,0.00%,0.14
01/23/2026,18,Bata Capital,Kenya,Nairobi East,Nairobi,348,0,0.00%,52,0,0.00%,14.96%,0.00
02/14/2025,18,Bata Capital,Kenya,Nairobi East,Nairobi,0,412,-100.00%,0,71,-100.00%,0.00%,0.17
03/08/2025,18,Bata Capital,Kenya,Nairobi East,Nairobi,0,530,-100.00%,0,83,-100.00%,0.00%,0.16
02/05/2025,18,Bata Capital,Kenya,Nairobi East,Nairobi,0,286,-100.00%,0,46,-100.00%,0.00%,0.16
02/03/2026,18,Bata Capital,Kenya,Nairobi East,Nairobi,300,0,0.00%,44,0,0.00%,14.69%,0.00
02/06/2025,18,Bata Capital,Kenya,Nairobi East,Nairobi,0,276,-100.00%,0,50,-100.00%,0.00%,0.18
01/01/2026,18,Bata Capital,Kenya,Nairobi East,Nairobi,299,0,0.00%,0,0,0.00%,0.00%,0.00
02/25/2025,18,Bata Capital,Kenya,Nairobi East,Nairobi,0,284,-100.00%,0,46,-100.00%,0.00%,0.16
02/27/2026,18,Bata Capital,Kenya,Nairobi East,Nairobi,387,0,0.00%,62,0,0.00%,16.02%,0.00
02/17/2025,18,Bata Capital,Kenya,Nairobi East,Nairobi,0,236,-100.00%,0,41,-100.00%,0.00%,0.17
01/07/2026,18,Bata Capital,Kenya,Nairobi East,Nairobi,811,0,0.00%,144,0,0.00%,17.77%,0.00
02/10/2025,18,Bata Capital,Kenya,Nairobi East,Nairobi,0,270,-100.00%,0,39,-100.00%,0.00%,0.14
03/04/2026,18,Bata Capital,Kenya,Nairobi East,Nairobi,300,0,0.00%,59,0,0.00%,19.70%,0.00
02/11/2025,18,Bata Capital,Kenya,Nairobi East,Nairobi,0,278,-100.00%,0,46,-100.00%,0.00%,0.17
01/30/2026,18,Bata Capital,Kenya,Nairobi East,Nairobi,319,0,0.00%,49,0,0.00%,15.38%,0.00
03/05/2025,18,Bata Capital,Kenya,Nairobi East,Nairobi,0,343,-100.00%,0,66,-100.00%,0.00%,0.19
02/07/2026,18,Bata Capital,Kenya,Nairobi East,Nairobi,341,0,0.00%,55,0,0.00%,16.15%,0.00
03/03/2025,18,Bata Capital,Kenya,Nairobi East,Nairobi,0,440,-100.00%,0,101,-100.00%,0.00%,0.23
02/10/2026,18,Bata Capital,Kenya,Nairobi East,Nairobi,294,0,0.00%,31,0,0.00%,10.54%,0.00
02/26/2025,18,Bata Capital,Kenya,Nairobi East,Nairobi,0,311,-100.00%,0,52,-100.00%,0.00%,0.17
02/12/2026,18,Bata Capital,Kenya,Nairobi East,Nairobi,248,0,0.00%,44,0,0.00%,17.74%,0.00
02/13/2025,18,Bata Capital,Kenya,Nairobi East,Nairobi,0,359,-100.00%,0,56,-100.00%,0.00%,0.16
02/13/2026,18,Bata Capital,Kenya,Nairobi East,Nairobi,300,0,0.00%,55,0,0.00%,18.33%,0.00
01/06/2026,18,Bata Capital,Kenya,Nairobi East,Nairobi,1333,0,0.00%,201,0,0.00%,15.08%,0.00
02/18/2026,18,Bata Capital,Kenya,Nairobi East,Nairobi,216,0,0.00%,38,0,0.00%,17.63%,0.00
01/04/2026,18,Bata Capital,Kenya,Nairobi East,Nairobi,1417,0,0.00%,186,0,0.00%,13.13%,0.00
02/26/2026,18,Bata Capital,Kenya,Nairobi East,Nairobi,446,0,0.00%,64,0,0.00%,14.37%,0.00
01/10/2026,18,Bata Capital,Kenya,Nairobi East,Nairobi,1156,0,0.00%,119,0,0.00%,10.29%,0.00
03/03/2026,18,Bata Capital,Kenya,Nairobi East,Nairobi,379,0,0.00%,75,0,0.00%,19.79%,0.00
02/16/2025,18,Bata Capital,Kenya,Nairobi East,Nairobi,0,439,-100.00%,0,62,-100.00%,0.00%,0.14
01/14/2026,18,Bata Capital,Kenya,Nairobi East,Nairobi,486,0,0.00%,88,0,0.00%,18.11%,0.00
01/09/2026,18,Bata Capital,Kenya,Nairobi East,Nairobi,627,0,0.00%,98,0,0.00%,15.64%,0.00
01/11/2026,18,Bata Capital,Kenya,Nairobi East,Nairobi,1327,0,0.00%,159,0,0.00%,11.98%,0.00
02/21/2025,18,Bata Capital,Kenya,Nairobi East,Nairobi,0,278,-100.00%,0,40,-100.00%,0.00%,0.14
01/17/2026,18,Bata Capital,Kenya,Nairobi East,Nairobi,423,0,0.00%,55,0,0.00%,13.02%,0.00
01/12/2026,18,Bata Capital,Kenya,Nairobi East,Nairobi,672,0,0.00%,103,0,0.00%,15.33%,0.00
01/13/2026,18,Bata Capital,Kenya,Nairobi East,Nairobi,540,0,0.00%,93,0,0.00%,17.24%,0.00
02/27/2025,18,Bata Capital,Kenya,Nairobi East,Nairobi,0,317,-100.00%,0,64,-100.00%,0.00%,0.20
01/20/2026,18,Bata Capital,Kenya,Nairobi East,Nairobi,278,0,0.00%,36,0,0.00%,12.95%,0.00
01/19/2026,18,Bata Capital,Kenya,Nairobi East,Nairobi,266,0,0.00%,45,0,0.00%,16.95%,0.00
01/18/2026,18,Bata Capital,Kenya,Nairobi East,Nairobi,641,0,0.00%,73,0,0.00%,11.40%,0.00
03/04/2025,18,Bata Capital,Kenya,Nairobi East,Nairobi,0,296,-100.00%,0,53,-100.00%,0.00%,0.18
01/22/2026,18,Bata Capital,Kenya,Nairobi East,Nairobi,349,0,0.00%,60,0,0.00%,17.22%,0.00
01/25/2026,18,Bata Capital,Kenya,Nairobi East,Nairobi,529,0,0.00%,64,0,0.00%,12.10%,0.00
01/26/2026,18,Bata Capital,Kenya,Nairobi East,Nairobi,307,0,0.00%,0,0,0.00%,0.00%,0.00
03/09/2025,18,Bata Capital,Kenya,Nairobi East,Nairobi,0,502,-100.00%,0,73,-100.00%,0.00%,0.15
01/27/2026,18,Bata Capital,Kenya,Nairobi East,Nairobi,276,0,0.00%,50,0,0.00%,18.15%,0.00
02/02/2026,18,Bata Capital,Kenya,Nairobi East,Nairobi,270,0,0.00%,47,0,0.00%,17.41%,0.00
01/31/2026,18,Bata Capital,Kenya,Nairobi East,Nairobi,424,0,0.00%,54,0,0.00%,12.74%,0.00
01/02/2026,18,Bata Capital,Kenya,Nairobi East,Nairobi,722,0,0.00%,108,0,0.00%,14.97%,0.00
01/28/2026,18,Bata Capital,Kenya,Nairobi East,Nairobi,290,0,0.00%,42,0,0.00%,14.51%,0.00
02/05/2026,18,Bata Capital,Kenya,Nairobi East,Nairobi,289,0,0.00%,53,0,0.00%,18.37%,0.00
02/09/2026,18,Bata Capital,Kenya,Nairobi East,Nairobi,243,0,0.00%,40,0,0.00%,16.49%,0.00
01/05/2026,18,Bata Capital,Kenya,Nairobi East,Nairobi,1527,0,0.00%,232,0,0.00%,15.19%,0.00
02/04/2026,18,Bata Capital,Kenya,Nairobi East,Nairobi,299,0,0.00%,51,0,0.00%,17.09%,0.00
02/15/2026,18,Bata Capital,Kenya,Nairobi East,Nairobi,381,0,0.00%,62,0,0.00%,16.29%,0.00
02/14/2026,18,Bata Capital,Kenya,Nairobi East,Nairobi,429,0,0.00%,64,0,0.00%,14.94%,0.00
01/08/2026,18,Bata Capital,Kenya,Nairobi East,Nairobi,693,0,0.00%,110,0,0.00%,15.88%,0.00
02/20/2026,18,Bata Capital,Kenya,Nairobi East,Nairobi,259,0,0.00%,38,0,0.00%,14.67%,0.00
02/23/2026,18,Bata Capital,Kenya,Nairobi East,Nairobi,234,0,0.00%,40,0,0.00%,17.13%,0.00
02/16/2026,18,Bata Capital,Kenya,Nairobi East,Nairobi,268,0,0.00%,30,0,0.00%,11.21%,0.00
01/15/2026,18,Bata Capital,Kenya,Nairobi East,Nairobi,469,0,0.00%,71,0,0.00%,15.15%,0.00
02/21/2026,18,Bata Capital,Kenya,Nairobi East,Nairobi,315,0,0.00%,53,0,0.00%,16.85%,0.00
02/28/2026,18,Bata Capital,Kenya,Nairobi East,Nairobi,443,0,0.00%,65,0,0.00%,14.67%,0.00
02/19/2026,18,Bata Capital,Kenya,Nairobi East,Nairobi,248,0,0.00%,37,0,0.00%,14.95%,0.00
01/24/2026,18,Bata Capital,Kenya,Nairobi East,Nairobi,370,0,0.00%,44,0,0.00%,11.89%,0.00
03/05/2026,18,Bata Capital,Kenya,Nairobi East,Nairobi,281,0,0.00%,46,0,0.00%,16.37%,0.00
03/01/2026,18,Bata Capital,Kenya,Nairobi East,Nairobi,735,0,0.00%,118,0,0.00%,16.07%,0.00
02/24/2026,18,Bata Capital,Kenya,Nairobi East,Nairobi,239,0,0.00%,33,0,0.00%,13.84%,0.00
01/29/2026,18,Bata Capital,Kenya,Nairobi East,Nairobi,361,0,0.00%,57,0,0.00%,15.79%,0.00
03/06/2026,18,Bata Capital,Kenya,Nairobi East,Nairobi,348,0,0.00%,58,0,0.00%,16.69%,0.00
02/01/2026,18,Bata Capital,Kenya,Nairobi East,Nairobi,590,0,0.00%,82,0,0.00%,13.91%,0.00
03/07/2026,18,Bata Capital,Kenya,Nairobi East,Nairobi,488,0,0.00%,80,0,0.00%,16.39%,0.00
02/06/2026,18,Bata Capital,Kenya,Nairobi East,Nairobi,288,0,0.00%,40,0,0.00%,13.91%,0.00
03/08/2026,18,Bata Capital,Kenya,Nairobi East,Nairobi,726,0,0.00%,109,0,0.00%,15.01%,0.00
02/08/2026,18,Bata Capital,Kenya,Nairobi East,Nairobi,470,0,0.00%,65,0,0.00%,13.84%,0.00
03/09/2026,18,Bata Capital,Kenya,Nairobi East,Nairobi,21,0,0.00%,0,0,0.00%,0.00%,0.00
02/11/2026,18,Bata Capital,Kenya,Nairobi East,Nairobi,259,0,0.00%,49,0,0.00%,18.96%,0.00
02/17/2026,18,Bata Capital,Kenya,Nairobi East,Nairobi,243,0,0.00%,44,0,0.00%,18.14%,0.00
02/22/2026,18,Bata Capital,Kenya,Nairobi East,Nairobi,377,0,0.00%,51,0,0.00%,13.55%,0.00
02/25/2026,18,Bata Capital,Kenya,Nairobi East,Nairobi,305,0,0.00%,43,0,0.00%,14.12%,0.00
03/02/2026,18,Bata Capital,Kenya,Nairobi East,Nairobi,479,0,0.00%,116,0,0.00%,24.22%,0.00
01/03/2025,13,Bata CD Outlet,Kenya,Nairobi West,Limuru,0,1757,-100.00%,0,419,-100.00%,0.00%,0.24
01/07/2025,13,Bata CD Outlet,Kenya,Nairobi West,Limuru,0,1631,-100.00%,0,478,-100.00%,0.00%,0.29
01/09/2025,13,Bata CD Outlet,Kenya,Nairobi West,Limuru,0,598,-100.00%,0,173,-100.00%,0.00%,0.29
01/01/2025,13,Bata CD Outlet,Kenya,Nairobi West,Limuru,0,510,-100.00%,0,0,0.00%,0.00%,0.00
01/06/2025,13,Bata CD Outlet,Kenya,Nairobi West,Limuru,0,1935,-100.00%,0,542,-100.00%,0.00%,0.28
01/16/2025,13,Bata CD Outlet,Kenya,Nairobi West,Limuru,0,330,-100.00%,0,92,-100.00%,0.00%,0.28
01/20/2025,13,Bata CD Outlet,Kenya,Nairobi West,Limuru,0,330,-100.00%,0,90,-100.00%,0.00%,0.27
01/05/2025,13,Bata CD Outlet,Kenya,Nairobi West,Limuru,0,1358,-100.00%,0,295,-100.00%,0.00%,0.22
01/08/2025,13,Bata CD Outlet,Kenya,Nairobi West,Limuru,0,1123,-100.00%,0,321,-100.00%,0.00%,0.29
01/10/2025,13,Bata CD Outlet,Kenya,Nairobi West,Limuru,0,490,-100.00%,0,127,-100.00%,0.00%,0.26
01/23/2025,13,Bata CD Outlet,Kenya,Nairobi West,Limuru,0,343,-100.00%,0,88,-100.00%,0.00%,0.26
01/02/2025,13,Bata CD Outlet,Kenya,Nairobi West,Limuru,0,1372,-100.00%,0,421,-100.00%,0.00%,0.31
01/13/2025,13,Bata CD Outlet,Kenya,Nairobi West,Limuru,0,585,-100.00%,0,154,-100.00%,0.00%,0.26
01/19/2025,13,Bata CD Outlet,Kenya,Nairobi West,Limuru,0,330,-100.00%,0,82,-100.00%,0.00%,0.25
01/28/2025,13,Bata CD Outlet,Kenya,Nairobi West,Limuru,0,402,-100.00%,0,78,-100.00%,0.00%,0.19
01/11/2025,13,Bata CD Outlet,Kenya,Nairobi West,Limuru,0,933,-100.00%,0,245,-100.00%,0.00%,0.26
01/22/2025,13,Bata CD Outlet,Kenya,Nairobi West,Limuru,0,325,-100.00%,0,91,-100.00%,0.00%,0.28
01/12/2025,13,Bata CD Outlet,Kenya,Nairobi West,Limuru,0,443,-100.00%,0,89,-100.00%,0.00%,0.20
02/03/2025,13,Bata CD Outlet,Kenya,Nairobi West,Limuru,0,303,-100.00%,0,100,-100.00%,0.00%,0.33
01/04/2025,13,Bata CD Outlet,Kenya,Nairobi West,Limuru,0,2429,-100.00%,0,590,-100.00%,0.00%,0.24
01/24/2025,13,Bata CD Outlet,Kenya,Nairobi West,Limuru,0,323,-100.00%,0,65,-100.00%,0.00%,0.20
01/30/2025,13,Bata CD Outlet,Kenya,Nairobi West,Limuru,0,348,-100.00%,0,150,-100.00%,0.00%,0.43
02/21/2025,13,Bata CD Outlet,Kenya,Nairobi West,Limuru,0,288,-100.00%,0,73,-100.00%,0.00%,0.25
01/14/2025,13,Bata CD Outlet,Kenya,Nairobi West,Limuru,0,486,-100.00%,0,127,-100.00%,0.00%,0.26
02/01/2025,13,Bata CD Outlet,Kenya,Nairobi West,Limuru,0,629,-100.00%,0,206,-100.00%,0.00%,0.33
01/18/2025,13,Bata CD Outlet,Kenya,Nairobi West,Limuru,0,522,-100.00%,0,166,-100.00%,0.00%,0.32
02/26/2025,13,Bata CD Outlet,Kenya,Nairobi West,Limuru,0,420,-100.00%,0,103,-100.00%,0.00%,0.25
01/15/2025,13,Bata CD Outlet,Kenya,Nairobi West,Limuru,0,416,-100.00%,0,117,-100.00%,0.00%,0.28
02/04/2025,13,Bata CD Outlet,Kenya,Nairobi West,Limuru,0,265,-100.00%,0,87,-100.00%,0.00%,0.33
02/14/2025,13,Bata CD Outlet,Kenya,Nairobi West,Limuru,0,429,-100.00%,0,100,-100.00%,0.00%,0.23
03/01/2025,13,Bata CD Outlet,Kenya,Nairobi West,Limuru,0,696,-100.00%,0,237,-100.00%,0.00%,0.34
01/21/2025,13,Bata CD Outlet,Kenya,Nairobi West,Limuru,0,311,-100.00%,0,102,-100.00%,0.00%,0.33
02/07/2025,13,Bata CD Outlet,Kenya,Nairobi West,Limuru,0,379,-100.00%,0,102,-100.00%,0.00%,0.27
01/31/2025,13,Bata CD Outlet,Kenya,Nairobi West,Limuru,0,413,-100.00%,0,130,-100.00%,0.00%,0.31
01/05/2026,13,Bata CD Outlet,Kenya,Nairobi West,Limuru,3038,0,0.00%,804,0,0.00%,26.46%,0.00
01/17/2025,13,Bata CD Outlet,Kenya,Nairobi West,Limuru,0,346,-100.00%,0,89,-100.00%,0.00%,0.26
02/09/2025,13,Bata CD Outlet,Kenya,Nairobi West,Limuru,0,277,-100.00%,0,65,-100.00%,0.00%,0.23
02/17/2025,13,Bata CD Outlet,Kenya,Nairobi West,Limuru,0,362,-100.00%,0,73,-100.00%,0.00%,0.20
01/10/2026,13,Bata CD Outlet,Kenya,Nairobi West,Limuru,2543,0,0.00%,573,0,0.00%,22.54%,0.00
01/27/2025,13,Bata CD Outlet,Kenya,Nairobi West,Limuru,0,386,-100.00%,0,0,0.00%,0.00%,0.00
02/12/2025,13,Bata CD Outlet,Kenya,Nairobi West,Limuru,0,323,-100.00%,0,82,-100.00%,0.00%,0.25
02/05/2025,13,Bata CD Outlet,Kenya,Nairobi West,Limuru,0,305,-100.00%,0,100,-100.00%,0.00%,0.33
01/29/2026,13,Bata CD Outlet,Kenya,Nairobi West,Limuru,325,0,0.00%,263,0,0.00%,80.92%,0.00
01/25/2025,13,Bata CD Outlet,Kenya,Nairobi West,Limuru,0,484,-100.00%,0,142,-100.00%,0.00%,0.29
02/15/2025,13,Bata CD Outlet,Kenya,Nairobi West,Limuru,0,438,-100.00%,0,116,-100.00%,0.00%,0.26
02/19/2025,13,Bata CD Outlet,Kenya,Nairobi West,Limuru,0,292,-100.00%,0,80,-100.00%,0.00%,0.27
02/05/2026,13,Bata CD Outlet,Kenya,Nairobi West,Limuru,343,0,0.00%,96,0,0.00%,27.99%,0.00
01/29/2025,13,Bata CD Outlet,Kenya,Nairobi West,Limuru,0,376,-100.00%,0,299,-100.00%,0.00%,0.80
02/25/2025,13,Bata CD Outlet,Kenya,Nairobi West,Limuru,0,247,-100.00%,0,66,-100.00%,0.00%,0.27
02/08/2025,13,Bata CD Outlet,Kenya,Nairobi West,Limuru,0,477,-100.00%,0,151,-100.00%,0.00%,0.32
02/06/2026,13,Bata CD Outlet,Kenya,Nairobi West,Limuru,400,0,0.00%,119,0,0.00%,29.75%,0.00
01/26/2025,13,Bata CD Outlet,Kenya,Nairobi West,Limuru,0,261,-100.00%,0,60,-100.00%,0.00%,0.23
02/28/2025,13,Bata CD Outlet,Kenya,Nairobi West,Limuru,0,490,-100.00%,0,113,-100.00%,0.00%,0.23
02/20/2025,13,Bata CD Outlet,Kenya,Nairobi West,Limuru,0,251,-100.00%,0,62,-100.00%,0.00%,0.25
02/14/2026,13,Bata CD Outlet,Kenya,Nairobi West,Limuru,568,0,0.00%,152,0,0.00%,26.76%,0.00
02/06/2025,13,Bata CD Outlet,Kenya,Nairobi West,Limuru,0,298,-100.00%,0,88,-100.00%,0.00%,0.30
03/07/2025,13,Bata CD Outlet,Kenya,Nairobi West,Limuru,0,340,-100.00%,0,88,-100.00%,0.00%,0.26
02/11/2025,13,Bata CD Outlet,Kenya,Nairobi West,Limuru,0,274,-100.00%,0,84,-100.00%,0.00%,0.31
02/16/2026,13,Bata CD Outlet,Kenya,Nairobi West,Limuru,323,0,0.00%,79,0,0.00%,24.50%,0.00
02/02/2025,13,Bata CD Outlet,Kenya,Nairobi West,Limuru,0,338,-100.00%,0,80,-100.00%,0.00%,0.24
01/06/2026,13,Bata CD Outlet,Kenya,Nairobi West,Limuru,2411,0,0.00%,614,0,0.00%,25.47%,0.00
02/22/2025,13,Bata CD Outlet,Kenya,Nairobi West,Limuru,0,369,-100.00%,0,92,-100.00%,0.00%,0.25
03/01/2026,13,Bata CD Outlet,Kenya,Nairobi West,Limuru,441,0,0.00%,125,0,0.00%,28.38%,0.00
03/02/2025,13,Bata CD Outlet,Kenya,Nairobi West,Limuru,0,431,-100.00%,0,97,-100.00%,0.00%,0.23
01/14/2026,13,Bata CD Outlet,Kenya,Nairobi West,Limuru,964,0,0.00%,281,0,0.00%,29.15%,0.00
03/03/2025,13,Bata CD Outlet,Kenya,Nairobi West,Limuru,0,712,-100.00%,0,240,-100.00%,0.00%,0.34
03/02/2026,13,Bata CD Outlet,Kenya,Nairobi West,Limuru,798,0,0.00%,268,0,0.00%,33.61%,0.00
02/10/2025,13,Bata CD Outlet,Kenya,Nairobi West,Limuru,0,280,-100.00%,0,85,-100.00%,0.00%,0.30
01/22/2026,13,Bata CD Outlet,Kenya,Nairobi West,Limuru,383,0,0.00%,103,0,0.00%,26.89%,0.00
02/27/2025,13,Bata CD Outlet,Kenya,Nairobi West,Limuru,0,370,-100.00%,0,93,-100.00%,0.00%,0.25
03/07/2026,13,Bata CD Outlet,Kenya,Nairobi West,Limuru,581,0,0.00%,235,0,0.00%,40.45%,0.00
03/08/2025,13,Bata CD Outlet,Kenya,Nairobi West,Limuru,0,411,-100.00%,0,133,-100.00%,0.00%,0.32
01/25/2026,13,Bata CD Outlet,Kenya,Nairobi West,Limuru,347,0,0.00%,77,0,0.00%,22.19%,0.00
03/04/2025,13,Bata CD Outlet,Kenya,Nairobi West,Limuru,0,510,-100.00%,0,153,-100.00%,0.00%,0.30
01/27/2026,13,Bata CD Outlet,Kenya,Nairobi West,Limuru,264,0,0.00%,0,0,0.00%,0.00%,0.00
02/13/2025,13,Bata CD Outlet,Kenya,Nairobi West,Limuru,0,318,-100.00%,0,80,-100.00%,0.00%,0.25
02/01/2026,13,Bata CD Outlet,Kenya,Nairobi West,Limuru,432,0,0.00%,81,0,0.00%,18.75%,0.00
03/05/2025,13,Bata CD Outlet,Kenya,Nairobi West,Limuru,0,384,-100.00%,0,107,-100.00%,0.00%,0.28
02/09/2026,13,Bata CD Outlet,Kenya,Nairobi West,Limuru,324,0,0.00%,79,0,0.00%,24.42%,0.00
01/03/2026,13,Bata CD Outlet,Kenya,Nairobi West,Limuru,3301,0,0.00%,516,0,0.00%,15.63%,0.00
02/12/2026,13,Bata CD Outlet,Kenya,Nairobi West,Limuru,278,0,0.00%,82,0,0.00%,29.55%,0.00
03/06/2025,13,Bata CD Outlet,Kenya,Nairobi West,Limuru,0,313,-100.00%,0,100,-100.00%,0.00%,0.32
02/20/2026,13,Bata CD Outlet,Kenya,Nairobi West,Limuru,325,0,0.00%,68,0,0.00%,20.92%,0.00
02/16/2025,13,Bata CD Outlet,Kenya,Nairobi West,Limuru,0,189,-100.00%,0,42,-100.00%,0.00%,0.22
02/25/2026,13,Bata CD Outlet,Kenya,Nairobi West,Limuru,442,0,0.00%,152,0,0.00%,34.43%,0.00
01/01/2026,13,Bata CD Outlet,Kenya,Nairobi West,Limuru,794,0,0.00%,0,0,0.00%,0.00%,0.00
02/26/2026,13,Bata CD Outlet,Kenya,Nairobi West,Limuru,542,0,0.00%,125,0,0.00%,23.06%,0.00
01/04/2026,13,Bata CD Outlet,Kenya,Nairobi West,Limuru,1907,0,0.00%,758,0,0.00%,39.75%,0.00
03/03/2026,13,Bata CD Outlet,Kenya,Nairobi West,Limuru,639,0,0.00%,203,0,0.00%,31.77%,0.00
01/07/2026,13,Bata CD Outlet,Kenya,Nairobi West,Limuru,2027,0,0.00%,756,0,0.00%,37.31%,0.00
02/18/2025,13,Bata CD Outlet,Kenya,Nairobi West,Limuru,0,308,-100.00%,0,85,-100.00%,0.00%,0.28
01/17/2026,13,Bata CD Outlet,Kenya,Nairobi West,Limuru,782,0,0.00%,188,0,0.00%,24.06%,0.00
01/09/2026,13,Bata CD Outlet,Kenya,Nairobi West,Limuru,1436,0,0.00%,415,0,0.00%,28.90%,0.00
01/15/2026,13,Bata CD Outlet,Kenya,Nairobi West,Limuru,808,0,0.00%,238,0,0.00%,29.47%,0.00
02/23/2025,13,Bata CD Outlet,Kenya,Nairobi West,Limuru,0,254,-100.00%,0,53,-100.00%,0.00%,0.21
02/04/2026,13,Bata CD Outlet,Kenya,Nairobi West,Limuru,391,0,0.00%,113,0,0.00%,28.90%,0.00
01/11/2026,13,Bata CD Outlet,Kenya,Nairobi West,Limuru,1351,0,0.00%,279,0,0.00%,20.66%,0.00
01/16/2026,13,Bata CD Outlet,Kenya,Nairobi West,Limuru,822,0,0.00%,190,0,0.00%,23.11%,0.00
02/24/2025,13,Bata CD Outlet,Kenya,Nairobi West,Limuru,0,316,-100.00%,0,62,-100.00%,0.00%,0.20
02/15/2026,13,Bata CD Outlet,Kenya,Nairobi West,Limuru,311,0,0.00%,60,0,0.00%,19.29%,0.00
01/12/2026,13,Bata CD Outlet,Kenya,Nairobi West,Limuru,1549,0,0.00%,466,0,0.00%,30.08%,0.00
01/23/2026,13,Bata CD Outlet,Kenya,Nairobi West,Limuru,320,0,0.00%,82,0,0.00%,25.67%,0.00
03/09/2025,13,Bata CD Outlet,Kenya,Nairobi West,Limuru,0,276,-100.00%,0,67,-100.00%,0.00%,0.24
02/28/2026,13,Bata CD Outlet,Kenya,Nairobi West,Limuru,901,0,0.00%,249,0,0.00%,27.65%,0.00
01/19/2026,13,Bata CD Outlet,Kenya,Nairobi West,Limuru,512,0,0.00%,149,0,0.00%,29.10%,0.00
01/26/2026,13,Bata CD Outlet,Kenya,Nairobi West,Limuru,299,0,0.00%,0,0,0.00%,0.00%,0.00
01/02/2026,13,Bata CD Outlet,Kenya,Nairobi West,Limuru,2498,0,0.00%,0,0,0.00%,0.00%,0.00
03/05/2026,13,Bata CD Outlet,Kenya,Nairobi West,Limuru,394,0,0.00%,108,0,0.00%,27.41%,0.00
01/20/2026,13,Bata CD Outlet,Kenya,Nairobi West,Limuru,373,0,0.00%,102,0,0.00%,27.35%,0.00
01/31/2026,13,Bata CD Outlet,Kenya,Nairobi West,Limuru,437,0,0.00%,128,0,0.00%,29.32%,0.00
01/08/2026,13,Bata CD Outlet,Kenya,Nairobi West,Limuru,1376,0,0.00%,388,0,0.00%,28.20%,0.00
03/08/2026,13,Bata CD Outlet,Kenya,Nairobi West,Limuru,498,0,0.00%,124,0,0.00%,24.90%,0.00
01/24/2026,13,Bata CD Outlet,Kenya,Nairobi West,Limuru,555,0,0.00%,133,0,0.00%,23.99%,0.00
02/13/2026,13,Bata CD Outlet,Kenya,Nairobi West,Limuru,345,0,0.00%,77,0,0.00%,22.32%,0.00
01/13/2026,13,Bata CD Outlet,Kenya,Nairobi West,Limuru,1241,0,0.00%,330,0,0.00%,26.60%,0.00
02/19/2026,13,Bata CD Outlet,Kenya,Nairobi West,Limuru,286,0,0.00%,73,0,0.00%,25.57%,0.00
01/30/2026,13,Bata CD Outlet,Kenya,Nairobi West,Limuru,406,0,0.00%,82,0,0.00%,20.22%,0.00
02/21/2026,13,Bata CD Outlet,Kenya,Nairobi West,Limuru,396,0,0.00%,133,0,0.00%,33.63%,0.00
01/18/2026,13,Bata CD Outlet,Kenya,Nairobi West,Limuru,417,0,0.00%,84,0,0.00%,20.17%,0.00
02/24/2026,13,Bata CD Outlet,Kenya,Nairobi West,Limuru,331,0,0.00%,92,0,0.00%,27.79%,0.00
02/02/2026,13,Bata CD Outlet,Kenya,Nairobi West,Limuru,441,0,0.00%,100,0,0.00%,22.70%,0.00
02/27/2026,13,Bata CD Outlet,Kenya,Nairobi West,Limuru,527,0,0.00%,178,0,0.00%,33.78%,0.00
01/21/2026,13,Bata CD Outlet,Kenya,Nairobi West,Limuru,463,0,0.00%,125,0,0.00%,27.00%,0.00
03/04/2026,13,Bata CD Outlet,Kenya,Nairobi West,Limuru,625,0,0.00%,198,0,0.00%,31.71%,0.00
02/07/2026,13,Bata CD Outlet,Kenya,Nairobi West,Limuru,451,0,0.00%,122,0,0.00%,27.08%,0.00
01/28/2026,13,Bata CD Outlet,Kenya,Nairobi West,Limuru,249,0,0.00%,0,0,0.00%,0.00%,0.00
02/10/2026,13,Bata CD Outlet,Kenya,Nairobi West,Limuru,333,0,0.00%,72,0,0.00%,21.62%,0.00
02/03/2026,13,Bata CD Outlet,Kenya,Nairobi West,Limuru,300,0,0.00%,76,0,0.00%,25.33%,0.00
02/17/2026,13,Bata CD Outlet,Kenya,Nairobi West,Limuru,386,0,0.00%,115,0,0.00%,29.79%,0.00
02/08/2026,13,Bata CD Outlet,Kenya,Nairobi West,Limuru,330,0,0.00%,71,0,0.00%,21.55%,0.00
02/18/2026,13,Bata CD Outlet,Kenya,Nairobi West,Limuru,354,0,0.00%,124,0,0.00%,35.03%,0.00
02/11/2026,13,Bata CD Outlet,Kenya,Nairobi West,Limuru,311,0,0.00%,100,0,0.00%,32.15%,0.00
02/23/2026,13,Bata CD Outlet,Kenya,Nairobi West,Limuru,305,0,0.00%,102,0,0.00%,33.44%,0.00
02/22/2026,13,Bata CD Outlet,Kenya,Nairobi West,Limuru,218,0,0.00%,59,0,0.00%,27.13%,0.00
03/06/2026,13,Bata CD Outlet,Kenya,Nairobi West,Limuru,458,0,0.00%,168,0,0.00%,36.68%,0.00
03/09/2026,13,Bata CD Outlet,Kenya,Nairobi West,Limuru,42,0,0.00%,0,0,0.00%,0.00%,0.00
01/08/2025,25,Bata Cedar Mall,Kenya,Mountain,Nanyuki,0,25,-100.00%,0,52,-100.00%,0.00%,2.08
01/04/2025,25,Bata Cedar Mall,Kenya,Mountain,Nanyuki,0,0,0.00%,0,97,-100.00%,0.00%,0.00
01/01/2025,25,Bata Cedar Mall,Kenya,Mountain,Nanyuki,0,63,-100.00%,0,0,0.00%,0.00%,0.00
02/05/2025,25,Bata Cedar Mall,Kenya,Mountain,Nanyuki,0,101,-100.00%,0,13,-100.00%,0.00%,0.13
01/21/2025,25,Bata Cedar Mall,Kenya,Mountain,Nanyuki,0,13,-100.00%,0,12,-100.00%,0.00%,0.92
01/14/2025,25,Bata Cedar Mall,Kenya,Mountain,Nanyuki,0,29,-100.00%,0,17,-100.00%,0.00%,0.59
01/02/2025,25,Bata Cedar Mall,Kenya,Mountain,Nanyuki,0,48,-100.00%,0,32,-100.00%,0.00%,0.67
01/03/2025,25,Bata Cedar Mall,Kenya,Mountain,Nanyuki,0,0,0.00%,0,57,-100.00%,0.00%,0.00
01/27/2025,25,Bata Cedar Mall,Kenya,Mountain,Nanyuki,0,13,-100.00%,0,0,0.00%,0.00%,0.00
01/07/2025,25,Bata Cedar Mall,Kenya,Mountain,Nanyuki,0,69,-100.00%,0,98,-100.00%,0.00%,1.42
01/12/2025,25,Bata Cedar Mall,Kenya,Mountain,Nanyuki,0,45,-100.00%,0,35,-100.00%,0.00%,0.78
02/07/2025,25,Bata Cedar Mall,Kenya,Mountain,Nanyuki,0,30,-100.00%,0,19,-100.00%,0.00%,0.63
01/29/2025,25,Bata Cedar Mall,Kenya,Mountain,Nanyuki,0,20,-100.00%,0,22,-100.00%,0.00%,1.10
01/19/2025,25,Bata Cedar Mall,Kenya,Mountain,Nanyuki,0,32,-100.00%,0,19,-100.00%,0.00%,0.59
01/15/2025,25,Bata Cedar Mall,Kenya,Mountain,Nanyuki,0,16,-100.00%,0,18,-100.00%,0.00%,1.13
01/05/2025,25,Bata Cedar Mall,Kenya,Mountain,Nanyuki,0,78,-100.00%,0,70,-100.00%,0.00%,0.90
02/01/2025,25,Bata Cedar Mall,Kenya,Mountain,Nanyuki,0,244,-100.00%,0,33,-100.00%,0.00%,0.14
01/09/2025,25,Bata Cedar Mall,Kenya,Mountain,Nanyuki,0,30,-100.00%,0,30,-100.00%,0.00%,1.00
01/28/2025,25,Bata Cedar Mall,Kenya,Mountain,Nanyuki,0,13,-100.00%,0,15,-100.00%,0.00%,1.15
02/23/2025,25,Bata Cedar Mall,Kenya,Mountain,Nanyuki,0,145,-100.00%,0,16,-100.00%,0.00%,0.11
02/04/2025,25,Bata Cedar Mall,Kenya,Mountain,Nanyuki,0,63,-100.00%,0,12,-100.00%,0.00%,0.19
01/24/2025,25,Bata Cedar Mall,Kenya,Mountain,Nanyuki,0,17,-100.00%,0,11,-100.00%,0.00%,0.65
02/13/2025,25,Bata Cedar Mall,Kenya,Mountain,Nanyuki,0,111,-100.00%,0,18,-100.00%,0.00%,0.16
01/06/2025,25,Bata Cedar Mall,Kenya,Mountain,Nanyuki,0,92,-100.00%,0,118,-100.00%,0.00%,1.28
02/09/2025,25,Bata Cedar Mall,Kenya,Mountain,Nanyuki,0,44,-100.00%,0,19,-100.00%,0.00%,0.43
01/10/2025,25,Bata Cedar Mall,Kenya,Mountain,Nanyuki,0,14,-100.00%,0,20,-100.00%,0.00%,1.43
03/03/2025,25,Bata Cedar Mall,Kenya,Mountain,Nanyuki,0,216,-100.00%,0,32,-100.00%,0.00%,0.15
02/24/2025,25,Bata Cedar Mall,Kenya,Mountain,Nanyuki,0,72,-100.00%,0,20,-100.00%,0.00%,0.28
02/22/2025,25,Bata Cedar Mall,Kenya,Mountain,Nanyuki,0,141,-100.00%,0,25,-100.00%,0.00%,0.18
01/26/2025,25,Bata Cedar Mall,Kenya,Mountain,Nanyuki,0,22,-100.00%,0,20,-100.00%,0.00%,0.91
03/04/2025,25,Bata Cedar Mall,Kenya,Mountain,Nanyuki,0,239,-100.00%,0,28,-100.00%,0.00%,0.12
01/11/2025,25,Bata Cedar Mall,Kenya,Mountain,Nanyuki,0,35,-100.00%,0,37,-100.00%,0.00%,1.06
02/27/2025,25,Bata Cedar Mall,Kenya,Mountain,Nanyuki,0,136,-100.00%,0,23,-100.00%,0.00%,0.17
01/17/2025,25,Bata Cedar Mall,Kenya,Mountain,Nanyuki,0,25,-100.00%,0,15,-100.00%,0.00%,0.60
01/02/2026,25,Bata Cedar Mall,Kenya,Mountain,Nanyuki,413,0,0.00%,92,0,0.00%,22.30%,0.00
02/26/2025,25,Bata Cedar Mall,Kenya,Mountain,Nanyuki,0,98,-100.00%,0,30,-100.00%,0.00%,0.31
02/28/2025,25,Bata Cedar Mall,Kenya,Mountain,Nanyuki,0,186,-100.00%,0,17,-100.00%,0.00%,0.09
02/03/2025,25,Bata Cedar Mall,Kenya,Mountain,Nanyuki,0,86,-100.00%,0,17,-100.00%,0.00%,0.20
01/07/2026,25,Bata Cedar Mall,Kenya,Mountain,Nanyuki,299,0,0.00%,53,0,0.00%,17.73%,0.00
01/13/2025,25,Bata Cedar Mall,Kenya,Mountain,Nanyuki,0,31,-100.00%,0,21,-100.00%,0.00%,0.68
03/05/2025,25,Bata Cedar Mall,Kenya,Mountain,Nanyuki,0,114,-100.00%,0,27,-100.00%,0.00%,0.24
01/18/2025,25,Bata Cedar Mall,Kenya,Mountain,Nanyuki,0,43,-100.00%,0,33,-100.00%,0.00%,0.77
01/10/2026,25,Bata Cedar Mall,Kenya,Mountain,Nanyuki,342,0,0.00%,65,0,0.00%,19.03%,0.00
03/06/2025,25,Bata Cedar Mall,Kenya,Mountain,Nanyuki,0,128,-100.00%,0,21,-100.00%,0.00%,0.16
01/08/2026,25,Bata Cedar Mall,Kenya,Mountain,Nanyuki,257,0,0.00%,50,0,0.00%,19.46%,0.00
02/11/2025,25,Bata Cedar Mall,Kenya,Mountain,Nanyuki,0,116,-100.00%,0,15,-100.00%,0.00%,0.13
01/18/2026,25,Bata Cedar Mall,Kenya,Mountain,Nanyuki,224,0,0.00%,28,0,0.00%,12.53%,0.00
01/16/2025,25,Bata Cedar Mall,Kenya,Mountain,Nanyuki,0,24,-100.00%,0,19,-100.00%,0.00%,0.79
01/11/2026,25,Bata Cedar Mall,Kenya,Mountain,Nanyuki,243,0,0.00%,36,0,0.00%,14.85%,0.00
01/20/2025,25,Bata Cedar Mall,Kenya,Mountain,Nanyuki,0,14,-100.00%,0,17,-100.00%,0.00%,1.21
01/23/2026,25,Bata Cedar Mall,Kenya,Mountain,Nanyuki,119,0,0.00%,16,0,0.00%,13.45%,0.00
03/09/2025,25,Bata Cedar Mall,Kenya,Mountain,Nanyuki,0,146,-100.00%,0,28,-100.00%,0.00%,0.19
01/14/2026,25,Bata Cedar Mall,Kenya,Mountain,Nanyuki,190,0,0.00%,36,0,0.00%,18.95%,0.00
02/12/2025,25,Bata Cedar Mall,Kenya,Mountain,Nanyuki,0,102,-100.00%,0,11,-100.00%,0.00%,0.11
01/26/2026,25,Bata Cedar Mall,Kenya,Mountain,Nanyuki,90,0,0.00%,0,0,0.00%,0.00%,0.00
01/22/2025,25,Bata Cedar Mall,Kenya,Mountain,Nanyuki,0,14,-100.00%,0,19,-100.00%,0.00%,1.36
01/17/2026,25,Bata Cedar Mall,Kenya,Mountain,Nanyuki,150,0,0.00%,15,0,0.00%,10.03%,0.00
01/23/2025,25,Bata Cedar Mall,Kenya,Mountain,Nanyuki,0,15,-100.00%,0,18,-100.00%,0.00%,1.20
02/03/2026,25,Bata Cedar Mall,Kenya,Mountain,Nanyuki,128,0,0.00%,20,0,0.00%,15.69%,0.00
01/04/2026,25,Bata Cedar Mall,Kenya,Mountain,Nanyuki,408,0,0.00%,54,0,0.00%,13.24%,0.00
01/19/2026,25,Bata Cedar Mall,Kenya,Mountain,Nanyuki,87,0,0.00%,14,0,0.00%,16.09%,0.00
02/17/2025,25,Bata Cedar Mall,Kenya,Mountain,Nanyuki,0,117,-100.00%,0,17,-100.00%,0.00%,0.15
02/13/2026,25,Bata Cedar Mall,Kenya,Mountain,Nanyuki,129,0,0.00%,23,0,0.00%,17.83%,0.00
02/06/2025,25,Bata Cedar Mall,Kenya,Mountain,Nanyuki,0,121,-100.00%,0,16,-100.00%,0.00%,0.13
01/24/2026,25,Bata Cedar Mall,Kenya,Mountain,Nanyuki,218,0,0.00%,37,0,0.00%,17.01%,0.00
01/25/2025,25,Bata Cedar Mall,Kenya,Mountain,Nanyuki,0,33,-100.00%,0,30,-100.00%,0.00%,0.91
02/18/2026,25,Bata Cedar Mall,Kenya,Mountain,Nanyuki,159,0,0.00%,17,0,0.00%,10.69%,0.00
01/13/2026,25,Bata Cedar Mall,Kenya,Mountain,Nanyuki,160,0,0.00%,21,0,0.00%,13.13%,0.00
01/25/2026,25,Bata Cedar Mall,Kenya,Mountain,Nanyuki,158,0,0.00%,19,0,0.00%,12.06%,0.00
02/19/2025,25,Bata Cedar Mall,Kenya,Mountain,Nanyuki,0,129,-100.00%,0,25,-100.00%,0.00%,0.19
02/24/2026,25,Bata Cedar Mall,Kenya,Mountain,Nanyuki,151,0,0.00%,25,0,0.00%,16.56%,0.00
02/14/2025,25,Bata Cedar Mall,Kenya,Mountain,Nanyuki,0,178,-100.00%,0,30,-100.00%,0.00%,0.17
01/27/2026,25,Bata Cedar Mall,Kenya,Mountain,Nanyuki,161,0,0.00%,26,0,0.00%,16.15%,0.00
01/30/2025,25,Bata Cedar Mall,Kenya,Mountain,Nanyuki,0,21,-100.00%,0,21,-100.00%,0.00%,1.00
03/01/2026,25,Bata Cedar Mall,Kenya,Mountain,Nanyuki,239,0,0.00%,36,0,0.00%,15.09%,0.00
01/15/2026,25,Bata Cedar Mall,Kenya,Mountain,Nanyuki,134,0,0.00%,21,0,0.00%,15.73%,0.00
02/01/2026,25,Bata Cedar Mall,Kenya,Mountain,Nanyuki,217,0,0.00%,27,0,0.00%,12.44%,0.00
02/25/2025,25,Bata Cedar Mall,Kenya,Mountain,Nanyuki,0,100,-100.00%,0,16,-100.00%,0.00%,0.16
03/07/2026,25,Bata Cedar Mall,Kenya,Mountain,Nanyuki,245,0,0.00%,45,0,0.00%,18.40%,0.00
02/20/2025,25,Bata Cedar Mall,Kenya,Mountain,Nanyuki,0,75,-100.00%,0,16,-100.00%,0.00%,0.21
02/15/2026,25,Bata Cedar Mall,Kenya,Mountain,Nanyuki,285,0,0.00%,26,0,0.00%,9.14%,0.00
01/31/2025,25,Bata Cedar Mall,Kenya,Mountain,Nanyuki,0,31,-100.00%,0,16,-100.00%,0.00%,0.52
02/20/2026,25,Bata Cedar Mall,Kenya,Mountain,Nanyuki,96,0,0.00%,19,0,0.00%,19.90%,0.00
01/20/2026,25,Bata Cedar Mall,Kenya,Mountain,Nanyuki,147,0,0.00%,23,0,0.00%,15.65%,0.00
02/22/2026,25,Bata Cedar Mall,Kenya,Mountain,Nanyuki,161,0,0.00%,16,0,0.00%,9.97%,0.00
03/02/2025,25,Bata Cedar Mall,Kenya,Mountain,Nanyuki,0,316,-100.00%,0,48,-100.00%,0.00%,0.15
03/03/2026,25,Bata Cedar Mall,Kenya,Mountain,Nanyuki,149,0,0.00%,35,0,0.00%,23.57%,0.00
03/08/2025,25,Bata Cedar Mall,Kenya,Mountain,Nanyuki,0,187,-100.00%,0,33,-100.00%,0.00%,0.18
03/08/2026,25,Bata Cedar Mall,Kenya,Mountain,Nanyuki,187,0,0.00%,32,0,0.00%,17.11%,0.00
02/02/2025,25,Bata Cedar Mall,Kenya,Mountain,Nanyuki,0,192,-100.00%,0,23,-100.00%,0.00%,0.12
01/28/2026,25,Bata Cedar Mall,Kenya,Mountain,Nanyuki,119,0,0.00%,26,0,0.00%,21.94%,0.00
03/07/2025,25,Bata Cedar Mall,Kenya,Mountain,Nanyuki,0,129,-100.00%,0,21,-100.00%,0.00%,0.16
01/01/2026,25,Bata Cedar Mall,Kenya,Mountain,Nanyuki,299,0,0.00%,0,0,0.00%,0.00%,0.00
02/08/2025,25,Bata Cedar Mall,Kenya,Mountain,Nanyuki,0,0,0.00%,0,31,-100.00%,0.00%,0.00
02/16/2026,25,Bata Cedar Mall,Kenya,Mountain,Nanyuki,129,0,0.00%,17,0,0.00%,13.18%,0.00
01/03/2026,25,Bata Cedar Mall,Kenya,Mountain,Nanyuki,412,0,0.00%,82,0,0.00%,19.93%,0.00
01/06/2026,25,Bata Cedar Mall,Kenya,Mountain,Nanyuki,386,0,0.00%,85,0,0.00%,22.02%,0.00
02/10/2025,25,Bata Cedar Mall,Kenya,Mountain,Nanyuki,0,92,-100.00%,0,13,-100.00%,0.00%,0.14
02/26/2026,25,Bata Cedar Mall,Kenya,Mountain,Nanyuki,155,0,0.00%,22,0,0.00%,14.19%,0.00
01/22/2026,25,Bata Cedar Mall,Kenya,Mountain,Nanyuki,140,0,0.00%,17,0,0.00%,12.14%,0.00
01/09/2026,25,Bata Cedar Mall,Kenya,Mountain,Nanyuki,188,0,0.00%,35,0,0.00%,18.67%,0.00
02/15/2025,25,Bata Cedar Mall,Kenya,Mountain,Nanyuki,0,290,-100.00%,0,43,-100.00%,0.00%,0.15
02/27/2026,25,Bata Cedar Mall,Kenya,Mountain,Nanyuki,191,0,0.00%,32,0,0.00%,16.80%,0.00
01/30/2026,25,Bata Cedar Mall,Kenya,Mountain,Nanyuki,164,0,0.00%,22,0,0.00%,13.46%,0.00
01/16/2026,25,Bata Cedar Mall,Kenya,Mountain,Nanyuki,154,0,0.00%,27,0,0.00%,17.59%,0.00
02/16/2025,25,Bata Cedar Mall,Kenya,Mountain,Nanyuki,0,165,-100.00%,0,22,-100.00%,0.00%,0.13
03/04/2026,25,Bata Cedar Mall,Kenya,Mountain,Nanyuki,130,0,0.00%,32,0,0.00%,24.62%,0.00
02/04/2026,25,Bata Cedar Mall,Kenya,Mountain,Nanyuki,81,0,0.00%,10,0,0.00%,12.35%,0.00
02/02/2026,25,Bata Cedar Mall,Kenya,Mountain,Nanyuki,170,0,0.00%,13,0,0.00%,7.67%,0.00
02/18/2025,25,Bata Cedar Mall,Kenya,Mountain,Nanyuki,0,136,-100.00%,0,29,-100.00%,0.00%,0.21
03/06/2026,25,Bata Cedar Mall,Kenya,Mountain,Nanyuki,170,0,0.00%,33,0,0.00%,19.47%,0.00
02/07/2026,25,Bata Cedar Mall,Kenya,Mountain,Nanyuki,224,0,0.00%,33,0,0.00%,14.77%,0.00
02/10/2026,25,Bata Cedar Mall,Kenya,Mountain,Nanyuki,113,0,0.00%,17,0,0.00%,15.04%,0.00
02/21/2025,25,Bata Cedar Mall,Kenya,Mountain,Nanyuki,0,130,-100.00%,0,23,-100.00%,0.00%,0.18
03/09/2026,25,Bata Cedar Mall,Kenya,Mountain,Nanyuki,13,0,0.00%,0,0,0.00%,0.00%,0.00
02/09/2026,25,Bata Cedar Mall,Kenya,Mountain,Nanyuki,148,0,0.00%,18,0,0.00%,12.16%,0.00
02/23/2026,25,Bata Cedar Mall,Kenya,Mountain,Nanyuki,110,0,0.00%,14,0,0.00%,12.79%,0.00
03/01/2025,25,Bata Cedar Mall,Kenya,Mountain,Nanyuki,0,274,-100.00%,0,32,-100.00%,0.00%,0.12
02/25/2026,25,Bata Cedar Mall,Kenya,Mountain,Nanyuki,132,0,0.00%,28,0,0.00%,21.29%,0.00
02/12/2026,25,Bata Cedar Mall,Kenya,Mountain,Nanyuki,159,0,0.00%,27,0,0.00%,17.03%,0.00
01/05/2026,25,Bata Cedar Mall,Kenya,Mountain,Nanyuki,607,0,0.00%,114,0,0.00%,18.80%,0.00
02/17/2026,25,Bata Cedar Mall,Kenya,Mountain,Nanyuki,141,0,0.00%,19,0,0.00%,13.52%,0.00
01/12/2026,25,Bata Cedar Mall,Kenya,Mountain,Nanyuki,280,0,0.00%,46,0,0.00%,16.46%,0.00
02/28/2026,25,Bata Cedar Mall,Kenya,Mountain,Nanyuki,243,0,0.00%,42,0,0.00%,17.28%,0.00
01/21/2026,25,Bata Cedar Mall,Kenya,Mountain,Nanyuki,83,0,0.00%,16,0,0.00%,19.28%,0.00
03/02/2026,25,Bata Cedar Mall,Kenya,Mountain,Nanyuki,261,0,0.00%,53,0,0.00%,20.35%,0.00
01/29/2026,25,Bata Cedar Mall,Kenya,Mountain,Nanyuki,123,0,0.00%,16,0,0.00%,13.06%,0.00
03/05/2026,25,Bata Cedar Mall,Kenya,Mountain,Nanyuki,89,0,0.00%,20,0,0.00%,22.47%,0.00
01/31/2026,25,Bata Cedar Mall,Kenya,Mountain,Nanyuki,152,0,0.00%,35,0,0.00%,23.10%,0.00
02/05/2026,25,Bata Cedar Mall,Kenya,Mountain,Nanyuki,119,0,0.00%,32,0,0.00%,27.00%,0.00
02/06/2026,25,Bata Cedar Mall,Kenya,Mountain,Nanyuki,156,0,0.00%,28,0,0.00%,17.95%,0.00
02/08/2026,25,Bata Cedar Mall,Kenya,Mountain,Nanyuki,197,0,0.00%,22,0,0.00%,11.17%,0.00
02/11/2026,25,Bata Cedar Mall,Kenya,Mountain,Nanyuki,120,0,0.00%,15,0,0.00%,12.55%,0.00
02/14/2026,25,Bata Cedar Mall,Kenya,Mountain,Nanyuki,304,0,0.00%,40,0,0.00%,13.18%,0.00
02/19/2026,25,Bata Cedar Mall,Kenya,Mountain,Nanyuki,108,0,0.00%,21,0,0.00%,19.44%,0.00
02/21/2026,25,Bata Cedar Mall,Kenya,Mountain,Nanyuki,179,0,0.00%,27,0,0.00%,15.13%,0.00
01/13/2025,19,Bata City Mall Nyali,Kenya,Coast,Mombasa,0,80,-100.00%,0,41,-100.00%,0.00%,0.51
01/05/2025,19,Bata City Mall Nyali,Kenya,Coast,Mombasa,0,301,-100.00%,0,129,-100.00%,0.00%,0.43
01/11/2025,19,Bata City Mall Nyali,Kenya,Coast,Mombasa,0,134,-100.00%,0,61,-100.00%,0.00%,0.46
01/04/2025,19,Bata City Mall Nyali,Kenya,Coast,Mombasa,0,232,-100.00%,0,123,-100.00%,0.00%,0.53
01/24/2025,19,Bata City Mall Nyali,Kenya,Coast,Mombasa,0,42,-100.00%,0,19,-100.00%,0.00%,0.45
01/01/2025,19,Bata City Mall Nyali,Kenya,Coast,Mombasa,0,190,-100.00%,0,0,0.00%,0.00%,0.00
01/22/2025,19,Bata City Mall Nyali,Kenya,Coast,Mombasa,0,41,-100.00%,0,18,-100.00%,0.00%,0.44
01/02/2025,19,Bata City Mall Nyali,Kenya,Coast,Mombasa,0,199,-100.00%,0,130,-100.00%,0.00%,0.65
01/26/2025,19,Bata City Mall Nyali,Kenya,Coast,Mombasa,0,90,-100.00%,0,34,-100.00%,0.00%,0.38
01/10/2025,19,Bata City Mall Nyali,Kenya,Coast,Mombasa,0,91,-100.00%,0,36,-100.00%,0.00%,0.40
01/25/2025,19,Bata City Mall Nyali,Kenya,Coast,Mombasa,0,116,-100.00%,0,33,-100.00%,0.00%,0.28
01/09/2025,19,Bata City Mall Nyali,Kenya,Coast,Mombasa,0,74,-100.00%,0,35,-100.00%,0.00%,0.47
02/14/2025,19,Bata City Mall Nyali,Kenya,Coast,Mombasa,0,127,-100.00%,0,24,-100.00%,0.00%,0.19
01/03/2025,19,Bata City Mall Nyali,Kenya,Coast,Mombasa,0,187,-100.00%,0,85,-100.00%,0.00%,0.45
02/02/2025,19,Bata City Mall Nyali,Kenya,Coast,Mombasa,0,230,-100.00%,0,32,-100.00%,0.00%,0.14
01/07/2025,19,Bata City Mall Nyali,Kenya,Coast,Mombasa,0,170,-100.00%,0,107,-100.00%,0.00%,0.63
02/19/2025,19,Bata City Mall Nyali,Kenya,Coast,Mombasa,0,100,-100.00%,0,18,-100.00%,0.00%,0.18
01/16/2025,19,Bata City Mall Nyali,Kenya,Coast,Mombasa,0,45,-100.00%,0,27,-100.00%,0.00%,0.60
02/04/2025,19,Bata City Mall Nyali,Kenya,Coast,Mombasa,0,109,-100.00%,0,24,-100.00%,0.00%,0.22
01/12/2025,19,Bata City Mall Nyali,Kenya,Coast,Mombasa,0,225,-100.00%,0,83,-100.00%,0.00%,0.37
02/22/2025,19,Bata City Mall Nyali,Kenya,Coast,Mombasa,0,257,-100.00%,0,35,-100.00%,0.00%,0.14
01/06/2025,19,Bata City Mall Nyali,Kenya,Coast,Mombasa,0,299,-100.00%,0,168,-100.00%,0.00%,0.56
02/09/2025,19,Bata City Mall Nyali,Kenya,Coast,Mombasa,0,241,-100.00%,0,39,-100.00%,0.00%,0.16
01/08/2025,19,Bata City Mall Nyali,Kenya,Coast,Mombasa,0,103,-100.00%,0,64,-100.00%,0.00%,0.62
02/27/2025,19,Bata City Mall Nyali,Kenya,Coast,Mombasa,0,149,-100.00%,0,25,-100.00%,0.00%,0.17
01/18/2025,19,Bata City Mall Nyali,Kenya,Coast,Mombasa,0,117,-100.00%,0,56,-100.00%,0.00%,0.48
02/10/2025,19,Bata City Mall Nyali,Kenya,Coast,Mombasa,0,95,-100.00%,0,20,-100.00%,0.00%,0.21
01/19/2025,19,Bata City Mall Nyali,Kenya,Coast,Mombasa,0,151,-100.00%,0,60,-100.00%,0.00%,0.40
03/02/2025,19,Bata City Mall Nyali,Kenya,Coast,Mombasa,0,195,-100.00%,0,39,-100.00%,0.00%,0.20
01/14/2025,19,Bata City Mall Nyali,Kenya,Coast,Mombasa,0,74,-100.00%,0,32,-100.00%,0.00%,0.43
02/18/2025,19,Bata City Mall Nyali,Kenya,Coast,Mombasa,0,93,-100.00%,0,23,-100.00%,0.00%,0.25
01/15/2025,19,Bata City Mall Nyali,Kenya,Coast,Mombasa,0,68,-100.00%,0,25,-100.00%,0.00%,0.37
03/07/2025,19,Bata City Mall Nyali,Kenya,Coast,Mombasa,0,87,-100.00%,0,16,-100.00%,0.00%,0.18
01/21/2025,19,Bata City Mall Nyali,Kenya,Coast,Mombasa,0,61,-100.00%,0,20,-100.00%,0.00%,0.33
03/05/2025,19,Bata City Mall Nyali,Kenya,Coast,Mombasa,0,118,-100.00%,0,21,-100.00%,0.00%,0.18
01/27/2025,19,Bata City Mall Nyali,Kenya,Coast,Mombasa,0,40,-100.00%,0,0,0.00%,0.00%,0.00
01/05/2026,19,Bata City Mall Nyali,Kenya,Coast,Mombasa,544,0,0.00%,131,0,0.00%,24.08%,0.00
01/17/2025,19,Bata City Mall Nyali,Kenya,Coast,Mombasa,0,64,-100.00%,0,29,-100.00%,0.00%,0.45
03/06/2025,19,Bata City Mall Nyali,Kenya,Coast,Mombasa,0,86,-100.00%,0,19,-100.00%,0.00%,0.22
01/31/2025,19,Bata City Mall Nyali,Kenya,Coast,Mombasa,0,55,-100.00%,0,23,-100.00%,0.00%,0.42
01/06/2026,19,Bata City Mall Nyali,Kenya,Coast,Mombasa,368,0,0.00%,96,0,0.00%,26.09%,0.00
01/23/2025,19,Bata City Mall Nyali,Kenya,Coast,Mombasa,0,52,-100.00%,0,12,-100.00%,0.00%,0.23
01/01/2026,19,Bata City Mall Nyali,Kenya,Coast,Mombasa,451,0,0.00%,0,0,0.00%,0.00%,0.00
01/28/2025,19,Bata City Mall Nyali,Kenya,Coast,Mombasa,0,50,-100.00%,0,39,-100.00%,0.00%,0.78
01/08/2026,19,Bata City Mall Nyali,Kenya,Coast,Mombasa,183,0,0.00%,42,0,0.00%,23.01%,0.00
01/20/2025,19,Bata City Mall Nyali,Kenya,Coast,Mombasa,0,41,-100.00%,0,31,-100.00%,0.00%,0.76
01/09/2026,19,Bata City Mall Nyali,Kenya,Coast,Mombasa,172,0,0.00%,46,0,0.00%,26.82%,0.00
02/01/2025,19,Bata City Mall Nyali,Kenya,Coast,Mombasa,0,196,-100.00%,0,33,-100.00%,0.00%,0.17
01/11/2026,19,Bata City Mall Nyali,Kenya,Coast,Mombasa,363,0,0.00%,73,0,0.00%,20.11%,0.00
01/29/2025,19,Bata City Mall Nyali,Kenya,Coast,Mombasa,0,57,-100.00%,0,25,-100.00%,0.00%,0.44
01/12/2026,19,Bata City Mall Nyali,Kenya,Coast,Mombasa,181,0,0.00%,46,0,0.00%,25.48%,0.00
01/30/2025,19,Bata City Mall Nyali,Kenya,Coast,Mombasa,0,53,-100.00%,0,25,-100.00%,0.00%,0.47
01/16/2026,19,Bata City Mall Nyali,Kenya,Coast,Mombasa,131,0,0.00%,25,0,0.00%,19.08%,0.00
02/07/2025,19,Bata City Mall Nyali,Kenya,Coast,Mombasa,0,120,-100.00%,0,28,-100.00%,0.00%,0.23
01/15/2026,19,Bata City Mall Nyali,Kenya,Coast,Mombasa,124,0,0.00%,30,0,0.00%,24.29%,0.00
02/03/2025,19,Bata City Mall Nyali,Kenya,Coast,Mombasa,0,100,-100.00%,0,32,-100.00%,0.00%,0.32
01/18/2026,19,Bata City Mall Nyali,Kenya,Coast,Mombasa,373,0,0.00%,62,0,0.00%,16.62%,0.00
02/05/2025,19,Bata City Mall Nyali,Kenya,Coast,Mombasa,0,141,-100.00%,0,30,-100.00%,0.00%,0.21
01/25/2026,19,Bata City Mall Nyali,Kenya,Coast,Mombasa,334,0,0.00%,58,0,0.00%,17.39%,0.00
02/15/2025,19,Bata City Mall Nyali,Kenya,Coast,Mombasa,0,227,-100.00%,0,45,-100.00%,0.00%,0.20
01/24/2026,19,Bata City Mall Nyali,Kenya,Coast,Mombasa,169,0,0.00%,25,0,0.00%,14.84%,0.00
02/12/2025,19,Bata City Mall Nyali,Kenya,Coast,Mombasa,0,116,-100.00%,0,25,-100.00%,0.00%,0.22
02/07/2026,19,Bata City Mall Nyali,Kenya,Coast,Mombasa,196,0,0.00%,29,0,0.00%,14.80%,0.00
02/06/2025,19,Bata City Mall Nyali,Kenya,Coast,Mombasa,0,120,-100.00%,0,16,-100.00%,0.00%,0.13
01/26/2026,19,Bata City Mall Nyali,Kenya,Coast,Mombasa,110,0,0.00%,0,0,0.00%,0.00%,0.00
02/08/2025,19,Bata City Mall Nyali,Kenya,Coast,Mombasa,0,198,-100.00%,0,39,-100.00%,0.00%,0.20
02/16/2026,19,Bata City Mall Nyali,Kenya,Coast,Mombasa,125,0,0.00%,20,0,0.00%,16.00%,0.00
02/17/2025,19,Bata City Mall Nyali,Kenya,Coast,Mombasa,0,106,-100.00%,0,19,-100.00%,0.00%,0.18
01/27/2026,19,Bata City Mall Nyali,Kenya,Coast,Mombasa,119,0,0.00%,15,0,0.00%,12.66%,0.00
02/20/2025,19,Bata City Mall Nyali,Kenya,Coast,Mombasa,0,130,-100.00%,0,24,-100.00%,0.00%,0.18
02/21/2026,19,Bata City Mall Nyali,Kenya,Coast,Mombasa,167,0,0.00%,31,0,0.00%,18.56%,0.00
02/13/2025,19,Bata City Mall Nyali,Kenya,Coast,Mombasa,0,118,-100.00%,0,27,-100.00%,0.00%,0.23
01/29/2026,19,Bata City Mall Nyali,Kenya,Coast,Mombasa,127,0,0.00%,0,0,0.00%,0.00%,0.00
02/11/2025,19,Bata City Mall Nyali,Kenya,Coast,Mombasa,0,106,-100.00%,0,21,-100.00%,0.00%,0.20
02/24/2026,19,Bata City Mall Nyali,Kenya,Coast,Mombasa,129,0,0.00%,24,0,0.00%,18.60%,0.00
02/23/2025,19,Bata City Mall Nyali,Kenya,Coast,Mombasa,0,255,-100.00%,0,36,-100.00%,0.00%,0.14
02/01/2026,19,Bata City Mall Nyali,Kenya,Coast,Mombasa,265,0,0.00%,46,0,0.00%,17.39%,0.00
02/26/2025,19,Bata City Mall Nyali,Kenya,Coast,Mombasa,0,97,-100.00%,0,21,-100.00%,0.00%,0.22
02/26/2026,19,Bata City Mall Nyali,Kenya,Coast,Mombasa,114,0,0.00%,22,0,0.00%,19.30%,0.00
02/16/2025,19,Bata City Mall Nyali,Kenya,Coast,Mombasa,0,209,-100.00%,0,26,-100.00%,0.00%,0.12
02/03/2026,19,Bata City Mall Nyali,Kenya,Coast,Mombasa,103,0,0.00%,24,0,0.00%,23.30%,0.00
02/21/2025,19,Bata City Mall Nyali,Kenya,Coast,Mombasa,0,153,-100.00%,0,32,-100.00%,0.00%,0.21
02/09/2026,19,Bata City Mall Nyali,Kenya,Coast,Mombasa,98,0,0.00%,21,0,0.00%,21.43%,0.00
02/25/2025,19,Bata City Mall Nyali,Kenya,Coast,Mombasa,0,100,-100.00%,0,15,-100.00%,0.00%,0.15
02/20/2026,19,Bata City Mall Nyali,Kenya,Coast,Mombasa,119,0,0.00%,21,0,0.00%,17.72%,0.00
03/08/2025,19,Bata City Mall Nyali,Kenya,Coast,Mombasa,0,156,-100.00%,0,28,-100.00%,0.00%,0.18
02/25/2026,19,Bata City Mall Nyali,Kenya,Coast,Mombasa,101,0,0.00%,20,0,0.00%,19.90%,0.00
02/24/2025,19,Bata City Mall Nyali,Kenya,Coast,Mombasa,0,128,-100.00%,0,12,-100.00%,0.00%,0.09
02/27/2026,19,Bata City Mall Nyali,Kenya,Coast,Mombasa,136,0,0.00%,22,0,0.00%,16.18%,0.00
02/04/2026,19,Bata City Mall Nyali,Kenya,Coast,Mombasa,125,0,0.00%,19,0,0.00%,15.26%,0.00
03/02/2026,19,Bata City Mall Nyali,Kenya,Coast,Mombasa,108,0,0.00%,21,0,0.00%,19.53%,0.00
02/28/2025,19,Bata City Mall Nyali,Kenya,Coast,Mombasa,0,136,-100.00%,0,17,-100.00%,0.00%,0.13
03/05/2026,19,Bata City Mall Nyali,Kenya,Coast,Mombasa,127,0,0.00%,15,0,0.00%,11.81%,0.00
01/07/2026,19,Bata City Mall Nyali,Kenya,Coast,Mombasa,223,0,0.00%,62,0,0.00%,27.87%,0.00
03/01/2025,19,Bata City Mall Nyali,Kenya,Coast,Mombasa,0,198,-100.00%,0,41,-100.00%,0.00%,0.21
02/06/2026,19,Bata City Mall Nyali,Kenya,Coast,Mombasa,169,0,0.00%,27,0,0.00%,15.98%,0.00
03/03/2025,19,Bata City Mall Nyali,Kenya,Coast,Mombasa,0,110,-100.00%,0,19,-100.00%,0.00%,0.17
01/14/2026,19,Bata City Mall Nyali,Kenya,Coast,Mombasa,159,0,0.00%,33,0,0.00%,20.82%,0.00
03/04/2025,19,Bata City Mall Nyali,Kenya,Coast,Mombasa,0,119,-100.00%,0,23,-100.00%,0.00%,0.19
02/14/2026,19,Bata City Mall Nyali,Kenya,Coast,Mombasa,208,0,0.00%,37,0,0.00%,17.79%,0.00
01/02/2026,19,Bata City Mall Nyali,Kenya,Coast,Mombasa,402,0,0.00%,90,0,0.00%,22.39%,0.00
01/28/2026,19,Bata City Mall Nyali,Kenya,Coast,Mombasa,158,0,0.00%,0,0,0.00%,0.00%,0.00
03/09/2025,19,Bata City Mall Nyali,Kenya,Coast,Mombasa,0,215,-100.00%,0,31,-100.00%,0.00%,0.14
02/17/2026,19,Bata City Mall Nyali,Kenya,Coast,Mombasa,92,0,0.00%,12,0,0.00%,13.04%,0.00
01/04/2026,19,Bata City Mall Nyali,Kenya,Coast,Mombasa,631,0,0.00%,123,0,0.00%,19.49%,0.00
01/30/2026,19,Bata City Mall Nyali,Kenya,Coast,Mombasa,113,0,0.00%,0,0,0.00%,0.00%,0.00
01/03/2026,19,Bata City Mall Nyali,Kenya,Coast,Mombasa,458,0,0.00%,98,0,0.00%,21.40%,0.00
03/04/2026,19,Bata City Mall Nyali,Kenya,Coast,Mombasa,169,0,0.00%,40,0,0.00%,23.67%,0.00
01/10/2026,19,Bata City Mall Nyali,Kenya,Coast,Mombasa,316,0,0.00%,82,0,0.00%,25.95%,0.00
02/05/2026,19,Bata City Mall Nyali,Kenya,Coast,Mombasa,126,0,0.00%,26,0,0.00%,20.63%,0.00
01/13/2026,19,Bata City Mall Nyali,Kenya,Coast,Mombasa,191,0,0.00%,43,0,0.00%,22.57%,0.00
02/10/2026,19,Bata City Mall Nyali,Kenya,Coast,Mombasa,117,0,0.00%,23,0,0.00%,19.74%,0.00
01/17/2026,19,Bata City Mall Nyali,Kenya,Coast,Mombasa,279,0,0.00%,54,0,0.00%,19.35%,0.00
02/13/2026,19,Bata City Mall Nyali,Kenya,Coast,Mombasa,132,0,0.00%,26,0,0.00%,19.70%,0.00
01/19/2026,19,Bata City Mall Nyali,Kenya,Coast,Mombasa,116,0,0.00%,30,0,0.00%,25.97%,0.00
02/18/2026,19,Bata City Mall Nyali,Kenya,Coast,Mombasa,101,0,0.00%,18,0,0.00%,17.82%,0.00
01/20/2026,19,Bata City Mall Nyali,Kenya,Coast,Mombasa,121,0,0.00%,25,0,0.00%,20.75%,0.00
02/23/2026,19,Bata City Mall Nyali,Kenya,Coast,Mombasa,91,0,0.00%,14,0,0.00%,15.47%,0.00
01/21/2026,19,Bata City Mall Nyali,Kenya,Coast,Mombasa,118,0,0.00%,17,0,0.00%,14.41%,0.00
03/09/2026,19,Bata City Mall Nyali,Kenya,Coast,Mombasa,14,0,0.00%,0,0,0.00%,0.00%,0.00
01/22/2026,19,Bata City Mall Nyali,Kenya,Coast,Mombasa,62,0,0.00%,15,0,0.00%,24.39%,0.00
02/11/2026,19,Bata City Mall Nyali,Kenya,Coast,Mombasa,131,0,0.00%,31,0,0.00%,23.75%,0.00
01/23/2026,19,Bata City Mall Nyali,Kenya,Coast,Mombasa,116,0,0.00%,26,0,0.00%,22.51%,0.00
02/12/2026,19,Bata City Mall Nyali,Kenya,Coast,Mombasa,85,0,0.00%,15,0,0.00%,17.65%,0.00
01/31/2026,19,Bata City Mall Nyali,Kenya,Coast,Mombasa,247,0,0.00%,68,0,0.00%,27.59%,0.00
02/19/2026,19,Bata City Mall Nyali,Kenya,Coast,Mombasa,86,0,0.00%,12,0,0.00%,13.95%,0.00
02/02/2026,19,Bata City Mall Nyali,Kenya,Coast,Mombasa,98,0,0.00%,19,0,0.00%,19.49%,0.00
02/22/2026,19,Bata City Mall Nyali,Kenya,Coast,Mombasa,200,0,0.00%,33,0,0.00%,16.54%,0.00
02/08/2026,19,Bata City Mall Nyali,Kenya,Coast,Mombasa,325,0,0.00%,41,0,0.00%,12.62%,0.00
02/28/2026,19,Bata City Mall Nyali,Kenya,Coast,Mombasa,218,0,0.00%,31,0,0.00%,14.25%,0.00
02/15/2026,19,Bata City Mall Nyali,Kenya,Coast,Mombasa,337,0,0.00%,34,0,0.00%,10.09%,0.00
03/07/2026,19,Bata City Mall Nyali,Kenya,Coast,Mombasa,278,0,0.00%,44,0,0.00%,15.86%,0.00
03/01/2026,19,Bata City Mall Nyali,Kenya,Coast,Mombasa,315,0,0.00%,36,0,0.00%,11.43%,0.00
03/03/2026,19,Bata City Mall Nyali,Kenya,Coast,Mombasa,136,0,0.00%,27,0,0.00%,19.93%,0.00
03/06/2026,19,Bata City Mall Nyali,Kenya,Coast,Mombasa,140,0,0.00%,20,0,0.00%,14.34%,0.00
03/08/2026,19,Bata City Mall Nyali,Kenya,Coast,Mombasa,399,0,0.00%,55,0,0.00%,13.78%,0.00
01/14/2025,50,Bata Galleria Mall,Kenya,Nairobi East,Nairobi,0,134,-100.00%,0,82,-100.00%,0.00%,0.61
01/12/2025,50,Bata Galleria Mall,Kenya,Nairobi East,Nairobi,0,373,-100.00%,0,180,-100.00%,0.00%,0.48
01/10/2025,50,Bata Galleria Mall,Kenya,Nairobi East,Nairobi,0,215,-100.00%,0,114,-100.00%,0.00%,0.53
01/01/2025,50,Bata Galleria Mall,Kenya,Nairobi East,Nairobi,0,222,-100.00%,0,0,0.00%,0.00%,0.00
01/16/2025,50,Bata Galleria Mall,Kenya,Nairobi East,Nairobi,0,120,-100.00%,0,81,-100.00%,0.00%,0.68
01/03/2025,50,Bata Galleria Mall,Kenya,Nairobi East,Nairobi,0,546,-100.00%,0,390,-100.00%,0.00%,0.71
01/22/2025,50,Bata Galleria Mall,Kenya,Nairobi East,Nairobi,0,160,-100.00%,0,91,-100.00%,0.00%,0.57
01/06/2025,50,Bata Galleria Mall,Kenya,Nairobi East,Nairobi,0,901,-100.00%,0,379,-100.00%,0.00%,0.42
01/29/2025,50,Bata Galleria Mall,Kenya,Nairobi East,Nairobi,0,132,-100.00%,0,167,-100.00%,0.00%,1.27
01/15/2025,50,Bata Galleria Mall,Kenya,Nairobi East,Nairobi,0,158,-100.00%,0,82,-100.00%,0.00%,0.52
01/23/2025,50,Bata Galleria Mall,Kenya,Nairobi East,Nairobi,0,117,-100.00%,0,54,-100.00%,0.00%,0.46
01/02/2025,50,Bata Galleria Mall,Kenya,Nairobi East,Nairobi,0,400,-100.00%,0,68,-100.00%,0.00%,0.17
02/01/2025,50,Bata Galleria Mall,Kenya,Nairobi East,Nairobi,0,535,-100.00%,0,113,-100.00%,0.00%,0.21
01/05/2025,50,Bata Galleria Mall,Kenya,Nairobi East,Nairobi,0,690,-100.00%,0,308,-100.00%,0.00%,0.45
01/28/2025,50,Bata Galleria Mall,Kenya,Nairobi East,Nairobi,0,134,-100.00%,0,0,0.00%,0.00%,0.00
01/08/2025,50,Bata Galleria Mall,Kenya,Nairobi East,Nairobi,0,347,-100.00%,0,227,-100.00%,0.00%,0.65
02/03/2025,50,Bata Galleria Mall,Kenya,Nairobi East,Nairobi,0,384,-100.00%,0,70,-100.00%,0.00%,0.18
01/18/2025,50,Bata Galleria Mall,Kenya,Nairobi East,Nairobi,0,257,-100.00%,0,98,-100.00%,0.00%,0.38
02/05/2025,50,Bata Galleria Mall,Kenya,Nairobi East,Nairobi,0,383,-100.00%,0,62,-100.00%,0.00%,0.16
01/04/2025,50,Bata Galleria Mall,Kenya,Nairobi East,Nairobi,0,647,-100.00%,0,261,-100.00%,0.00%,0.40
02/14/2025,50,Bata Galleria Mall,Kenya,Nairobi East,Nairobi,0,475,-100.00%,0,110,-100.00%,0.00%,0.23
01/13/2025,50,Bata Galleria Mall,Kenya,Nairobi East,Nairobi,0,155,-100.00%,0,93,-100.00%,0.00%,0.60
02/07/2025,50,Bata Galleria Mall,Kenya,Nairobi East,Nairobi,0,400,-100.00%,0,97,-100.00%,0.00%,0.24
01/11/2025,50,Bata Galleria Mall,Kenya,Nairobi East,Nairobi,0,340,-100.00%,0,145,-100.00%,0.00%,0.43
02/28/2025,50,Bata Galleria Mall,Kenya,Nairobi East,Nairobi,0,469,-100.00%,0,97,-100.00%,0.00%,0.21
01/20/2025,50,Bata Galleria Mall,Kenya,Nairobi East,Nairobi,0,167,-100.00%,0,72,-100.00%,0.00%,0.43
02/08/2025,50,Bata Galleria Mall,Kenya,Nairobi East,Nairobi,0,564,-100.00%,0,96,-100.00%,0.00%,0.17
01/07/2025,50,Bata Galleria Mall,Kenya,Nairobi East,Nairobi,0,586,-100.00%,0,276,-100.00%,0.00%,0.47
03/07/2025,50,Bata Galleria Mall,Kenya,Nairobi East,Nairobi,0,391,-100.00%,0,75,-100.00%,0.00%,0.19
01/19/2025,50,Bata Galleria Mall,Kenya,Nairobi East,Nairobi,0,252,-100.00%,0,123,-100.00%,0.00%,0.49
02/13/2025,50,Bata Galleria Mall,Kenya,Nairobi East,Nairobi,0,423,-100.00%,0,80,-100.00%,0.00%,0.19
01/21/2025,50,Bata Galleria Mall,Kenya,Nairobi East,Nairobi,0,145,-100.00%,0,61,-100.00%,0.00%,0.42
03/08/2025,50,Bata Galleria Mall,Kenya,Nairobi East,Nairobi,0,549,-100.00%,0,108,-100.00%,0.00%,0.20
02/10/2025,50,Bata Galleria Mall,Kenya,Nairobi East,Nairobi,0,281,-100.00%,0,58,-100.00%,0.00%,0.21
02/23/2025,50,Bata Galleria Mall,Kenya,Nairobi East,Nairobi,0,519,-100.00%,0,98,-100.00%,0.00%,0.19
01/09/2025,50,Bata Galleria Mall,Kenya,Nairobi East,Nairobi,0,237,-100.00%,0,106,-100.00%,0.00%,0.45
01/03/2026,50,Bata Galleria Mall,Kenya,Nairobi East,Nairobi,1277,0,0.00%,50,0,0.00%,3.92%,0.00
01/26/2025,50,Bata Galleria Mall,Kenya,Nairobi East,Nairobi,0,265,-100.00%,0,110,-100.00%,0.00%,0.42
02/24/2025,50,Bata Galleria Mall,Kenya,Nairobi East,Nairobi,0,296,-100.00%,0,62,-100.00%,0.00%,0.21
01/24/2025,50,Bata Galleria Mall,Kenya,Nairobi East,Nairobi,0,162,-100.00%,0,78,-100.00%,0.00%,0.48
01/06/2026,50,Bata Galleria Mall,Kenya,Nairobi East,Nairobi,1547,0,0.00%,310,0,0.00%,20.05%,0.00
02/18/2025,50,Bata Galleria Mall,Kenya,Nairobi East,Nairobi,0,140,-100.00%,0,77,-100.00%,0.00%,0.55
03/03/2025,50,Bata Galleria Mall,Kenya,Nairobi East,Nairobi,0,525,-100.00%,0,117,-100.00%,0.00%,0.22
01/17/2025,50,Bata Galleria Mall,Kenya,Nairobi East,Nairobi,0,138,-100.00%,0,57,-100.00%,0.00%,0.41
01/08/2026,50,Bata Galleria Mall,Kenya,Nairobi East,Nairobi,1032,0,0.00%,161,0,0.00%,15.60%,0.00
01/27/2025,50,Bata Galleria Mall,Kenya,Nairobi East,Nairobi,0,114,-100.00%,0,0,0.00%,0.00%,0.00
03/04/2025,50,Bata Galleria Mall,Kenya,Nairobi East,Nairobi,0,440,-100.00%,0,87,-100.00%,0.00%,0.20
02/06/2025,50,Bata Galleria Mall,Kenya,Nairobi East,Nairobi,0,352,-100.00%,0,68,-100.00%,0.00%,0.19
01/09/2026,50,Bata Galleria Mall,Kenya,Nairobi East,Nairobi,609,0,0.00%,94,0,0.00%,15.44%,0.00
02/26/2025,50,Bata Galleria Mall,Kenya,Nairobi East,Nairobi,0,494,-100.00%,0,78,-100.00%,0.00%,0.16
01/04/2026,50,Bata Galleria Mall,Kenya,Nairobi East,Nairobi,1554,0,0.00%,564,0,0.00%,36.31%,0.00
01/25/2025,50,Bata Galleria Mall,Kenya,Nairobi East,Nairobi,0,249,-100.00%,0,103,-100.00%,0.00%,0.41
01/16/2026,50,Bata Galleria Mall,Kenya,Nairobi East,Nairobi,559,0,0.00%,91,0,0.00%,16.29%,0.00
02/04/2025,50,Bata Galleria Mall,Kenya,Nairobi East,Nairobi,0,327,-100.00%,0,66,-100.00%,0.00%,0.20
01/10/2026,50,Bata Galleria Mall,Kenya,Nairobi East,Nairobi,1023,0,0.00%,192,0,0.00%,18.77%,0.00
02/11/2025,50,Bata Galleria Mall,Kenya,Nairobi East,Nairobi,0,401,-100.00%,0,67,-100.00%,0.00%,0.17
01/19/2026,50,Bata Galleria Mall,Kenya,Nairobi East,Nairobi,476,0,0.00%,74,0,0.00%,15.56%,0.00
03/01/2025,50,Bata Galleria Mall,Kenya,Nairobi East,Nairobi,0,606,-100.00%,0,120,-100.00%,0.00%,0.20
01/13/2026,50,Bata Galleria Mall,Kenya,Nairobi East,Nairobi,698,0,0.00%,129,0,0.00%,18.48%,0.00
01/30/2025,50,Bata Galleria Mall,Kenya,Nairobi East,Nairobi,0,332,-100.00%,0,115,-100.00%,0.00%,0.35
01/24/2026,50,Bata Galleria Mall,Kenya,Nairobi East,Nairobi,580,0,0.00%,96,0,0.00%,16.57%,0.00
02/09/2025,50,Bata Galleria Mall,Kenya,Nairobi East,Nairobi,0,684,-100.00%,0,122,-100.00%,0.00%,0.18
01/21/2026,50,Bata Galleria Mall,Kenya,Nairobi East,Nairobi,336,0,0.00%,72,0,0.00%,21.46%,0.00
02/12/2025,50,Bata Galleria Mall,Kenya,Nairobi East,Nairobi,0,374,-100.00%,0,74,-100.00%,0.00%,0.20
01/27/2026,50,Bata Galleria Mall,Kenya,Nairobi East,Nairobi,410,0,0.00%,0,0,0.00%,0.00%,0.00
03/09/2025,50,Bata Galleria Mall,Kenya,Nairobi East,Nairobi,0,579,-100.00%,0,103,-100.00%,0.00%,0.18
01/31/2026,50,Bata Galleria Mall,Kenya,Nairobi East,Nairobi,537,0,0.00%,89,0,0.00%,16.57%,0.00
01/31/2025,50,Bata Galleria Mall,Kenya,Nairobi East,Nairobi,0,326,-100.00%,0,71,-100.00%,0.00%,0.22
02/03/2026,50,Bata Galleria Mall,Kenya,Nairobi East,Nairobi,372,0,0.00%,63,0,0.00%,16.94%,0.00
02/17/2025,50,Bata Galleria Mall,Kenya,Nairobi East,Nairobi,0,2,-100.00%,0,70,-100.00%,0.00%,35.00
02/13/2026,50,Bata Galleria Mall,Kenya,Nairobi East,Nairobi,387,0,0.00%,80,0,0.00%,20.67%,0.00
02/19/2025,50,Bata Galleria Mall,Kenya,Nairobi East,Nairobi,0,346,-100.00%,0,55,-100.00%,0.00%,0.16
02/21/2026,50,Bata Galleria Mall,Kenya,Nairobi East,Nairobi,530,0,0.00%,239,0,0.00%,45.09%,0.00
01/07/2026,50,Bata Galleria Mall,Kenya,Nairobi East,Nairobi,967,0,0.00%,216,0,0.00%,22.34%,0.00
02/24/2026,50,Bata Galleria Mall,Kenya,Nairobi East,Nairobi,362,0,0.00%,62,0,0.00%,17.13%,0.00
02/02/2025,50,Bata Galleria Mall,Kenya,Nairobi East,Nairobi,0,691,-100.00%,0,107,-100.00%,0.00%,0.15
02/20/2025,50,Bata Galleria Mall,Kenya,Nairobi East,Nairobi,0,374,-100.00%,0,63,-100.00%,0.00%,0.17
03/02/2025,50,Bata Galleria Mall,Kenya,Nairobi East,Nairobi,0,698,-100.00%,0,137,-100.00%,0.00%,0.20
01/12/2026,50,Bata Galleria Mall,Kenya,Nairobi East,Nairobi,683,0,0.00%,140,0,0.00%,20.51%,0.00
02/15/2025,50,Bata Galleria Mall,Kenya,Nairobi East,Nairobi,0,524,-100.00%,0,84,-100.00%,0.00%,0.16
02/22/2025,50,Bata Galleria Mall,Kenya,Nairobi East,Nairobi,0,543,-100.00%,0,95,-100.00%,0.00%,0.17
03/05/2025,50,Bata Galleria Mall,Kenya,Nairobi East,Nairobi,0,373,-100.00%,0,81,-100.00%,0.00%,0.22
01/15/2026,50,Bata Galleria Mall,Kenya,Nairobi East,Nairobi,448,0,0.00%,76,0,0.00%,16.98%,0.00
02/16/2025,50,Bata Galleria Mall,Kenya,Nairobi East,Nairobi,0,586,-100.00%,0,84,-100.00%,0.00%,0.14
02/25/2025,50,Bata Galleria Mall,Kenya,Nairobi East,Nairobi,0,342,-100.00%,0,69,-100.00%,0.00%,0.20
01/01/2026,50,Bata Galleria Mall,Kenya,Nairobi East,Nairobi,701,0,0.00%,0,0,0.00%,0.00%,0.00
01/20/2026,50,Bata Galleria Mall,Kenya,Nairobi East,Nairobi,380,0,0.00%,62,0,0.00%,16.34%,0.00
02/21/2025,50,Bata Galleria Mall,Kenya,Nairobi East,Nairobi,0,347,-100.00%,0,65,-100.00%,0.00%,0.19
02/27/2025,50,Bata Galleria Mall,Kenya,Nairobi East,Nairobi,0,366,-100.00%,0,74,-100.00%,0.00%,0.20
01/11/2026,50,Bata Galleria Mall,Kenya,Nairobi East,Nairobi,1384,0,0.00%,224,0,0.00%,16.19%,0.00
01/23/2026,50,Bata Galleria Mall,Kenya,Nairobi East,Nairobi,390,0,0.00%,71,0,0.00%,18.23%,0.00
03/06/2025,50,Bata Galleria Mall,Kenya,Nairobi East,Nairobi,0,350,-100.00%,0,79,-100.00%,0.00%,0.23
01/17/2026,50,Bata Galleria Mall,Kenya,Nairobi East,Nairobi,754,0,0.00%,133,0,0.00%,17.65%,0.00
01/14/2026,50,Bata Galleria Mall,Kenya,Nairobi East,Nairobi,509,0,0.00%,89,0,0.00%,17.50%,0.00
01/26/2026,50,Bata Galleria Mall,Kenya,Nairobi East,Nairobi,364,0,0.00%,2,0,0.00%,0.55%,0.00
01/02/2026,50,Bata Galleria Mall,Kenya,Nairobi East,Nairobi,1001,0,0.00%,0,0,0.00%,0.00%,0.00
01/22/2026,50,Bata Galleria Mall,Kenya,Nairobi East,Nairobi,400,0,0.00%,78,0,0.00%,19.50%,0.00
01/25/2026,50,Bata Galleria Mall,Kenya,Nairobi East,Nairobi,733,0,0.00%,133,0,0.00%,18.16%,0.00
01/28/2026,50,Bata Galleria Mall,Kenya,Nairobi East,Nairobi,334,0,0.00%,83,0,0.00%,24.85%,0.00
01/05/2026,50,Bata Galleria Mall,Kenya,Nairobi East,Nairobi,1611,0,0.00%,405,0,0.00%,25.15%,0.00
01/30/2026,50,Bata Galleria Mall,Kenya,Nairobi East,Nairobi,401,0,0.00%,79,0,0.00%,19.70%,0.00
02/01/2026,50,Bata Galleria Mall,Kenya,Nairobi East,Nairobi,736,0,0.00%,125,0,0.00%,16.98%,0.00
01/29/2026,50,Bata Galleria Mall,Kenya,Nairobi East,Nairobi,411,0,0.00%,185,0,0.00%,45.01%,0.00
01/18/2026,50,Bata Galleria Mall,Kenya,Nairobi East,Nairobi,772,0,0.00%,128,0,0.00%,16.58%,0.00
02/02/2026,50,Bata Galleria Mall,Kenya,Nairobi East,Nairobi,342,0,0.00%,66,0,0.00%,19.33%,0.00
02/04/2026,50,Bata Galleria Mall,Kenya,Nairobi East,Nairobi,374,0,0.00%,66,0,0.00%,17.67%,0.00
02/18/2026,50,Bata Galleria Mall,Kenya,Nairobi East,Nairobi,288,0,0.00%,0,0,0.00%,0.00%,0.00
02/05/2026,50,Bata Galleria Mall,Kenya,Nairobi East,Nairobi,400,0,0.00%,71,0,0.00%,17.77%,0.00
02/10/2026,50,Bata Galleria Mall,Kenya,Nairobi East,Nairobi,373,0,0.00%,76,0,0.00%,20.38%,0.00
02/07/2026,50,Bata Galleria Mall,Kenya,Nairobi East,Nairobi,575,0,0.00%,101,0,0.00%,17.58%,0.00
02/19/2026,50,Bata Galleria Mall,Kenya,Nairobi East,Nairobi,295,0,0.00%,0,0,0.00%,0.00%,0.00
02/06/2026,50,Bata Galleria Mall,Kenya,Nairobi East,Nairobi,362,0,0.00%,54,0,0.00%,14.92%,0.00
02/12/2026,50,Bata Galleria Mall,Kenya,Nairobi East,Nairobi,355,0,0.00%,70,0,0.00%,19.72%,0.00
02/09/2026,50,Bata Galleria Mall,Kenya,Nairobi East,Nairobi,315,0,0.00%,54,0,0.00%,17.17%,0.00
02/26/2026,50,Bata Galleria Mall,Kenya,Nairobi East,Nairobi,468,0,0.00%,73,0,0.00%,15.61%,0.00
02/08/2026,50,Bata Galleria Mall,Kenya,Nairobi East,Nairobi,732,0,0.00%,117,0,0.00%,15.98%,0.00
02/15/2026,50,Bata Galleria Mall,Kenya,Nairobi East,Nairobi,618,0,0.00%,99,0,0.00%,16.03%,0.00
02/14/2026,50,Bata Galleria Mall,Kenya,Nairobi East,Nairobi,569,0,0.00%,82,0,0.00%,14.42%,0.00
02/27/2026,50,Bata Galleria Mall,Kenya,Nairobi East,Nairobi,498,0,0.00%,110,0,0.00%,22.11%,0.00
02/11/2026,50,Bata Galleria Mall,Kenya,Nairobi East,Nairobi,381,0,0.00%,70,0,0.00%,18.40%,0.00
02/20/2026,50,Bata Galleria Mall,Kenya,Nairobi East,Nairobi,308,0,0.00%,53,0,0.00%,17.21%,0.00
02/17/2026,50,Bata Galleria Mall,Kenya,Nairobi East,Nairobi,334,0,0.00%,0,0,0.00%,0.00%,0.00
03/04/2026,50,Bata Galleria Mall,Kenya,Nairobi East,Nairobi,480,0,0.00%,92,0,0.00%,19.17%,0.00
02/16/2026,50,Bata Galleria Mall,Kenya,Nairobi East,Nairobi,365,0,0.00%,67,0,0.00%,18.36%,0.00
03/03/2026,50,Bata Galleria Mall,Kenya,Nairobi East,Nairobi,423,0,0.00%,97,0,0.00%,22.96%,0.00
02/22/2026,50,Bata Galleria Mall,Kenya,Nairobi East,Nairobi,660,0,0.00%,109,0,0.00%,16.53%,0.00
03/06/2026,50,Bata Galleria Mall,Kenya,Nairobi East,Nairobi,469,0,0.00%,87,0,0.00%,18.57%,0.00
03/01/2026,50,Bata Galleria Mall,Kenya,Nairobi East,Nairobi,959,0,0.00%,170,0,0.00%,17.74%,0.00
03/05/2026,50,Bata Galleria Mall,Kenya,Nairobi East,Nairobi,401,0,0.00%,56,0,0.00%,13.97%,0.00
02/23/2026,50,Bata Galleria Mall,Kenya,Nairobi East,Nairobi,393,0,0.00%,70,0,0.00%,17.83%,0.00
03/08/2026,50,Bata Galleria Mall,Kenya,Nairobi East,Nairobi,833,0,0.00%,134,0,0.00%,16.09%,0.00
03/07/2026,50,Bata Galleria Mall,Kenya,Nairobi East,Nairobi,530,0,0.00%,106,0,0.00%,20.02%,0.00
02/25/2026,50,Bata Galleria Mall,Kenya,Nairobi East,Nairobi,433,0,0.00%,70,0,0.00%,16.18%,0.00
03/09/2026,50,Bata Galleria Mall,Kenya,Nairobi East,Nairobi,34,0,0.00%,0,0,0.00%,0.00%,0.00
02/28/2026,50,Bata Galleria Mall,Kenya,Nairobi East,Nairobi,841,0,0.00%,152,0,0.00%,18.08%,0.00
03/02/2026,50,Bata Galleria Mall,Kenya,Nairobi East,Nairobi,499,0,0.00%,100,0,0.00%,20.06%,0.00
01/08/2025,31,Bata Garden City,Kenya,Nairobi East,Nairobi,0,528,-100.00%,0,126,-100.00%,0.00%,0.24
01/03/2025,31,Bata Garden City,Kenya,Nairobi East,Nairobi,0,1048,-100.00%,0,184,-100.00%,0.00%,0.18
01/06/2025,31,Bata Garden City,Kenya,Nairobi East,Nairobi,0,1481,-100.00%,0,328,-100.00%,0.00%,0.22
01/01/2025,31,Bata Garden City,Kenya,Nairobi East,Nairobi,0,606,-100.00%,0,0,0.00%,0.00%,0.00
01/13/2025,31,Bata Garden City,Kenya,Nairobi East,Nairobi,0,328,-100.00%,0,75,-100.00%,0.00%,0.23
01/07/2025,31,Bata Garden City,Kenya,Nairobi East,Nairobi,0,963,-100.00%,0,242,-100.00%,0.00%,0.25
01/09/2025,31,Bata Garden City,Kenya,Nairobi East,Nairobi,0,297,-100.00%,0,63,-100.00%,0.00%,0.21
01/02/2025,31,Bata Garden City,Kenya,Nairobi East,Nairobi,0,897,-100.00%,0,246,-100.00%,0.00%,0.27
01/15/2025,31,Bata Garden City,Kenya,Nairobi East,Nairobi,0,196,-100.00%,0,37,-100.00%,0.00%,0.19
01/14/2025,31,Bata Garden City,Kenya,Nairobi East,Nairobi,0,264,-100.00%,0,59,-100.00%,0.00%,0.22
01/11/2025,31,Bata Garden City,Kenya,Nairobi East,Nairobi,0,667,-100.00%,0,126,-100.00%,0.00%,0.19
01/04/2025,31,Bata Garden City,Kenya,Nairobi East,Nairobi,0,1154,-100.00%,0,238,-100.00%,0.00%,0.21
01/18/2025,31,Bata Garden City,Kenya,Nairobi East,Nairobi,0,430,-100.00%,0,76,-100.00%,0.00%,0.18
01/10/2025,31,Bata Garden City,Kenya,Nairobi East,Nairobi,0,302,-100.00%,0,65,-100.00%,0.00%,0.22
01/25/2025,31,Bata Garden City,Kenya,Nairobi East,Nairobi,0,433,-100.00%,0,90,-100.00%,0.00%,0.21
01/05/2025,31,Bata Garden City,Kenya,Nairobi East,Nairobi,0,1851,-100.00%,0,284,-100.00%,0.00%,0.15
01/26/2025,31,Bata Garden City,Kenya,Nairobi East,Nairobi,0,472,-100.00%,0,74,-100.00%,0.00%,0.16
01/16/2025,31,Bata Garden City,Kenya,Nairobi East,Nairobi,0,191,-100.00%,0,53,-100.00%,0.00%,0.28
02/02/2025,31,Bata Garden City,Kenya,Nairobi East,Nairobi,0,547,-100.00%,0,93,-100.00%,0.00%,0.17
01/17/2025,31,Bata Garden City,Kenya,Nairobi East,Nairobi,0,151,-100.00%,0,31,-100.00%,0.00%,0.21
02/05/2025,31,Bata Garden City,Kenya,Nairobi East,Nairobi,0,174,-100.00%,0,36,-100.00%,0.00%,0.21
01/20/2025,31,Bata Garden City,Kenya,Nairobi East,Nairobi,0,172,-100.00%,0,38,-100.00%,0.00%,0.22
02/04/2025,31,Bata Garden City,Kenya,Nairobi East,Nairobi,0,147,-100.00%,0,34,-100.00%,0.00%,0.23
01/12/2025,31,Bata Garden City,Kenya,Nairobi East,Nairobi,0,994,-100.00%,0,147,-100.00%,0.00%,0.15
02/06/2025,31,Bata Garden City,Kenya,Nairobi East,Nairobi,0,214,-100.00%,0,52,-100.00%,0.00%,0.24
01/19/2025,31,Bata Garden City,Kenya,Nairobi East,Nairobi,0,487,-100.00%,0,81,-100.00%,0.00%,0.17
02/07/2025,31,Bata Garden City,Kenya,Nairobi East,Nairobi,0,168,-100.00%,0,31,-100.00%,0.00%,0.18
01/22/2025,31,Bata Garden City,Kenya,Nairobi East,Nairobi,0,217,-100.00%,0,47,-100.00%,0.00%,0.22
02/08/2025,31,Bata Garden City,Kenya,Nairobi East,Nairobi,0,329,-100.00%,0,69,-100.00%,0.00%,0.21
01/21/2025,31,Bata Garden City,Kenya,Nairobi East,Nairobi,0,186,-100.00%,0,43,-100.00%,0.00%,0.23
02/10/2025,31,Bata Garden City,Kenya,Nairobi East,Nairobi,0,155,-100.00%,0,39,-100.00%,0.00%,0.25
01/23/2025,31,Bata Garden City,Kenya,Nairobi East,Nairobi,0,215,-100.00%,0,47,-100.00%,0.00%,0.22
02/19/2025,31,Bata Garden City,Kenya,Nairobi East,Nairobi,0,161,-100.00%,0,32,-100.00%,0.00%,0.20
01/24/2025,31,Bata Garden City,Kenya,Nairobi East,Nairobi,0,217,-100.00%,0,55,-100.00%,0.00%,0.25
02/15/2025,31,Bata Garden City,Kenya,Nairobi East,Nairobi,0,321,-100.00%,0,66,-100.00%,0.00%,0.21
01/27/2025,31,Bata Garden City,Kenya,Nairobi East,Nairobi,0,164,-100.00%,0,0,0.00%,0.00%,0.00
02/22/2025,31,Bata Garden City,Kenya,Nairobi East,Nairobi,0,297,-100.00%,0,50,-100.00%,0.00%,0.17
01/31/2025,31,Bata Garden City,Kenya,Nairobi East,Nairobi,0,160,-100.00%,0,36,-100.00%,0.00%,0.23
02/17/2025,31,Bata Garden City,Kenya,Nairobi East,Nairobi,0,175,-100.00%,0,37,-100.00%,0.00%,0.21
01/28/2025,31,Bata Garden City,Kenya,Nairobi East,Nairobi,0,210,-100.00%,0,0,0.00%,0.00%,0.00
02/27/2025,31,Bata Garden City,Kenya,Nairobi East,Nairobi,0,249,-100.00%,0,47,-100.00%,0.00%,0.19
01/30/2025,31,Bata Garden City,Kenya,Nairobi East,Nairobi,0,160,-100.00%,0,37,-100.00%,0.00%,0.23
02/25/2025,31,Bata Garden City,Kenya,Nairobi East,Nairobi,0,148,-100.00%,0,29,-100.00%,0.00%,0.20
02/09/2025,31,Bata Garden City,Kenya,Nairobi East,Nairobi,0,447,-100.00%,0,90,-100.00%,0.00%,0.20
03/01/2025,31,Bata Garden City,Kenya,Nairobi East,Nairobi,0,571,-100.00%,0,101,-100.00%,0.00%,0.18
02/03/2025,31,Bata Garden City,Kenya,Nairobi East,Nairobi,0,164,-100.00%,0,35,-100.00%,0.00%,0.21
03/08/2025,31,Bata Garden City,Kenya,Nairobi East,Nairobi,0,340,-100.00%,0,60,-100.00%,0.00%,0.18
01/29/2025,31,Bata Garden City,Kenya,Nairobi East,Nairobi,0,186,-100.00%,0,95,-100.00%,0.00%,0.51
03/04/2025,31,Bata Garden City,Kenya,Nairobi East,Nairobi,0,269,-100.00%,0,78,-100.00%,0.00%,0.29
02/01/2025,31,Bata Garden City,Kenya,Nairobi East,Nairobi,0,451,-100.00%,0,84,-100.00%,0.00%,0.19
01/01/2026,31,Bata Garden City,Kenya,Nairobi East,Nairobi,545,0,0.00%,0,0,0.00%,0.00%,0.00
02/18/2025,31,Bata Garden City,Kenya,Nairobi East,Nairobi,0,157,-100.00%,0,24,-100.00%,0.00%,0.15
03/06/2025,31,Bata Garden City,Kenya,Nairobi East,Nairobi,0,114,-100.00%,0,44,-100.00%,0.00%,0.39
02/16/2025,31,Bata Garden City,Kenya,Nairobi East,Nairobi,0,409,-100.00%,0,66,-100.00%,0.00%,0.16
01/04/2026,31,Bata Garden City,Kenya,Nairobi East,Nairobi,1818,0,0.00%,318,0,0.00%,17.50%,0.00
02/11/2025,31,Bata Garden City,Kenya,Nairobi East,Nairobi,0,151,-100.00%,0,32,-100.00%,0.00%,0.21
03/07/2025,31,Bata Garden City,Kenya,Nairobi East,Nairobi,0,188,-100.00%,0,34,-100.00%,0.00%,0.18
02/12/2025,31,Bata Garden City,Kenya,Nairobi East,Nairobi,0,181,-100.00%,0,37,-100.00%,0.00%,0.20
01/06/2026,31,Bata Garden City,Kenya,Nairobi East,Nairobi,949,0,0.00%,250,0,0.00%,26.36%,0.00
02/20/2025,31,Bata Garden City,Kenya,Nairobi East,Nairobi,0,150,-100.00%,0,38,-100.00%,0.00%,0.25
03/09/2025,31,Bata Garden City,Kenya,Nairobi East,Nairobi,0,350,-100.00%,0,62,-100.00%,0.00%,0.18
02/21/2025,31,Bata Garden City,Kenya,Nairobi East,Nairobi,0,162,-100.00%,0,27,-100.00%,0.00%,0.17
01/14/2026,31,Bata Garden City,Kenya,Nairobi East,Nairobi,246,0,0.00%,62,0,0.00%,25.20%,0.00
02/13/2025,31,Bata Garden City,Kenya,Nairobi East,Nairobi,0,219,-100.00%,0,43,-100.00%,0.00%,0.20
01/05/2026,31,Bata Garden City,Kenya,Nairobi East,Nairobi,837,0,0.00%,295,0,0.00%,35.24%,0.00
02/23/2025,31,Bata Garden City,Kenya,Nairobi East,Nairobi,0,340,-100.00%,0,68,-100.00%,0.00%,0.20
01/22/2026,31,Bata Garden City,Kenya,Nairobi East,Nairobi,156,0,0.00%,30,0,0.00%,19.23%,0.00
02/26/2025,31,Bata Garden City,Kenya,Nairobi East,Nairobi,0,173,-100.00%,0,31,-100.00%,0.00%,0.18
01/16/2026,31,Bata Garden City,Kenya,Nairobi East,Nairobi,223,0,0.00%,43,0,0.00%,19.28%,0.00
02/24/2025,31,Bata Garden City,Kenya,Nairobi East,Nairobi,0,132,-100.00%,0,24,-100.00%,0.00%,0.18
01/28/2026,31,Bata Garden City,Kenya,Nairobi East,Nairobi,141,0,0.00%,32,0,0.00%,22.70%,0.00
02/14/2025,31,Bata Garden City,Kenya,Nairobi East,Nairobi,0,322,-100.00%,0,71,-100.00%,0.00%,0.22
01/18/2026,31,Bata Garden City,Kenya,Nairobi East,Nairobi,465,0,0.00%,82,0,0.00%,17.63%,0.00
03/05/2025,31,Bata Garden City,Kenya,Nairobi East,Nairobi,0,146,-100.00%,0,45,-100.00%,0.00%,0.31
01/30/2026,31,Bata Garden City,Kenya,Nairobi East,Nairobi,186,0,0.00%,36,0,0.00%,19.41%,0.00
02/28/2025,31,Bata Garden City,Kenya,Nairobi East,Nairobi,0,309,-100.00%,0,57,-100.00%,0.00%,0.18
01/19/2026,31,Bata Garden City,Kenya,Nairobi East,Nairobi,207,0,0.00%,46,0,0.00%,22.22%,0.00
01/10/2026,31,Bata Garden City,Kenya,Nairobi East,Nairobi,762,0,0.00%,170,0,0.00%,22.32%,0.00
02/02/2026,31,Bata Garden City,Kenya,Nairobi East,Nairobi,159,0,0.00%,28,0,0.00%,17.67%,0.00
01/02/2026,31,Bata Garden City,Kenya,Nairobi East,Nairobi,748,0,0.00%,252,0,0.00%,33.71%,0.00
01/21/2026,31,Bata Garden City,Kenya,Nairobi East,Nairobi,117,0,0.00%,33,0,0.00%,28.33%,0.00
01/07/2026,31,Bata Garden City,Kenya,Nairobi East,Nairobi,401,0,0.00%,179,0,0.00%,44.64%,0.00
02/05/2026,31,Bata Garden City,Kenya,Nairobi East,Nairobi,161,0,0.00%,39,0,0.00%,24.30%,0.00
03/02/2025,31,Bata Garden City,Kenya,Nairobi East,Nairobi,0,762,-100.00%,0,126,-100.00%,0.00%,0.17
01/24/2026,31,Bata Garden City,Kenya,Nairobi East,Nairobi,326,0,0.00%,65,0,0.00%,19.97%,0.00
01/29/2026,31,Bata Garden City,Kenya,Nairobi East,Nairobi,132,0,0.00%,36,0,0.00%,27.38%,0.00
02/10/2026,31,Bata Garden City,Kenya,Nairobi East,Nairobi,166,0,0.00%,32,0,0.00%,19.34%,0.00
01/03/2026,31,Bata Garden City,Kenya,Nairobi East,Nairobi,1127,0,0.00%,244,0,0.00%,21.66%,0.00
01/26/2026,31,Bata Garden City,Kenya,Nairobi East,Nairobi,156,0,0.00%,0,0,0.00%,0.00%,0.00
01/12/2026,31,Bata Garden City,Kenya,Nairobi East,Nairobi,323,0,0.00%,92,0,0.00%,28.53%,0.00
02/13/2026,31,Bata Garden City,Kenya,Nairobi East,Nairobi,223,0,0.00%,37,0,0.00%,16.63%,0.00
03/03/2025,31,Bata Garden City,Kenya,Nairobi East,Nairobi,0,314,-100.00%,0,79,-100.00%,0.00%,0.25
01/27/2026,31,Bata Garden City,Kenya,Nairobi East,Nairobi,139,0,0.00%,53,0,0.00%,38.13%,0.00
02/16/2026,31,Bata Garden City,Kenya,Nairobi East,Nairobi,140,0,0.00%,35,0,0.00%,25.09%,0.00
03/01/2026,31,Bata Garden City,Kenya,Nairobi East,Nairobi,743,0,0.00%,131,0,0.00%,17.63%,0.00
01/08/2026,31,Bata Garden City,Kenya,Nairobi East,Nairobi,415,0,0.00%,117,0,0.00%,28.23%,0.00
02/08/2026,31,Bata Garden City,Kenya,Nairobi East,Nairobi,470,0,0.00%,81,0,0.00%,17.23%,0.00
01/25/2026,31,Bata Garden City,Kenya,Nairobi East,Nairobi,460,0,0.00%,82,0,0.00%,17.85%,0.00
03/06/2026,31,Bata Garden City,Kenya,Nairobi East,Nairobi,173,0,0.00%,41,0,0.00%,23.70%,0.00
01/09/2026,31,Bata Garden City,Kenya,Nairobi East,Nairobi,415,0,0.00%,104,0,0.00%,25.06%,0.00
02/11/2026,31,Bata Garden City,Kenya,Nairobi East,Nairobi,164,0,0.00%,27,0,0.00%,16.51%,0.00
02/19/2026,31,Bata Garden City,Kenya,Nairobi East,Nairobi,155,0,0.00%,33,0,0.00%,21.29%,0.00
03/08/2026,31,Bata Garden City,Kenya,Nairobi East,Nairobi,520,0,0.00%,88,0,0.00%,16.94%,0.00
01/11/2026,31,Bata Garden City,Kenya,Nairobi East,Nairobi,1188,0,0.00%,222,0,0.00%,18.69%,0.00
02/14/2026,31,Bata Garden City,Kenya,Nairobi East,Nairobi,442,0,0.00%,86,0,0.00%,19.48%,0.00
01/31/2026,31,Bata Garden City,Kenya,Nairobi East,Nairobi,326,0,0.00%,68,0,0.00%,20.86%,0.00
02/22/2026,31,Bata Garden City,Kenya,Nairobi East,Nairobi,306,0,0.00%,61,0,0.00%,19.97%,0.00
01/15/2026,31,Bata Garden City,Kenya,Nairobi East,Nairobi,245,0,0.00%,58,0,0.00%,23.67%,0.00
02/24/2026,31,Bata Garden City,Kenya,Nairobi East,Nairobi,150,0,0.00%,38,0,0.00%,25.33%,0.00
01/13/2026,31,Bata Garden City,Kenya,Nairobi East,Nairobi,370,0,0.00%,95,0,0.00%,25.68%,0.00
02/07/2026,31,Bata Garden City,Kenya,Nairobi East,Nairobi,363,0,0.00%,80,0,0.00%,22.07%,0.00
01/17/2026,31,Bata Garden City,Kenya,Nairobi East,Nairobi,350,0,0.00%,65,0,0.00%,18.60%,0.00
02/25/2026,31,Bata Garden City,Kenya,Nairobi East,Nairobi,196,0,0.00%,36,0,0.00%,18.37%,0.00
02/01/2026,31,Bata Garden City,Kenya,Nairobi East,Nairobi,524,0,0.00%,90,0,0.00%,17.18%,0.00
02/18/2026,31,Bata Garden City,Kenya,Nairobi East,Nairobi,148,0,0.00%,34,0,0.00%,22.97%,0.00
01/20/2026,31,Bata Garden City,Kenya,Nairobi East,Nairobi,165,0,0.00%,38,0,0.00%,23.03%,0.00
03/05/2026,31,Bata Garden City,Kenya,Nairobi East,Nairobi,160,0,0.00%,41,0,0.00%,25.71%,0.00
02/03/2026,31,Bata Garden City,Kenya,Nairobi East,Nairobi,168,0,0.00%,41,0,0.00%,24.48%,0.00
02/20/2026,31,Bata Garden City,Kenya,Nairobi East,Nairobi,155,0,0.00%,33,0,0.00%,21.36%,0.00
01/23/2026,31,Bata Garden City,Kenya,Nairobi East,Nairobi,182,0,0.00%,51,0,0.00%,28.10%,0.00
02/21/2026,31,Bata Garden City,Kenya,Nairobi East,Nairobi,292,0,0.00%,59,0,0.00%,20.24%,0.00
02/04/2026,31,Bata Garden City,Kenya,Nairobi East,Nairobi,177,0,0.00%,32,0,0.00%,18.08%,0.00
02/23/2026,31,Bata Garden City,Kenya,Nairobi East,Nairobi,134,0,0.00%,29,0,0.00%,21.72%,0.00
02/12/2026,31,Bata Garden City,Kenya,Nairobi East,Nairobi,145,0,0.00%,29,0,0.00%,20.07%,0.00
02/26/2026,31,Bata Garden City,Kenya,Nairobi East,Nairobi,203,0,0.00%,44,0,0.00%,21.67%,0.00
02/06/2026,31,Bata Garden City,Kenya,Nairobi East,Nairobi,171,0,0.00%,35,0,0.00%,20.47%,0.00
02/15/2026,31,Bata Garden City,Kenya,Nairobi East,Nairobi,424,0,0.00%,75,0,0.00%,17.69%,0.00
02/09/2026,31,Bata Garden City,Kenya,Nairobi East,Nairobi,136,0,0.00%,32,0,0.00%,23.62%,0.00
02/28/2026,31,Bata Garden City,Kenya,Nairobi East,Nairobi,489,0,0.00%,97,0,0.00%,19.84%,0.00
02/17/2026,31,Bata Garden City,Kenya,Nairobi East,Nairobi,148,0,0.00%,36,0,0.00%,24.32%,0.00
03/03/2026,31,Bata Garden City,Kenya,Nairobi East,Nairobi,219,0,0.00%,63,0,0.00%,28.83%,0.00
02/27/2026,31,Bata Garden City,Kenya,Nairobi East,Nairobi,266,0,0.00%,54,0,0.00%,20.30%,0.00
03/09/2026,31,Bata Garden City,Kenya,Nairobi East,Nairobi,12,0,0.00%,0,0,0.00%,0.00%,0.00
03/02/2026,31,Bata Garden City,Kenya,Nairobi East,Nairobi,267,0,0.00%,63,0,0.00%,23.60%,0.00
03/04/2026,31,Bata Garden City,Kenya,Nairobi East,Nairobi,167,0,0.00%,44,0,0.00%,26.35%,0.00
03/07/2026,31,Bata Garden City,Kenya,Nairobi East,Nairobi,291,0,0.00%,54,0,0.00%,18.56%,0.00
01/03/2025,65,Bata Gateway Mall,Kenya,Nairobi East,Nairobi,0,520,-100.00%,0,159,-100.00%,0.00%,0.31
01/05/2025,65,Bata Gateway Mall,Kenya,Nairobi East,Nairobi,0,1083,-100.00%,0,320,-100.00%,0.00%,0.30
01/08/2025,65,Bata Gateway Mall,Kenya,Nairobi East,Nairobi,0,522,-100.00%,0,198,-100.00%,0.00%,0.38
01/01/2025,65,Bata Gateway Mall,Kenya,Nairobi East,Nairobi,0,293,-100.00%,0,0,0.00%,0.00%,0.00
01/22/2025,65,Bata Gateway Mall,Kenya,Nairobi East,Nairobi,0,180,-100.00%,0,42,-100.00%,0.00%,0.23
01/17/2025,65,Bata Gateway Mall,Kenya,Nairobi East,Nairobi,0,157,-100.00%,0,56,-100.00%,0.00%,0.36
01/10/2025,65,Bata Gateway Mall,Kenya,Nairobi East,Nairobi,0,228,-100.00%,0,59,-100.00%,0.00%,0.26
01/02/2025,65,Bata Gateway Mall,Kenya,Nairobi East,Nairobi,0,511,-100.00%,0,128,-100.00%,0.00%,0.25
01/30/2025,65,Bata Gateway Mall,Kenya,Nairobi East,Nairobi,0,228,-100.00%,0,47,-100.00%,0.00%,0.21
01/07/2025,65,Bata Gateway Mall,Kenya,Nairobi East,Nairobi,0,765,-100.00%,0,298,-100.00%,0.00%,0.39
01/13/2025,65,Bata Gateway Mall,Kenya,Nairobi East,Nairobi,0,318,-100.00%,0,80,-100.00%,0.00%,0.25
01/04/2025,65,Bata Gateway Mall,Kenya,Nairobi East,Nairobi,0,760,-100.00%,0,282,-100.00%,0.00%,0.37
02/04/2025,65,Bata Gateway Mall,Kenya,Nairobi East,Nairobi,0,236,-100.00%,0,46,-100.00%,0.00%,0.19
01/19/2025,65,Bata Gateway Mall,Kenya,Nairobi East,Nairobi,0,276,-100.00%,0,77,-100.00%,0.00%,0.28
01/15/2025,65,Bata Gateway Mall,Kenya,Nairobi East,Nairobi,0,242,-100.00%,0,56,-100.00%,0.00%,0.23
01/26/2025,65,Bata Gateway Mall,Kenya,Nairobi East,Nairobi,0,298,-100.00%,0,52,-100.00%,0.00%,0.17
02/10/2025,65,Bata Gateway Mall,Kenya,Nairobi East,Nairobi,0,198,-100.00%,0,37,-100.00%,0.00%,0.19
01/16/2025,65,Bata Gateway Mall,Kenya,Nairobi East,Nairobi,0,135,-100.00%,0,41,-100.00%,0.00%,0.30
01/18/2025,65,Bata Gateway Mall,Kenya,Nairobi East,Nairobi,0,217,-100.00%,0,65,-100.00%,0.00%,0.30
01/06/2025,65,Bata Gateway Mall,Kenya,Nairobi East,Nairobi,0,1039,-100.00%,0,358,-100.00%,0.00%,0.34
02/18/2025,65,Bata Gateway Mall,Kenya,Nairobi East,Nairobi,0,321,-100.00%,0,46,-100.00%,0.00%,0.14
01/25/2025,65,Bata Gateway Mall,Kenya,Nairobi East,Nairobi,0,306,-100.00%,0,68,-100.00%,0.00%,0.22
01/21/2025,65,Bata Gateway Mall,Kenya,Nairobi East,Nairobi,0,168,-100.00%,0,49,-100.00%,0.00%,0.29
01/29/2025,65,Bata Gateway Mall,Kenya,Nairobi East,Nairobi,0,164,-100.00%,0,47,-100.00%,0.00%,0.29
02/26/2025,65,Bata Gateway Mall,Kenya,Nairobi East,Nairobi,0,299,-100.00%,0,55,-100.00%,0.00%,0.18
01/23/2025,65,Bata Gateway Mall,Kenya,Nairobi East,Nairobi,0,162,-100.00%,0,41,-100.00%,0.00%,0.25
01/31/2025,65,Bata Gateway Mall,Kenya,Nairobi East,Nairobi,0,257,-100.00%,0,51,-100.00%,0.00%,0.20
01/09/2025,65,Bata Gateway Mall,Kenya,Nairobi East,Nairobi,0,311,-100.00%,0,110,-100.00%,0.00%,0.35
03/03/2025,65,Bata Gateway Mall,Kenya,Nairobi East,Nairobi,0,389,-100.00%,0,97,-100.00%,0.00%,0.25
01/27/2025,65,Bata Gateway Mall,Kenya,Nairobi East,Nairobi,0,152,-100.00%,0,0,0.00%,0.00%,0.00
02/03/2025,65,Bata Gateway Mall,Kenya,Nairobi East,Nairobi,0,230,-100.00%,0,32,-100.00%,0.00%,0.14
02/08/2025,65,Bata Gateway Mall,Kenya,Nairobi East,Nairobi,0,330,-100.00%,0,52,-100.00%,0.00%,0.16
03/06/2025,65,Bata Gateway Mall,Kenya,Nairobi East,Nairobi,0,248,-100.00%,0,51,-100.00%,0.00%,0.21
01/24/2025,65,Bata Gateway Mall,Kenya,Nairobi East,Nairobi,0,202,-100.00%,0,47,-100.00%,0.00%,0.23
02/13/2025,65,Bata Gateway Mall,Kenya,Nairobi East,Nairobi,0,238,-100.00%,0,60,-100.00%,0.00%,0.25
01/11/2025,65,Bata Gateway Mall,Kenya,Nairobi East,Nairobi,0,462,-100.00%,0,140,-100.00%,0.00%,0.30
01/01/2026,65,Bata Gateway Mall,Kenya,Nairobi East,Nairobi,357,0,0.00%,0,0,0.00%,0.00%,0.00
02/02/2025,65,Bata Gateway Mall,Kenya,Nairobi East,Nairobi,0,433,-100.00%,0,62,-100.00%,0.00%,0.14
02/16/2025,65,Bata Gateway Mall,Kenya,Nairobi East,Nairobi,0,386,-100.00%,0,60,-100.00%,0.00%,0.16
02/11/2025,65,Bata Gateway Mall,Kenya,Nairobi East,Nairobi,0,226,-100.00%,0,42,-100.00%,0.00%,0.19
01/02/2026,65,Bata Gateway Mall,Kenya,Nairobi East,Nairobi,726,0,0.00%,90,0,0.00%,12.41%,0.00
02/01/2025,65,Bata Gateway Mall,Kenya,Nairobi East,Nairobi,0,417,-100.00%,0,77,-100.00%,0.00%,0.18
02/21/2025,65,Bata Gateway Mall,Kenya,Nairobi East,Nairobi,0,265,-100.00%,0,50,-100.00%,0.00%,0.19
01/12/2025,65,Bata Gateway Mall,Kenya,Nairobi East,Nairobi,0,555,-100.00%,0,134,-100.00%,0.00%,0.24
01/09/2026,65,Bata Gateway Mall,Kenya,Nairobi East,Nairobi,461,0,0.00%,97,0,0.00%,21.04%,0.00
02/05/2025,65,Bata Gateway Mall,Kenya,Nairobi East,Nairobi,0,245,-100.00%,0,43,-100.00%,0.00%,0.18
02/24/2025,65,Bata Gateway Mall,Kenya,Nairobi East,Nairobi,0,201,-100.00%,0,26,-100.00%,0.00%,0.13
02/19/2025,65,Bata Gateway Mall,Kenya,Nairobi East,Nairobi,0,212,-100.00%,0,38,-100.00%,0.00%,0.18
01/17/2026,65,Bata Gateway Mall,Kenya,Nairobi East,Nairobi,319,0,0.00%,61,0,0.00%,19.12%,0.00
02/06/2025,65,Bata Gateway Mall,Kenya,Nairobi East,Nairobi,0,226,-100.00%,0,43,-100.00%,0.00%,0.19
02/27/2025,65,Bata Gateway Mall,Kenya,Nairobi East,Nairobi,0,303,-100.00%,0,53,-100.00%,0.00%,0.17
01/14/2025,65,Bata Gateway Mall,Kenya,Nairobi East,Nairobi,0,178,-100.00%,0,62,-100.00%,0.00%,0.35
01/22/2026,65,Bata Gateway Mall,Kenya,Nairobi East,Nairobi,271,0,0.00%,41,0,0.00%,15.13%,0.00
02/17/2025,65,Bata Gateway Mall,Kenya,Nairobi East,Nairobi,0,334,-100.00%,0,39,-100.00%,0.00%,0.12
03/07/2025,65,Bata Gateway Mall,Kenya,Nairobi East,Nairobi,0,237,-100.00%,0,40,-100.00%,0.00%,0.17
03/01/2025,65,Bata Gateway Mall,Kenya,Nairobi East,Nairobi,0,399,-100.00%,0,78,-100.00%,0.00%,0.20
01/23/2026,65,Bata Gateway Mall,Kenya,Nairobi East,Nairobi,207,0,0.00%,36,0,0.00%,17.43%,0.00
02/14/2025,65,Bata Gateway Mall,Kenya,Nairobi East,Nairobi,0,265,-100.00%,0,57,-100.00%,0.00%,0.22
03/09/2025,65,Bata Gateway Mall,Kenya,Nairobi East,Nairobi,0,323,-100.00%,0,56,-100.00%,0.00%,0.17
01/20/2025,65,Bata Gateway Mall,Kenya,Nairobi East,Nairobi,0,179,-100.00%,0,45,-100.00%,0.00%,0.25
02/05/2026,65,Bata Gateway Mall,Kenya,Nairobi East,Nairobi,222,0,0.00%,47,0,0.00%,21.22%,0.00
02/28/2025,65,Bata Gateway Mall,Kenya,Nairobi East,Nairobi,0,313,-100.00%,0,64,-100.00%,0.00%,0.20
01/06/2026,65,Bata Gateway Mall,Kenya,Nairobi East,Nairobi,1115,0,0.00%,274,0,0.00%,24.59%,0.00
03/02/2025,65,Bata Gateway Mall,Kenya,Nairobi East,Nairobi,0,625,-100.00%,0,127,-100.00%,0.00%,0.20
02/08/2026,65,Bata Gateway Mall,Kenya,Nairobi East,Nairobi,273,0,0.00%,45,0,0.00%,16.51%,0.00
02/22/2025,65,Bata Gateway Mall,Kenya,Nairobi East,Nairobi,0,340,-100.00%,0,68,-100.00%,0.00%,0.20
01/11/2026,65,Bata Gateway Mall,Kenya,Nairobi East,Nairobi,1180,0,0.00%,193,0,0.00%,16.36%,0.00
01/28/2025,65,Bata Gateway Mall,Kenya,Nairobi East,Nairobi,0,197,-100.00%,0,58,-100.00%,0.00%,0.29
02/13/2026,65,Bata Gateway Mall,Kenya,Nairobi East,Nairobi,233,0,0.00%,46,0,0.00%,19.78%,0.00
01/07/2026,65,Bata Gateway Mall,Kenya,Nairobi East,Nairobi,870,0,0.00%,184,0,0.00%,21.16%,0.00
01/21/2026,65,Bata Gateway Mall,Kenya,Nairobi East,Nairobi,237,0,0.00%,42,0,0.00%,17.72%,0.00
01/05/2026,65,Bata Gateway Mall,Kenya,Nairobi East,Nairobi,1589,0,0.00%,337,0,0.00%,21.21%,0.00
02/16/2026,65,Bata Gateway Mall,Kenya,Nairobi East,Nairobi,274,0,0.00%,60,0,0.00%,21.94%,0.00
03/04/2025,65,Bata Gateway Mall,Kenya,Nairobi East,Nairobi,0,352,-100.00%,0,86,-100.00%,0.00%,0.24
01/24/2026,65,Bata Gateway Mall,Kenya,Nairobi East,Nairobi,345,0,0.00%,64,0,0.00%,18.58%,0.00
02/07/2025,65,Bata Gateway Mall,Kenya,Nairobi East,Nairobi,0,299,-100.00%,0,60,-100.00%,0.00%,0.20
02/21/2026,65,Bata Gateway Mall,Kenya,Nairobi East,Nairobi,257,0,0.00%,51,0,0.00%,19.84%,0.00
01/12/2026,65,Bata Gateway Mall,Kenya,Nairobi East,Nairobi,553,0,0.00%,115,0,0.00%,20.80%,0.00
01/26/2026,65,Bata Gateway Mall,Kenya,Nairobi East,Nairobi,182,0,0.00%,0,0,0.00%,0.00%,0.00
01/08/2026,65,Bata Gateway Mall,Kenya,Nairobi East,Nairobi,590,0,0.00%,140,0,0.00%,23.73%,0.00
03/01/2026,65,Bata Gateway Mall,Kenya,Nairobi East,Nairobi,554,0,0.00%,123,0,0.00%,22.20%,0.00
01/03/2026,65,Bata Gateway Mall,Kenya,Nairobi East,Nairobi,977,0,0.00%,197,0,0.00%,20.17%,0.00
02/01/2026,65,Bata Gateway Mall,Kenya,Nairobi East,Nairobi,447,0,0.00%,80,0,0.00%,17.92%,0.00
02/09/2025,65,Bata Gateway Mall,Kenya,Nairobi East,Nairobi,0,354,-100.00%,0,64,-100.00%,0.00%,0.18
02/04/2026,65,Bata Gateway Mall,Kenya,Nairobi East,Nairobi,223,0,0.00%,47,0,0.00%,21.12%,0.00
01/14/2026,65,Bata Gateway Mall,Kenya,Nairobi East,Nairobi,313,0,0.00%,68,0,0.00%,21.73%,0.00
02/09/2026,65,Bata Gateway Mall,Kenya,Nairobi East,Nairobi,209,0,0.00%,41,0,0.00%,19.62%,0.00
01/18/2026,65,Bata Gateway Mall,Kenya,Nairobi East,Nairobi,385,0,0.00%,71,0,0.00%,18.47%,0.00
02/14/2026,65,Bata Gateway Mall,Kenya,Nairobi East,Nairobi,296,0,0.00%,57,0,0.00%,19.26%,0.00
01/13/2026,65,Bata Gateway Mall,Kenya,Nairobi East,Nairobi,415,0,0.00%,91,0,0.00%,21.95%,0.00
02/25/2026,65,Bata Gateway Mall,Kenya,Nairobi East,Nairobi,203,0,0.00%,36,0,0.00%,17.78%,0.00
02/12/2025,65,Bata Gateway Mall,Kenya,Nairobi East,Nairobi,0,198,-100.00%,0,34,-100.00%,0.00%,0.17
02/27/2026,65,Bata Gateway Mall,Kenya,Nairobi East,Nairobi,329,0,0.00%,71,0,0.00%,21.61%,0.00
01/20/2026,65,Bata Gateway Mall,Kenya,Nairobi East,Nairobi,220,0,0.00%,39,0,0.00%,17.73%,0.00
01/19/2026,65,Bata Gateway Mall,Kenya,Nairobi East,Nairobi,310,0,0.00%,66,0,0.00%,21.29%,0.00
01/16/2026,65,Bata Gateway Mall,Kenya,Nairobi East,Nairobi,274,0,0.00%,56,0,0.00%,20.44%,0.00
02/15/2025,65,Bata Gateway Mall,Kenya,Nairobi East,Nairobi,0,348,-100.00%,0,57,-100.00%,0.00%,0.16
01/25/2026,65,Bata Gateway Mall,Kenya,Nairobi East,Nairobi,328,0,0.00%,47,0,0.00%,14.35%,0.00
01/27/2026,65,Bata Gateway Mall,Kenya,Nairobi East,Nairobi,204,0,0.00%,31,0,0.00%,15.23%,0.00
01/29/2026,65,Bata Gateway Mall,Kenya,Nairobi East,Nairobi,200,0,0.00%,32,0,0.00%,16.00%,0.00
02/20/2025,65,Bata Gateway Mall,Kenya,Nairobi East,Nairobi,0,223,-100.00%,0,43,-100.00%,0.00%,0.19
01/28/2026,65,Bata Gateway Mall,Kenya,Nairobi East,Nairobi,224,0,0.00%,46,0,0.00%,20.58%,0.00
02/03/2026,65,Bata Gateway Mall,Kenya,Nairobi East,Nairobi,235,0,0.00%,55,0,0.00%,23.40%,0.00
02/11/2026,65,Bata Gateway Mall,Kenya,Nairobi East,Nairobi,189,0,0.00%,48,0,0.00%,25.40%,0.00
02/23/2025,65,Bata Gateway Mall,Kenya,Nairobi East,Nairobi,0,449,-100.00%,0,49,-100.00%,0.00%,0.11
01/31/2026,65,Bata Gateway Mall,Kenya,Nairobi East,Nairobi,376,0,0.00%,75,0,0.00%,19.95%,0.00
02/06/2026,65,Bata Gateway Mall,Kenya,Nairobi East,Nairobi,255,0,0.00%,55,0,0.00%,21.57%,0.00
02/17/2026,65,Bata Gateway Mall,Kenya,Nairobi East,Nairobi,195,0,0.00%,36,0,0.00%,18.51%,0.00
02/25/2025,65,Bata Gateway Mall,Kenya,Nairobi East,Nairobi,0,247,-100.00%,0,37,-100.00%,0.00%,0.15
02/02/2026,65,Bata Gateway Mall,Kenya,Nairobi East,Nairobi,262,0,0.00%,49,0,0.00%,18.70%,0.00
02/12/2026,65,Bata Gateway Mall,Kenya,Nairobi East,Nairobi,198,0,0.00%,37,0,0.00%,18.73%,0.00
02/20/2026,65,Bata Gateway Mall,Kenya,Nairobi East,Nairobi,208,0,0.00%,34,0,0.00%,16.39%,0.00
03/05/2025,65,Bata Gateway Mall,Kenya,Nairobi East,Nairobi,0,272,-100.00%,0,67,-100.00%,0.00%,0.25
02/07/2026,65,Bata Gateway Mall,Kenya,Nairobi East,Nairobi,336,0,0.00%,77,0,0.00%,22.95%,0.00
02/19/2026,65,Bata Gateway Mall,Kenya,Nairobi East,Nairobi,207,0,0.00%,38,0,0.00%,18.40%,0.00
02/28/2026,65,Bata Gateway Mall,Kenya,Nairobi East,Nairobi,423,0,0.00%,106,0,0.00%,25.06%,0.00
03/08/2025,65,Bata Gateway Mall,Kenya,Nairobi East,Nairobi,0,329,-100.00%,0,67,-100.00%,0.00%,0.20
02/10/2026,65,Bata Gateway Mall,Kenya,Nairobi East,Nairobi,164,0,0.00%,32,0,0.00%,19.57%,0.00
02/22/2026,65,Bata Gateway Mall,Kenya,Nairobi East,Nairobi,284,0,0.00%,39,0,0.00%,13.76%,0.00
03/02/2026,65,Bata Gateway Mall,Kenya,Nairobi East,Nairobi,419,0,0.00%,108,0,0.00%,25.78%,0.00
01/04/2026,65,Bata Gateway Mall,Kenya,Nairobi East,Nairobi,1413,0,0.00%,250,0,0.00%,17.70%,0.00
02/15/2026,65,Bata Gateway Mall,Kenya,Nairobi East,Nairobi,301,0,0.00%,59,0,0.00%,19.63%,0.00
03/05/2026,65,Bata Gateway Mall,Kenya,Nairobi East,Nairobi,85,0,0.00%,44,0,0.00%,51.76%,0.00
03/04/2026,65,Bata Gateway Mall,Kenya,Nairobi East,Nairobi,287,0,0.00%,67,0,0.00%,23.34%,0.00
01/10/2026,65,Bata Gateway Mall,Kenya,Nairobi East,Nairobi,718,0,0.00%,157,0,0.00%,21.88%,0.00
02/18/2026,65,Bata Gateway Mall,Kenya,Nairobi East,Nairobi,209,0,0.00%,48,0,0.00%,22.97%,0.00
03/07/2026,65,Bata Gateway Mall,Kenya,Nairobi East,Nairobi,348,0,0.00%,78,0,0.00%,22.45%,0.00
02/23/2026,65,Bata Gateway Mall,Kenya,Nairobi East,Nairobi,219,0,0.00%,37,0,0.00%,16.89%,0.00
01/15/2026,65,Bata Gateway Mall,Kenya,Nairobi East,Nairobi,296,0,0.00%,59,0,0.00%,19.97%,0.00
02/24/2026,65,Bata Gateway Mall,Kenya,Nairobi East,Nairobi,197,0,0.00%,46,0,0.00%,23.41%,0.00
01/30/2026,65,Bata Gateway Mall,Kenya,Nairobi East,Nairobi,203,0,0.00%,40,0,0.00%,19.70%,0.00
03/03/2026,65,Bata Gateway Mall,Kenya,Nairobi East,Nairobi,339,0,0.00%,75,0,0.00%,22.12%,0.00
02/26/2026,65,Bata Gateway Mall,Kenya,Nairobi East,Nairobi,240,0,0.00%,48,0,0.00%,20.04%,0.00
03/06/2026,65,Bata Gateway Mall,Kenya,Nairobi East,Nairobi,189,0,0.00%,60,0,0.00%,31.83%,0.00
03/08/2026,65,Bata Gateway Mall,Kenya,Nairobi East,Nairobi,280,0,0.00%,55,0,0.00%,19.68%,0.00
01/04/2025,59,Bata Greenspan Mall,Kenya,Nairobi East,Nairobi,0,872,-100.00%,0,351,-100.00%,0.00%,0.40
01/01/2025,59,Bata Greenspan Mall,Kenya,Nairobi East,Nairobi,0,386,-100.00%,0,0,0.00%,0.00%,0.00
01/06/2025,59,Bata Greenspan Mall,Kenya,Nairobi East,Nairobi,0,1053,-100.00%,0,554,-100.00%,0.00%,0.53
01/08/2025,59,Bata Greenspan Mall,Kenya,Nairobi East,Nairobi,0,429,-100.00%,0,257,-100.00%,0.00%,0.60
01/09/2025,59,Bata Greenspan Mall,Kenya,Nairobi East,Nairobi,0,343,-100.00%,0,173,-100.00%,0.00%,0.50
01/02/2025,59,Bata Greenspan Mall,Kenya,Nairobi East,Nairobi,0,583,-100.00%,0,0,0.00%,0.00%,0.00
01/14/2025,59,Bata Greenspan Mall,Kenya,Nairobi East,Nairobi,0,267,-100.00%,0,111,-100.00%,0.00%,0.42
01/12/2025,59,Bata Greenspan Mall,Kenya,Nairobi East,Nairobi,0,525,-100.00%,0,220,-100.00%,0.00%,0.42
01/10/2025,59,Bata Greenspan Mall,Kenya,Nairobi East,Nairobi,0,260,-100.00%,0,99,-100.00%,0.00%,0.38
01/03/2025,59,Bata Greenspan Mall,Kenya,Nairobi East,Nairobi,0,784,-100.00%,0,368,-100.00%,0.00%,0.47
01/16/2025,59,Bata Greenspan Mall,Kenya,Nairobi East,Nairobi,0,197,-100.00%,0,78,-100.00%,0.00%,0.40
01/11/2025,59,Bata Greenspan Mall,Kenya,Nairobi East,Nairobi,0,498,-100.00%,0,196,-100.00%,0.00%,0.39
01/17/2025,59,Bata Greenspan Mall,Kenya,Nairobi East,Nairobi,0,180,-100.00%,0,39,-100.00%,0.00%,0.22
01/07/2025,59,Bata Greenspan Mall,Kenya,Nairobi East,Nairobi,0,831,-100.00%,0,407,-100.00%,0.00%,0.49
01/22/2025,59,Bata Greenspan Mall,Kenya,Nairobi East,Nairobi,0,139,-100.00%,0,47,-100.00%,0.00%,0.34
01/15/2025,59,Bata Greenspan Mall,Kenya,Nairobi East,Nairobi,0,219,-100.00%,0,69,-100.00%,0.00%,0.32
01/25/2025,59,Bata Greenspan Mall,Kenya,Nairobi East,Nairobi,0,296,-100.00%,0,89,-100.00%,0.00%,0.30
01/05/2025,59,Bata Greenspan Mall,Kenya,Nairobi East,Nairobi,0,1095,-100.00%,0,385,-100.00%,0.00%,0.35
01/29/2025,59,Bata Greenspan Mall,Kenya,Nairobi East,Nairobi,0,161,-100.00%,0,82,-100.00%,0.00%,0.51
01/13/2025,59,Bata Greenspan Mall,Kenya,Nairobi East,Nairobi,0,365,-100.00%,0,149,-100.00%,0.00%,0.41
01/28/2025,59,Bata Greenspan Mall,Kenya,Nairobi East,Nairobi,0,156,-100.00%,0,0,0.00%,0.00%,0.00
01/31/2025,59,Bata Greenspan Mall,Kenya,Nairobi East,Nairobi,0,140,-100.00%,0,56,-100.00%,0.00%,0.40
02/06/2025,59,Bata Greenspan Mall,Kenya,Nairobi East,Nairobi,0,279,-100.00%,0,54,-100.00%,0.00%,0.19
01/18/2025,59,Bata Greenspan Mall,Kenya,Nairobi East,Nairobi,0,343,-100.00%,0,104,-100.00%,0.00%,0.30
02/03/2025,59,Bata Greenspan Mall,Kenya,Nairobi East,Nairobi,0,274,-100.00%,0,49,-100.00%,0.00%,0.18
01/19/2025,59,Bata Greenspan Mall,Kenya,Nairobi East,Nairobi,0,465,-100.00%,0,132,-100.00%,0.00%,0.28
02/07/2025,59,Bata Greenspan Mall,Kenya,Nairobi East,Nairobi,0,280,-100.00%,0,54,-100.00%,0.00%,0.19
02/15/2025,59,Bata Greenspan Mall,Kenya,Nairobi East,Nairobi,0,364,-100.00%,0,66,-100.00%,0.00%,0.18
02/18/2025,59,Bata Greenspan Mall,Kenya,Nairobi East,Nairobi,0,202,-100.00%,0,36,-100.00%,0.00%,0.18
02/02/2025,59,Bata Greenspan Mall,Kenya,Nairobi East,Nairobi,0,560,-100.00%,0,106,-100.00%,0.00%,0.19
02/09/2025,59,Bata Greenspan Mall,Kenya,Nairobi East,Nairobi,0,427,-100.00%,0,92,-100.00%,0.00%,0.22
01/20/2025,59,Bata Greenspan Mall,Kenya,Nairobi East,Nairobi,0,190,-100.00%,0,63,-100.00%,0.00%,0.33
02/21/2025,59,Bata Greenspan Mall,Kenya,Nairobi East,Nairobi,0,257,-100.00%,0,31,-100.00%,0.00%,0.12
01/21/2025,59,Bata Greenspan Mall,Kenya,Nairobi East,Nairobi,0,127,-100.00%,0,49,-100.00%,0.00%,0.39
02/14/2025,59,Bata Greenspan Mall,Kenya,Nairobi East,Nairobi,0,296,-100.00%,0,51,-100.00%,0.00%,0.17
02/20/2025,59,Bata Greenspan Mall,Kenya,Nairobi East,Nairobi,0,200,-100.00%,0,31,-100.00%,0.00%,0.16
02/23/2025,59,Bata Greenspan Mall,Kenya,Nairobi East,Nairobi,0,398,-100.00%,0,55,-100.00%,0.00%,0.14
02/11/2025,59,Bata Greenspan Mall,Kenya,Nairobi East,Nairobi,0,218,-100.00%,0,35,-100.00%,0.00%,0.16
02/17/2025,59,Bata Greenspan Mall,Kenya,Nairobi East,Nairobi,0,231,-100.00%,0,43,-100.00%,0.00%,0.19
01/23/2025,59,Bata Greenspan Mall,Kenya,Nairobi East,Nairobi,0,148,-100.00%,0,63,-100.00%,0.00%,0.43
03/01/2025,59,Bata Greenspan Mall,Kenya,Nairobi East,Nairobi,0,550,-100.00%,0,112,-100.00%,0.00%,0.20
01/24/2025,59,Bata Greenspan Mall,Kenya,Nairobi East,Nairobi,0,143,-100.00%,0,36,-100.00%,0.00%,0.25
02/19/2025,59,Bata Greenspan Mall,Kenya,Nairobi East,Nairobi,0,238,-100.00%,0,40,-100.00%,0.00%,0.17
02/22/2025,59,Bata Greenspan Mall,Kenya,Nairobi East,Nairobi,0,342,-100.00%,0,58,-100.00%,0.00%,0.17
03/06/2025,59,Bata Greenspan Mall,Kenya,Nairobi East,Nairobi,0,230,-100.00%,0,61,-100.00%,0.00%,0.27
03/09/2025,59,Bata Greenspan Mall,Kenya,Nairobi East,Nairobi,0,449,-100.00%,0,85,-100.00%,0.00%,0.19
01/01/2026,59,Bata Greenspan Mall,Kenya,Nairobi East,Nairobi,766,0,0.00%,0,0,0.00%,0.00%,0.00
01/26/2025,59,Bata Greenspan Mall,Kenya,Nairobi East,Nairobi,0,292,-100.00%,0,91,-100.00%,0.00%,0.31
01/02/2026,59,Bata Greenspan Mall,Kenya,Nairobi East,Nairobi,1144,0,0.00%,0,0,0.00%,0.00%,0.00
01/27/2025,59,Bata Greenspan Mall,Kenya,Nairobi East,Nairobi,0,152,-100.00%,0,0,0.00%,0.00%,0.00
01/09/2026,59,Bata Greenspan Mall,Kenya,Nairobi East,Nairobi,608,0,0.00%,158,0,0.00%,25.99%,0.00
03/07/2025,59,Bata Greenspan Mall,Kenya,Nairobi East,Nairobi,0,231,-100.00%,0,39,-100.00%,0.00%,0.17
01/05/2026,59,Bata Greenspan Mall,Kenya,Nairobi East,Nairobi,2204,0,0.00%,447,0,0.00%,20.29%,0.00
01/10/2026,59,Bata Greenspan Mall,Kenya,Nairobi East,Nairobi,1151,0,0.00%,289,0,0.00%,25.12%,0.00
01/12/2026,59,Bata Greenspan Mall,Kenya,Nairobi East,Nairobi,679,0,0.00%,180,0,0.00%,26.51%,0.00
02/05/2025,59,Bata Greenspan Mall,Kenya,Nairobi East,Nairobi,0,229,-100.00%,0,43,-100.00%,0.00%,0.19
01/07/2026,59,Bata Greenspan Mall,Kenya,Nairobi East,Nairobi,1146,0,0.00%,311,0,0.00%,27.15%,0.00
01/30/2025,59,Bata Greenspan Mall,Kenya,Nairobi East,Nairobi,0,139,-100.00%,0,52,-100.00%,0.00%,0.37
01/14/2026,59,Bata Greenspan Mall,Kenya,Nairobi East,Nairobi,452,0,0.00%,109,0,0.00%,24.12%,0.00
03/08/2025,59,Bata Greenspan Mall,Kenya,Nairobi East,Nairobi,0,386,-100.00%,0,61,-100.00%,0.00%,0.16
01/08/2026,59,Bata Greenspan Mall,Kenya,Nairobi East,Nairobi,836,0,0.00%,240,0,0.00%,28.71%,0.00
01/13/2026,59,Bata Greenspan Mall,Kenya,Nairobi East,Nairobi,618,0,0.00%,160,0,0.00%,25.91%,0.00
01/19/2026,59,Bata Greenspan Mall,Kenya,Nairobi East,Nairobi,333,0,0.00%,67,0,0.00%,20.12%,0.00
02/08/2025,59,Bata Greenspan Mall,Kenya,Nairobi East,Nairobi,0,373,-100.00%,0,78,-100.00%,0.00%,0.21
01/21/2026,59,Bata Greenspan Mall,Kenya,Nairobi East,Nairobi,195,0,0.00%,43,0,0.00%,22.05%,0.00
02/01/2025,59,Bata Greenspan Mall,Kenya,Nairobi East,Nairobi,0,561,-100.00%,0,105,-100.00%,0.00%,0.19
01/20/2026,59,Bata Greenspan Mall,Kenya,Nairobi East,Nairobi,241,0,0.00%,54,0,0.00%,22.45%,0.00
01/04/2026,59,Bata Greenspan Mall,Kenya,Nairobi East,Nairobi,2088,0,0.00%,456,0,0.00%,21.84%,0.00
01/23/2026,59,Bata Greenspan Mall,Kenya,Nairobi East,Nairobi,228,0,0.00%,41,0,0.00%,18.02%,0.00
01/15/2026,59,Bata Greenspan Mall,Kenya,Nairobi East,Nairobi,436,0,0.00%,114,0,0.00%,26.15%,0.00
01/25/2026,59,Bata Greenspan Mall,Kenya,Nairobi East,Nairobi,513,0,0.00%,79,0,0.00%,15.40%,0.00
02/10/2025,59,Bata Greenspan Mall,Kenya,Nairobi East,Nairobi,0,298,-100.00%,0,33,-100.00%,0.00%,0.11
01/24/2026,59,Bata Greenspan Mall,Kenya,Nairobi East,Nairobi,293,0,0.00%,68,0,0.00%,23.21%,0.00
02/04/2025,59,Bata Greenspan Mall,Kenya,Nairobi East,Nairobi,0,282,-100.00%,0,59,-100.00%,0.00%,0.21
02/01/2026,59,Bata Greenspan Mall,Kenya,Nairobi East,Nairobi,471,0,0.00%,87,0,0.00%,18.47%,0.00
01/11/2026,59,Bata Greenspan Mall,Kenya,Nairobi East,Nairobi,1663,0,0.00%,333,0,0.00%,20.02%,0.00
01/31/2026,59,Bata Greenspan Mall,Kenya,Nairobi East,Nairobi,395,0,0.00%,80,0,0.00%,20.28%,0.00
01/18/2026,59,Bata Greenspan Mall,Kenya,Nairobi East,Nairobi,613,0,0.00%,136,0,0.00%,22.19%,0.00
02/02/2026,59,Bata Greenspan Mall,Kenya,Nairobi East,Nairobi,195,0,0.00%,41,0,0.00%,21.08%,0.00
02/13/2025,59,Bata Greenspan Mall,Kenya,Nairobi East,Nairobi,0,187,-100.00%,0,43,-100.00%,0.00%,0.23
02/03/2026,59,Bata Greenspan Mall,Kenya,Nairobi East,Nairobi,241,0,0.00%,50,0,0.00%,20.75%,0.00
02/12/2025,59,Bata Greenspan Mall,Kenya,Nairobi East,Nairobi,0,241,-100.00%,0,55,-100.00%,0.00%,0.23
02/12/2026,59,Bata Greenspan Mall,Kenya,Nairobi East,Nairobi,169,0,0.00%,40,0,0.00%,23.74%,0.00
01/30/2026,59,Bata Greenspan Mall,Kenya,Nairobi East,Nairobi,206,0,0.00%,41,0,0.00%,19.90%,0.00
02/14/2026,59,Bata Greenspan Mall,Kenya,Nairobi East,Nairobi,369,0,0.00%,59,0,0.00%,15.99%,0.00
01/28/2026,59,Bata Greenspan Mall,Kenya,Nairobi East,Nairobi,261,0,0.00%,68,0,0.00%,26.05%,0.00
02/18/2026,59,Bata Greenspan Mall,Kenya,Nairobi East,Nairobi,168,0,0.00%,40,0,0.00%,23.88%,0.00
02/16/2025,59,Bata Greenspan Mall,Kenya,Nairobi East,Nairobi,0,438,-100.00%,0,82,-100.00%,0.00%,0.19
02/19/2026,59,Bata Greenspan Mall,Kenya,Nairobi East,Nairobi,172,0,0.00%,27,0,0.00%,15.74%,0.00
02/25/2025,59,Bata Greenspan Mall,Kenya,Nairobi East,Nairobi,0,235,-100.00%,0,42,-100.00%,0.00%,0.18
02/23/2026,59,Bata Greenspan Mall,Kenya,Nairobi East,Nairobi,153,0,0.00%,31,0,0.00%,20.26%,0.00
02/17/2026,59,Bata Greenspan Mall,Kenya,Nairobi East,Nairobi,130,0,0.00%,29,0,0.00%,22.39%,0.00
02/21/2026,59,Bata Greenspan Mall,Kenya,Nairobi East,Nairobi,320,0,0.00%,49,0,0.00%,15.31%,0.00
02/06/2026,59,Bata Greenspan Mall,Kenya,Nairobi East,Nairobi,198,0,0.00%,34,0,0.00%,17.17%,0.00
02/25/2026,59,Bata Greenspan Mall,Kenya,Nairobi East,Nairobi,189,0,0.00%,41,0,0.00%,21.69%,0.00
02/24/2025,59,Bata Greenspan Mall,Kenya,Nairobi East,Nairobi,0,206,-100.00%,0,21,-100.00%,0.00%,0.10
03/02/2026,59,Bata Greenspan Mall,Kenya,Nairobi East,Nairobi,409,0,0.00%,120,0,0.00%,29.38%,0.00
02/27/2025,59,Bata Greenspan Mall,Kenya,Nairobi East,Nairobi,0,274,-100.00%,0,59,-100.00%,0.00%,0.22
02/28/2026,59,Bata Greenspan Mall,Kenya,Nairobi East,Nairobi,486,0,0.00%,103,0,0.00%,21.19%,0.00
02/26/2026,59,Bata Greenspan Mall,Kenya,Nairobi East,Nairobi,221,0,0.00%,46,0,0.00%,20.86%,0.00
03/06/2026,59,Bata Greenspan Mall,Kenya,Nairobi East,Nairobi,169,0,0.00%,21,0,0.00%,12.46%,0.00
02/16/2026,59,Bata Greenspan Mall,Kenya,Nairobi East,Nairobi,168,0,0.00%,27,0,0.00%,16.12%,0.00
02/26/2025,59,Bata Greenspan Mall,Kenya,Nairobi East,Nairobi,0,256,-100.00%,0,43,-100.00%,0.00%,0.17
02/28/2025,59,Bata Greenspan Mall,Kenya,Nairobi East,Nairobi,0,378,-100.00%,0,59,-100.00%,0.00%,0.16
03/08/2026,59,Bata Greenspan Mall,Kenya,Nairobi East,Nairobi,429,0,0.00%,94,0,0.00%,21.91%,0.00
02/22/2026,59,Bata Greenspan Mall,Kenya,Nairobi East,Nairobi,300,0,0.00%,49,0,0.00%,16.36%,0.00
03/03/2025,59,Bata Greenspan Mall,Kenya,Nairobi East,Nairobi,0,474,-100.00%,0,116,-100.00%,0.00%,0.24
03/02/2025,59,Bata Greenspan Mall,Kenya,Nairobi East,Nairobi,0,770,-100.00%,0,150,-100.00%,0.00%,0.19
03/04/2025,59,Bata Greenspan Mall,Kenya,Nairobi East,Nairobi,0,303,-100.00%,0,80,-100.00%,0.00%,0.26
02/24/2026,59,Bata Greenspan Mall,Kenya,Nairobi East,Nairobi,197,0,0.00%,42,0,0.00%,21.37%,0.00
01/16/2026,59,Bata Greenspan Mall,Kenya,Nairobi East,Nairobi,313,0,0.00%,50,0,0.00%,16.00%,0.00
03/05/2025,59,Bata Greenspan Mall,Kenya,Nairobi East,Nairobi,0,247,-100.00%,0,61,-100.00%,0.00%,0.25
01/26/2026,59,Bata Greenspan Mall,Kenya,Nairobi East,Nairobi,309,0,0.00%,0,0,0.00%,0.00%,0.00
02/27/2026,59,Bata Greenspan Mall,Kenya,Nairobi East,Nairobi,279,0,0.00%,61,0,0.00%,21.86%,0.00
01/29/2026,59,Bata Greenspan Mall,Kenya,Nairobi East,Nairobi,207,0,0.00%,46,0,0.00%,22.28%,0.00
01/03/2026,59,Bata Greenspan Mall,Kenya,Nairobi East,Nairobi,1370,0,0.00%,355,0,0.00%,25.91%,0.00
02/05/2026,59,Bata Greenspan Mall,Kenya,Nairobi East,Nairobi,173,0,0.00%,46,0,0.00%,26.67%,0.00
03/04/2026,59,Bata Greenspan Mall,Kenya,Nairobi East,Nairobi,191,0,0.00%,41,0,0.00%,21.52%,0.00
02/08/2026,59,Bata Greenspan Mall,Kenya,Nairobi East,Nairobi,389,0,0.00%,83,0,0.00%,21.36%,0.00
01/06/2026,59,Bata Greenspan Mall,Kenya,Nairobi East,Nairobi,1972,0,0.00%,448,0,0.00%,22.72%,0.00
02/11/2026,59,Bata Greenspan Mall,Kenya,Nairobi East,Nairobi,154,0,0.00%,37,0,0.00%,24.10%,0.00
03/09/2026,59,Bata Greenspan Mall,Kenya,Nairobi East,Nairobi,16,0,0.00%,0,0,0.00%,0.00%,0.00
02/13/2026,59,Bata Greenspan Mall,Kenya,Nairobi East,Nairobi,179,0,0.00%,35,0,0.00%,19.55%,0.00
01/17/2026,59,Bata Greenspan Mall,Kenya,Nairobi East,Nairobi,506,0,0.00%,111,0,0.00%,21.94%,0.00
03/01/2026,59,Bata Greenspan Mall,Kenya,Nairobi East,Nairobi,654,0,0.00%,159,0,0.00%,24.31%,0.00
01/22/2026,59,Bata Greenspan Mall,Kenya,Nairobi East,Nairobi,247,0,0.00%,48,0,0.00%,19.43%,0.00
03/07/2026,59,Bata Greenspan Mall,Kenya,Nairobi East,Nairobi,273,0,0.00%,63,0,0.00%,23.12%,0.00
01/27/2026,59,Bata Greenspan Mall,Kenya,Nairobi East,Nairobi,225,0,0.00%,0,0,0.00%,0.00%,0.00
02/04/2026,59,Bata Greenspan Mall,Kenya,Nairobi East,Nairobi,185,0,0.00%,42,0,0.00%,22.70%,0.00
02/07/2026,59,Bata Greenspan Mall,Kenya,Nairobi East,Nairobi,290,0,0.00%,51,0,0.00%,17.62%,0.00
02/09/2026,59,Bata Greenspan Mall,Kenya,Nairobi East,Nairobi,177,0,0.00%,45,0,0.00%,25.42%,0.00
02/10/2026,59,Bata Greenspan Mall,Kenya,Nairobi East,Nairobi,150,0,0.00%,42,0,0.00%,28.09%,0.00
02/15/2026,59,Bata Greenspan Mall,Kenya,Nairobi East,Nairobi,398,0,0.00%,50,0,0.00%,12.56%,0.00
02/20/2026,59,Bata Greenspan Mall,Kenya,Nairobi East,Nairobi,159,0,0.00%,24,0,0.00%,15.14%,0.00
03/03/2026,59,Bata Greenspan Mall,Kenya,Nairobi East,Nairobi,288,0,0.00%,80,0,0.00%,27.83%,0.00
03/05/2026,59,Bata Greenspan Mall,Kenya,Nairobi East,Nairobi,152,0,0.00%,28,0,0.00%,18.48%,0.00
01/06/2025,47,Bata Hilton,Kenya,Nairobi East,Nairobi,0,1363,-100.00%,0,434,-100.00%,0.00%,0.32
01/04/2025,47,Bata Hilton,Kenya,Nairobi East,Nairobi,0,1333,-100.00%,0,427,-100.00%,0.00%,0.32
01/07/2025,47,Bata Hilton,Kenya,Nairobi East,Nairobi,0,1315,-100.00%,0,413,-100.00%,0.00%,0.31
01/01/2025,47,Bata Hilton,Kenya,Nairobi East,Nairobi,0,375,-100.00%,0,0,0.00%,0.00%,0.00
01/11/2025,47,Bata Hilton,Kenya,Nairobi East,Nairobi,0,960,-100.00%,0,243,-100.00%,0.00%,0.25
01/08/2025,47,Bata Hilton,Kenya,Nairobi East,Nairobi,0,907,-100.00%,0,261,-100.00%,0.00%,0.29
01/21/2025,47,Bata Hilton,Kenya,Nairobi East,Nairobi,0,582,-100.00%,0,106,-100.00%,0.00%,0.18
01/02/2025,47,Bata Hilton,Kenya,Nairobi East,Nairobi,0,913,-100.00%,0,0,0.00%,0.00%,0.00
01/14/2025,47,Bata Hilton,Kenya,Nairobi East,Nairobi,0,600,-100.00%,0,151,-100.00%,0.00%,0.25
01/10/2025,47,Bata Hilton,Kenya,Nairobi East,Nairobi,0,781,-100.00%,0,178,-100.00%,0.00%,0.23
01/26/2025,47,Bata Hilton,Kenya,Nairobi East,Nairobi,0,291,-100.00%,0,45,-100.00%,0.00%,0.15
01/03/2025,47,Bata Hilton,Kenya,Nairobi East,Nairobi,0,1133,-100.00%,0,222,-100.00%,0.00%,0.20
01/17/2025,47,Bata Hilton,Kenya,Nairobi East,Nairobi,0,538,-100.00%,0,120,-100.00%,0.00%,0.22
01/09/2025,47,Bata Hilton,Kenya,Nairobi East,Nairobi,0,692,-100.00%,0,208,-100.00%,0.00%,0.30
02/03/2025,47,Bata Hilton,Kenya,Nairobi East,Nairobi,0,526,-100.00%,0,106,-100.00%,0.00%,0.20
01/05/2025,47,Bata Hilton,Kenya,Nairobi East,Nairobi,0,892,-100.00%,0,310,-100.00%,0.00%,0.35
01/24/2025,47,Bata Hilton,Kenya,Nairobi East,Nairobi,0,596,-100.00%,0,118,-100.00%,0.00%,0.20
01/18/2025,47,Bata Hilton,Kenya,Nairobi East,Nairobi,0,665,-100.00%,0,126,-100.00%,0.00%,0.19
02/13/2025,47,Bata Hilton,Kenya,Nairobi East,Nairobi,0,520,-100.00%,0,115,-100.00%,0.00%,0.22
01/27/2025,47,Bata Hilton,Kenya,Nairobi East,Nairobi,0,469,-100.00%,0,0,0.00%,0.00%,0.00
01/29/2025,47,Bata Hilton,Kenya,Nairobi East,Nairobi,0,587,-100.00%,0,70,-100.00%,0.00%,0.12
01/16/2025,47,Bata Hilton,Kenya,Nairobi East,Nairobi,0,517,-100.00%,0,125,-100.00%,0.00%,0.24
02/18/2025,47,Bata Hilton,Kenya,Nairobi East,Nairobi,0,500,-100.00%,0,99,-100.00%,0.00%,0.20
01/12/2025,47,Bata Hilton,Kenya,Nairobi East,Nairobi,0,420,-100.00%,0,91,-100.00%,0.00%,0.22
02/04/2025,47,Bata Hilton,Kenya,Nairobi East,Nairobi,0,507,-100.00%,0,109,-100.00%,0.00%,0.21
01/20/2025,47,Bata Hilton,Kenya,Nairobi East,Nairobi,0,592,-100.00%,0,116,-100.00%,0.00%,0.20
02/21/2025,47,Bata Hilton,Kenya,Nairobi East,Nairobi,0,447,-100.00%,0,103,-100.00%,0.00%,0.23
01/30/2025,47,Bata Hilton,Kenya,Nairobi East,Nairobi,0,405,-100.00%,0,113,-100.00%,0.00%,0.28
02/07/2025,47,Bata Hilton,Kenya,Nairobi East,Nairobi,0,532,-100.00%,0,117,-100.00%,0.00%,0.22
01/19/2025,47,Bata Hilton,Kenya,Nairobi East,Nairobi,0,303,-100.00%,0,52,-100.00%,0.00%,0.17
02/26/2025,47,Bata Hilton,Kenya,Nairobi East,Nairobi,0,523,-100.00%,0,107,-100.00%,0.00%,0.20
01/13/2025,47,Bata Hilton,Kenya,Nairobi East,Nairobi,0,688,-100.00%,0,164,-100.00%,0.00%,0.24
02/22/2025,47,Bata Hilton,Kenya,Nairobi East,Nairobi,0,527,-100.00%,0,95,-100.00%,0.00%,0.18
01/23/2025,47,Bata Hilton,Kenya,Nairobi East,Nairobi,0,506,-100.00%,0,105,-100.00%,0.00%,0.21
03/04/2025,47,Bata Hilton,Kenya,Nairobi East,Nairobi,0,620,-100.00%,0,152,-100.00%,0.00%,0.25
02/06/2025,47,Bata Hilton,Kenya,Nairobi East,Nairobi,0,564,-100.00%,0,131,-100.00%,0.00%,0.23
03/08/2025,47,Bata Hilton,Kenya,Nairobi East,Nairobi,0,641,-100.00%,0,131,-100.00%,0.00%,0.20
01/22/2025,47,Bata Hilton,Kenya,Nairobi East,Nairobi,0,569,-100.00%,0,115,-100.00%,0.00%,0.20
03/09/2025,47,Bata Hilton,Kenya,Nairobi East,Nairobi,0,241,-100.00%,0,39,-100.00%,0.00%,0.16
01/15/2025,47,Bata Hilton,Kenya,Nairobi East,Nairobi,0,611,-100.00%,0,140,-100.00%,0.00%,0.23
01/03/2026,47,Bata Hilton,Kenya,Nairobi East,Nairobi,754,0,0.00%,411,0,0.00%,54.51%,0.00
01/28/2025,47,Bata Hilton,Kenya,Nairobi East,Nairobi,0,483,-100.00%,0,0,0.00%,0.00%,0.00
01/05/2026,47,Bata Hilton,Kenya,Nairobi East,Nairobi,922,0,0.00%,454,0,0.00%,49.24%,0.00
02/09/2025,47,Bata Hilton,Kenya,Nairobi East,Nairobi,0,276,-100.00%,0,51,-100.00%,0.00%,0.18
01/04/2026,47,Bata Hilton,Kenya,Nairobi East,Nairobi,475,0,0.00%,188,0,0.00%,39.62%,0.00
01/25/2025,47,Bata Hilton,Kenya,Nairobi East,Nairobi,0,545,-100.00%,0,136,-100.00%,0.00%,0.25
01/08/2026,47,Bata Hilton,Kenya,Nairobi East,Nairobi,643,0,0.00%,290,0,0.00%,45.14%,0.00
02/02/2025,47,Bata Hilton,Kenya,Nairobi East,Nairobi,0,261,-100.00%,0,46,-100.00%,0.00%,0.18
01/11/2026,47,Bata Hilton,Kenya,Nairobi East,Nairobi,545,0,0.00%,236,0,0.00%,43.34%,0.00
01/31/2025,47,Bata Hilton,Kenya,Nairobi East,Nairobi,0,568,-100.00%,0,161,-100.00%,0.00%,0.28
01/13/2026,47,Bata Hilton,Kenya,Nairobi East,Nairobi,598,0,0.00%,233,0,0.00%,38.96%,0.00
02/14/2025,47,Bata Hilton,Kenya,Nairobi East,Nairobi,0,649,-100.00%,0,116,-100.00%,0.00%,0.18
01/12/2026,47,Bata Hilton,Kenya,Nairobi East,Nairobi,721,0,0.00%,273,0,0.00%,37.86%,0.00
02/01/2025,47,Bata Hilton,Kenya,Nairobi East,Nairobi,0,752,-100.00%,0,171,-100.00%,0.00%,0.23
01/16/2026,47,Bata Hilton,Kenya,Nairobi East,Nairobi,414,0,0.00%,133,0,0.00%,32.13%,0.00
02/11/2025,47,Bata Hilton,Kenya,Nairobi East,Nairobi,0,579,-100.00%,0,124,-100.00%,0.00%,0.21
01/14/2026,47,Bata Hilton,Kenya,Nairobi East,Nairobi,569,0,0.00%,192,0,0.00%,33.74%,0.00
02/05/2025,47,Bata Hilton,Kenya,Nairobi East,Nairobi,0,571,-100.00%,0,134,-100.00%,0.00%,0.23
01/21/2026,47,Bata Hilton,Kenya,Nairobi East,Nairobi,325,0,0.00%,105,0,0.00%,32.31%,0.00
02/17/2025,47,Bata Hilton,Kenya,Nairobi East,Nairobi,0,680,-100.00%,0,100,-100.00%,0.00%,0.15
01/17/2026,47,Bata Hilton,Kenya,Nairobi East,Nairobi,442,0,0.00%,151,0,0.00%,34.16%,0.00
02/12/2025,47,Bata Hilton,Kenya,Nairobi East,Nairobi,0,527,-100.00%,0,105,-100.00%,0.00%,0.20
01/23/2026,47,Bata Hilton,Kenya,Nairobi East,Nairobi,344,0,0.00%,99,0,0.00%,28.82%,0.00
02/16/2025,47,Bata Hilton,Kenya,Nairobi East,Nairobi,0,246,-100.00%,0,36,-100.00%,0.00%,0.15
01/20/2026,47,Bata Hilton,Kenya,Nairobi East,Nairobi,360,0,0.00%,111,0,0.00%,30.83%,0.00
02/08/2025,47,Bata Hilton,Kenya,Nairobi East,Nairobi,0,576,-100.00%,0,146,-100.00%,0.00%,0.25
02/03/2026,47,Bata Hilton,Kenya,Nairobi East,Nairobi,306,0,0.00%,96,0,0.00%,31.42%,0.00
02/20/2025,47,Bata Hilton,Kenya,Nairobi East,Nairobi,0,454,-100.00%,0,99,-100.00%,0.00%,0.22
01/25/2026,47,Bata Hilton,Kenya,Nairobi East,Nairobi,201,0,0.00%,53,0,0.00%,26.43%,0.00
02/15/2025,47,Bata Hilton,Kenya,Nairobi East,Nairobi,0,570,-100.00%,0,110,-100.00%,0.00%,0.19
02/09/2026,47,Bata Hilton,Kenya,Nairobi East,Nairobi,320,0,0.00%,111,0,0.00%,34.69%,0.00
02/19/2025,47,Bata Hilton,Kenya,Nairobi East,Nairobi,0,477,-100.00%,0,90,-100.00%,0.00%,0.19
01/28/2026,47,Bata Hilton,Kenya,Nairobi East,Nairobi,311,0,0.00%,170,0,0.00%,54.66%,0.00
02/10/2025,47,Bata Hilton,Kenya,Nairobi East,Nairobi,0,580,-100.00%,0,97,-100.00%,0.00%,0.17
02/11/2026,47,Bata Hilton,Kenya,Nairobi East,Nairobi,314,0,0.00%,75,0,0.00%,23.89%,0.00
03/02/2025,47,Bata Hilton,Kenya,Nairobi East,Nairobi,0,326,-100.00%,0,67,-100.00%,0.00%,0.21
02/04/2026,47,Bata Hilton,Kenya,Nairobi East,Nairobi,351,0,0.00%,93,0,0.00%,26.50%,0.00
02/23/2025,47,Bata Hilton,Kenya,Nairobi East,Nairobi,0,227,-100.00%,0,35,-100.00%,0.00%,0.15
02/22/2026,47,Bata Hilton,Kenya,Nairobi East,Nairobi,151,0,0.00%,18,0,0.00%,11.92%,0.00
03/01/2025,47,Bata Hilton,Kenya,Nairobi East,Nairobi,0,783,-100.00%,0,172,-100.00%,0.00%,0.22
02/12/2026,47,Bata Hilton,Kenya,Nairobi East,Nairobi,337,0,0.00%,0,0,0.00%,0.00%,0.00
02/24/2025,47,Bata Hilton,Kenya,Nairobi East,Nairobi,0,428,-100.00%,0,61,-100.00%,0.00%,0.14
03/02/2026,47,Bata Hilton,Kenya,Nairobi East,Nairobi,382,0,0.00%,183,0,0.00%,47.91%,0.00
03/03/2025,47,Bata Hilton,Kenya,Nairobi East,Nairobi,0,712,-100.00%,0,180,-100.00%,0.00%,0.25
02/18/2026,47,Bata Hilton,Kenya,Nairobi East,Nairobi,277,0,0.00%,96,0,0.00%,34.66%,0.00
02/25/2025,47,Bata Hilton,Kenya,Nairobi East,Nairobi,0,476,-100.00%,0,91,-100.00%,0.00%,0.19
03/04/2026,47,Bata Hilton,Kenya,Nairobi East,Nairobi,316,0,0.00%,128,0,0.00%,40.57%,0.00
03/06/2025,47,Bata Hilton,Kenya,Nairobi East,Nairobi,0,609,-100.00%,0,126,-100.00%,0.00%,0.21
02/25/2026,47,Bata Hilton,Kenya,Nairobi East,Nairobi,253,0,0.00%,83,0,0.00%,32.87%,0.00
02/27/2025,47,Bata Hilton,Kenya,Nairobi East,Nairobi,0,625,-100.00%,0,122,-100.00%,0.00%,0.20
03/07/2026,47,Bata Hilton,Kenya,Nairobi East,Nairobi,249,0,0.00%,92,0,0.00%,37.02%,0.00
01/06/2026,47,Bata Hilton,Kenya,Nairobi East,Nairobi,751,0,0.00%,304,0,0.00%,40.48%,0.00
03/06/2026,47,Bata Hilton,Kenya,Nairobi East,Nairobi,549,0,0.00%,141,0,0.00%,25.68%,0.00
02/28/2025,47,Bata Hilton,Kenya,Nairobi East,Nairobi,0,725,-100.00%,0,161,-100.00%,0.00%,0.22
03/09/2026,47,Bata Hilton,Kenya,Nairobi East,Nairobi,24,0,0.00%,0,0,0.00%,0.00%,0.00
03/07/2025,47,Bata Hilton,Kenya,Nairobi East,Nairobi,0,621,-100.00%,0,114,-100.00%,0.00%,0.18
01/02/2026,47,Bata Hilton,Kenya,Nairobi East,Nairobi,568,0,0.00%,16,0,0.00%,2.82%,0.00
01/09/2026,47,Bata Hilton,Kenya,Nairobi East,Nairobi,712,0,0.00%,281,0,0.00%,39.47%,0.00
03/05/2025,47,Bata Hilton,Kenya,Nairobi East,Nairobi,0,578,-100.00%,0,113,-100.00%,0.00%,0.20
01/07/2026,47,Bata Hilton,Kenya,Nairobi East,Nairobi,646,0,0.00%,296,0,0.00%,45.86%,0.00
01/15/2026,47,Bata Hilton,Kenya,Nairobi East,Nairobi,484,0,0.00%,195,0,0.00%,40.33%,0.00
01/19/2026,47,Bata Hilton,Kenya,Nairobi East,Nairobi,353,0,0.00%,117,0,0.00%,33.19%,0.00
01/01/2026,47,Bata Hilton,Kenya,Nairobi East,Nairobi,222,0,0.00%,0,0,0.00%,0.00%,0.00
01/10/2026,47,Bata Hilton,Kenya,Nairobi East,Nairobi,978,0,0.00%,388,0,0.00%,39.67%,0.00
01/29/2026,47,Bata Hilton,Kenya,Nairobi East,Nairobi,426,0,0.00%,96,0,0.00%,22.54%,0.00
01/22/2026,47,Bata Hilton,Kenya,Nairobi East,Nairobi,330,0,0.00%,101,0,0.00%,30.65%,0.00
01/27/2026,47,Bata Hilton,Kenya,Nairobi East,Nairobi,309,0,0.00%,0,0,0.00%,0.00%,0.00
01/18/2026,47,Bata Hilton,Kenya,Nairobi East,Nairobi,218,0,0.00%,70,0,0.00%,32.18%,0.00
01/31/2026,47,Bata Hilton,Kenya,Nairobi East,Nairobi,365,0,0.00%,122,0,0.00%,33.47%,0.00
02/05/2026,47,Bata Hilton,Kenya,Nairobi East,Nairobi,338,0,0.00%,115,0,0.00%,34.07%,0.00
01/30/2026,47,Bata Hilton,Kenya,Nairobi East,Nairobi,332,0,0.00%,94,0,0.00%,28.36%,0.00
01/24/2026,47,Bata Hilton,Kenya,Nairobi East,Nairobi,373,0,0.00%,121,0,0.00%,32.44%,0.00
02/01/2026,47,Bata Hilton,Kenya,Nairobi East,Nairobi,166,0,0.00%,45,0,0.00%,27.11%,0.00
02/07/2026,47,Bata Hilton,Kenya,Nairobi East,Nairobi,363,0,0.00%,109,0,0.00%,30.03%,0.00
02/02/2026,47,Bata Hilton,Kenya,Nairobi East,Nairobi,284,0,0.00%,77,0,0.00%,27.11%,0.00
01/26/2026,47,Bata Hilton,Kenya,Nairobi East,Nairobi,281,0,0.00%,0,0,0.00%,0.00%,0.00
02/08/2026,47,Bata Hilton,Kenya,Nairobi East,Nairobi,162,0,0.00%,45,0,0.00%,27.78%,0.00
02/20/2026,47,Bata Hilton,Kenya,Nairobi East,Nairobi,297,0,0.00%,81,0,0.00%,27.32%,0.00
02/10/2026,47,Bata Hilton,Kenya,Nairobi East,Nairobi,321,0,0.00%,102,0,0.00%,31.83%,0.00
02/06/2026,47,Bata Hilton,Kenya,Nairobi East,Nairobi,349,0,0.00%,112,0,0.00%,32.14%,0.00
02/14/2026,47,Bata Hilton,Kenya,Nairobi East,Nairobi,363,0,0.00%,154,0,0.00%,42.42%,0.00
02/28/2026,47,Bata Hilton,Kenya,Nairobi East,Nairobi,404,0,0.00%,182,0,0.00%,45.11%,0.00
02/13/2026,47,Bata Hilton,Kenya,Nairobi East,Nairobi,360,0,0.00%,0,0,0.00%,0.00%,0.00
02/16/2026,47,Bata Hilton,Kenya,Nairobi East,Nairobi,287,0,0.00%,96,0,0.00%,33.51%,0.00
02/19/2026,47,Bata Hilton,Kenya,Nairobi East,Nairobi,268,0,0.00%,77,0,0.00%,28.73%,0.00
03/03/2026,47,Bata Hilton,Kenya,Nairobi East,Nairobi,336,0,0.00%,140,0,0.00%,41.73%,0.00
02/15/2026,47,Bata Hilton,Kenya,Nairobi East,Nairobi,126,0,0.00%,31,0,0.00%,24.60%,0.00
02/17/2026,47,Bata Hilton,Kenya,Nairobi East,Nairobi,296,0,0.00%,60,0,0.00%,20.30%,0.00
02/21/2026,47,Bata Hilton,Kenya,Nairobi East,Nairobi,325,0,0.00%,91,0,0.00%,28.04%,0.00
03/05/2026,47,Bata Hilton,Kenya,Nairobi East,Nairobi,381,0,0.00%,101,0,0.00%,26.51%,0.00
02/23/2026,47,Bata Hilton,Kenya,Nairobi East,Nairobi,254,0,0.00%,80,0,0.00%,31.50%,0.00
03/08/2026,47,Bata Hilton,Kenya,Nairobi East,Nairobi,143,0,0.00%,48,0,0.00%,33.57%,0.00
02/24/2026,47,Bata Hilton,Kenya,Nairobi East,Nairobi,228,0,0.00%,78,0,0.00%,34.29%,0.00
02/26/2026,47,Bata Hilton,Kenya,Nairobi East,Nairobi,333,0,0.00%,92,0,0.00%,27.67%,0.00
02/27/2026,47,Bata Hilton,Kenya,Nairobi East,Nairobi,370,0,0.00%,156,0,0.00%,42.16%,0.00
03/01/2026,47,Bata Hilton,Kenya,Nairobi East,Nairobi,184,0,0.00%,64,0,0.00%,34.78%,0.00
01/06/2025,206,Bata Imaara,Kenya,Nairobi East,Nairobi,0,663,-100.00%,0,219,-100.00%,0.00%,0.33
01/12/2025,206,Bata Imaara,Kenya,Nairobi East,Nairobi,0,361,-100.00%,0,108,-100.00%,0.00%,0.30
01/04/2025,206,Bata Imaara,Kenya,Nairobi East,Nairobi,0,585,-100.00%,0,123,-100.00%,0.00%,0.21
01/01/2025,206,Bata Imaara,Kenya,Nairobi East,Nairobi,0,298,-100.00%,0,0,0.00%,0.00%,0.00
01/11/2025,206,Bata Imaara,Kenya,Nairobi East,Nairobi,0,268,-100.00%,0,91,-100.00%,0.00%,0.34
01/08/2025,206,Bata Imaara,Kenya,Nairobi East,Nairobi,0,295,-100.00%,0,122,-100.00%,0.00%,0.41
01/05/2025,206,Bata Imaara,Kenya,Nairobi East,Nairobi,0,621,-100.00%,0,155,-100.00%,0.00%,0.25
01/02/2025,206,Bata Imaara,Kenya,Nairobi East,Nairobi,0,261,-100.00%,0,0,0.00%,0.00%,0.00
01/22/2025,206,Bata Imaara,Kenya,Nairobi East,Nairobi,0,59,-100.00%,0,15,-100.00%,0.00%,0.25
01/20/2025,206,Bata Imaara,Kenya,Nairobi East,Nairobi,0,80,-100.00%,0,32,-100.00%,0.00%,0.40
01/10/2025,206,Bata Imaara,Kenya,Nairobi East,Nairobi,0,151,-100.00%,0,42,-100.00%,0.00%,0.28
01/03/2025,206,Bata Imaara,Kenya,Nairobi East,Nairobi,0,305,-100.00%,0,164,-100.00%,0.00%,0.54
01/25/2025,206,Bata Imaara,Kenya,Nairobi East,Nairobi,0,101,-100.00%,0,29,-100.00%,0.00%,0.29
01/16/2025,206,Bata Imaara,Kenya,Nairobi East,Nairobi,0,72,-100.00%,0,34,-100.00%,0.00%,0.47
01/13/2025,206,Bata Imaara,Kenya,Nairobi East,Nairobi,0,116,-100.00%,0,37,-100.00%,0.00%,0.32
01/07/2025,206,Bata Imaara,Kenya,Nairobi East,Nairobi,0,561,-100.00%,0,147,-100.00%,0.00%,0.26
01/27/2025,206,Bata Imaara,Kenya,Nairobi East,Nairobi,0,77,-100.00%,0,0,0.00%,0.00%,0.00
01/23/2025,206,Bata Imaara,Kenya,Nairobi East,Nairobi,0,67,-100.00%,0,14,-100.00%,0.00%,0.21
01/18/2025,206,Bata Imaara,Kenya,Nairobi East,Nairobi,0,137,-100.00%,0,41,-100.00%,0.00%,0.30
01/09/2025,206,Bata Imaara,Kenya,Nairobi East,Nairobi,0,188,-100.00%,0,71,-100.00%,0.00%,0.38
01/30/2025,206,Bata Imaara,Kenya,Nairobi East,Nairobi,0,46,-100.00%,0,20,-100.00%,0.00%,0.43
02/01/2025,206,Bata Imaara,Kenya,Nairobi East,Nairobi,0,134,-100.00%,0,45,-100.00%,0.00%,0.34
02/11/2025,206,Bata Imaara,Kenya,Nairobi East,Nairobi,0,48,-100.00%,0,16,-100.00%,0.00%,0.33
01/15/2025,206,Bata Imaara,Kenya,Nairobi East,Nairobi,0,80,-100.00%,0,35,-100.00%,0.00%,0.44
02/12/2025,206,Bata Imaara,Kenya,Nairobi East,Nairobi,0,56,-100.00%,0,19,-100.00%,0.00%,0.34
01/28/2025,206,Bata Imaara,Kenya,Nairobi East,Nairobi,0,66,-100.00%,0,0,0.00%,0.00%,0.00
02/13/2025,206,Bata Imaara,Kenya,Nairobi East,Nairobi,0,25,-100.00%,0,18,-100.00%,0.00%,0.72
01/14/2025,206,Bata Imaara,Kenya,Nairobi East,Nairobi,0,108,-100.00%,0,38,-100.00%,0.00%,0.35
02/14/2025,206,Bata Imaara,Kenya,Nairobi East,Nairobi,0,0,0.00%,0,20,-100.00%,0.00%,0.00
02/04/2025,206,Bata Imaara,Kenya,Nairobi East,Nairobi,0,66,-100.00%,0,28,-100.00%,0.00%,0.42
02/26/2025,206,Bata Imaara,Kenya,Nairobi East,Nairobi,0,62,-100.00%,0,22,-100.00%,0.00%,0.35
01/21/2025,206,Bata Imaara,Kenya,Nairobi East,Nairobi,0,72,-100.00%,0,11,-100.00%,0.00%,0.15
02/15/2025,206,Bata Imaara,Kenya,Nairobi East,Nairobi,0,0,0.00%,0,29,-100.00%,0.00%,0.00
02/08/2025,206,Bata Imaara,Kenya,Nairobi East,Nairobi,0,89,-100.00%,0,35,-100.00%,0.00%,0.39
02/27/2025,206,Bata Imaara,Kenya,Nairobi East,Nairobi,0,76,-100.00%,0,26,-100.00%,0.00%,0.34
01/17/2025,206,Bata Imaara,Kenya,Nairobi East,Nairobi,0,65,-100.00%,0,27,-100.00%,0.00%,0.42
02/20/2025,206,Bata Imaara,Kenya,Nairobi East,Nairobi,0,52,-100.00%,0,14,-100.00%,0.00%,0.27
02/07/2025,206,Bata Imaara,Kenya,Nairobi East,Nairobi,0,57,-100.00%,0,22,-100.00%,0.00%,0.39
03/09/2025,206,Bata Imaara,Kenya,Nairobi East,Nairobi,0,112,-100.00%,0,26,-100.00%,0.00%,0.23
01/26/2025,206,Bata Imaara,Kenya,Nairobi East,Nairobi,0,116,-100.00%,0,41,-100.00%,0.00%,0.35
02/22/2025,206,Bata Imaara,Kenya,Nairobi East,Nairobi,0,108,-100.00%,0,41,-100.00%,0.00%,0.38
02/16/2025,206,Bata Imaara,Kenya,Nairobi East,Nairobi,0,0,0.00%,0,22,-100.00%,0.00%,0.00
01/18/2026,206,Bata Imaara,Kenya,Nairobi East,Nairobi,204,0,0.00%,53,0,0.00%,26.04%,0.00
01/19/2025,206,Bata Imaara,Kenya,Nairobi East,Nairobi,0,130,-100.00%,0,26,-100.00%,0.00%,0.20
03/05/2025,206,Bata Imaara,Kenya,Nairobi East,Nairobi,0,47,-100.00%,0,17,-100.00%,0.00%,0.36
02/23/2025,206,Bata Imaara,Kenya,Nairobi East,Nairobi,0,126,-100.00%,0,42,-100.00%,0.00%,0.33
01/29/2026,206,Bata Imaara,Kenya,Nairobi East,Nairobi,51,0,0.00%,18,0,0.00%,35.29%,0.00
01/29/2025,206,Bata Imaara,Kenya,Nairobi East,Nairobi,0,59,-100.00%,0,48,-100.00%,0.00%,0.81
01/04/2026,206,Bata Imaara,Kenya,Nairobi East,Nairobi,590,0,0.00%,155,0,0.00%,26.29%,0.00
02/21/2025,206,Bata Imaara,Kenya,Nairobi East,Nairobi,0,93,-100.00%,0,32,-100.00%,0.00%,0.34
02/08/2026,206,Bata Imaara,Kenya,Nairobi East,Nairobi,114,0,0.00%,33,0,0.00%,28.95%,0.00
01/24/2025,206,Bata Imaara,Kenya,Nairobi East,Nairobi,0,52,-100.00%,0,25,-100.00%,0.00%,0.48
01/06/2026,206,Bata Imaara,Kenya,Nairobi East,Nairobi,589,0,0.00%,190,0,0.00%,32.29%,0.00
02/28/2025,206,Bata Imaara,Kenya,Nairobi East,Nairobi,0,78,-100.00%,0,28,-100.00%,0.00%,0.36
02/24/2026,206,Bata Imaara,Kenya,Nairobi East,Nairobi,52,0,0.00%,18,0,0.00%,34.95%,0.00
01/31/2025,206,Bata Imaara,Kenya,Nairobi East,Nairobi,0,72,-100.00%,0,25,-100.00%,0.00%,0.35
01/07/2026,206,Bata Imaara,Kenya,Nairobi East,Nairobi,345,0,0.00%,107,0,0.00%,31.06%,0.00
03/01/2025,206,Bata Imaara,Kenya,Nairobi East,Nairobi,0,135,-100.00%,0,42,-100.00%,0.00%,0.31
02/25/2026,206,Bata Imaara,Kenya,Nairobi East,Nairobi,66,0,0.00%,17,0,0.00%,25.76%,0.00
02/02/2025,206,Bata Imaara,Kenya,Nairobi East,Nairobi,0,108,-100.00%,0,25,-100.00%,0.00%,0.23
01/12/2026,206,Bata Imaara,Kenya,Nairobi East,Nairobi,253,0,0.00%,83,0,0.00%,32.81%,0.00
03/03/2025,206,Bata Imaara,Kenya,Nairobi East,Nairobi,0,122,-100.00%,0,43,-100.00%,0.00%,0.35
03/02/2026,206,Bata Imaara,Kenya,Nairobi East,Nairobi,115,0,0.00%,44,0,0.00%,38.43%,0.00
02/03/2025,206,Bata Imaara,Kenya,Nairobi East,Nairobi,0,45,-100.00%,0,12,-100.00%,0.00%,0.27
01/17/2026,206,Bata Imaara,Kenya,Nairobi East,Nairobi,172,0,0.00%,59,0,0.00%,34.40%,0.00
03/06/2025,206,Bata Imaara,Kenya,Nairobi East,Nairobi,0,65,-100.00%,0,17,-100.00%,0.00%,0.26
03/04/2026,206,Bata Imaara,Kenya,Nairobi East,Nairobi,66,0,0.00%,27,0,0.00%,41.22%,0.00
02/06/2025,206,Bata Imaara,Kenya,Nairobi East,Nairobi,0,63,-100.00%,0,26,-100.00%,0.00%,0.41
01/19/2026,206,Bata Imaara,Kenya,Nairobi East,Nairobi,120,0,0.00%,42,0,0.00%,35.00%,0.00
03/08/2025,206,Bata Imaara,Kenya,Nairobi East,Nairobi,0,154,-100.00%,0,41,-100.00%,0.00%,0.27
01/28/2026,206,Bata Imaara,Kenya,Nairobi East,Nairobi,66,0,0.00%,29,0,0.00%,43.94%,0.00
02/05/2025,206,Bata Imaara,Kenya,Nairobi East,Nairobi,0,58,-100.00%,0,30,-100.00%,0.00%,0.52
02/07/2026,206,Bata Imaara,Kenya,Nairobi East,Nairobi,63,0,0.00%,23,0,0.00%,36.80%,0.00
03/07/2025,206,Bata Imaara,Kenya,Nairobi East,Nairobi,0,68,-100.00%,0,17,-100.00%,0.00%,0.25
02/15/2026,206,Bata Imaara,Kenya,Nairobi East,Nairobi,81,0,0.00%,32,0,0.00%,39.75%,0.00
02/09/2025,206,Bata Imaara,Kenya,Nairobi East,Nairobi,0,106,-100.00%,0,22,-100.00%,0.00%,0.21
02/18/2026,206,Bata Imaara,Kenya,Nairobi East,Nairobi,43,0,0.00%,17,0,0.00%,40.00%,0.00
01/01/2026,206,Bata Imaara,Kenya,Nairobi East,Nairobi,284,0,0.00%,0,0,0.00%,0.00%,0.00
02/26/2026,206,Bata Imaara,Kenya,Nairobi East,Nairobi,82,0,0.00%,26,0,0.00%,31.71%,0.00
02/10/2025,206,Bata Imaara,Kenya,Nairobi East,Nairobi,0,39,-100.00%,0,19,-100.00%,0.00%,0.49
02/28/2026,206,Bata Imaara,Kenya,Nairobi East,Nairobi,138,0,0.00%,46,0,0.00%,33.33%,0.00
01/10/2026,206,Bata Imaara,Kenya,Nairobi East,Nairobi,396,0,0.00%,121,0,0.00%,30.59%,0.00
03/03/2026,206,Bata Imaara,Kenya,Nairobi East,Nairobi,74,0,0.00%,30,0,0.00%,40.82%,0.00
02/17/2025,206,Bata Imaara,Kenya,Nairobi East,Nairobi,0,0,0.00%,0,19,-100.00%,0.00%,0.00
03/05/2026,206,Bata Imaara,Kenya,Nairobi East,Nairobi,62,0,0.00%,24,0,0.00%,39.02%,0.00
01/20/2026,206,Bata Imaara,Kenya,Nairobi East,Nairobi,74,0,0.00%,23,0,0.00%,31.08%,0.00
02/18/2025,206,Bata Imaara,Kenya,Nairobi East,Nairobi,0,37,-100.00%,0,23,-100.00%,0.00%,0.62
01/11/2026,206,Bata Imaara,Kenya,Nairobi East,Nairobi,479,0,0.00%,120,0,0.00%,25.05%,0.00
02/25/2025,206,Bata Imaara,Kenya,Nairobi East,Nairobi,0,67,-100.00%,0,25,-100.00%,0.00%,0.37
01/27/2026,206,Bata Imaara,Kenya,Nairobi East,Nairobi,42,0,0.00%,23,0,0.00%,54.76%,0.00
02/19/2025,206,Bata Imaara,Kenya,Nairobi East,Nairobi,0,67,-100.00%,0,22,-100.00%,0.00%,0.33
01/13/2026,206,Bata Imaara,Kenya,Nairobi East,Nairobi,157,0,0.00%,50,0,0.00%,31.85%,0.00
03/02/2025,206,Bata Imaara,Kenya,Nairobi East,Nairobi,0,200,-100.00%,0,55,-100.00%,0.00%,0.28
02/02/2026,206,Bata Imaara,Kenya,Nairobi East,Nairobi,68,0,0.00%,20,0,0.00%,29.63%,0.00
02/24/2025,206,Bata Imaara,Kenya,Nairobi East,Nairobi,0,42,-100.00%,0,12,-100.00%,0.00%,0.29
01/16/2026,206,Bata Imaara,Kenya,Nairobi East,Nairobi,85,0,0.00%,27,0,0.00%,31.76%,0.00
01/09/2026,206,Bata Imaara,Kenya,Nairobi East,Nairobi,216,0,0.00%,62,0,0.00%,28.77%,0.00
02/10/2026,206,Bata Imaara,Kenya,Nairobi East,Nairobi,57,0,0.00%,17,0,0.00%,29.82%,0.00
03/04/2025,206,Bata Imaara,Kenya,Nairobi East,Nairobi,0,67,-100.00%,0,23,-100.00%,0.00%,0.34
01/24/2026,206,Bata Imaara,Kenya,Nairobi East,Nairobi,144,0,0.00%,39,0,0.00%,27.08%,0.00
01/14/2026,206,Bata Imaara,Kenya,Nairobi East,Nairobi,157,0,0.00%,56,0,0.00%,35.78%,0.00
02/12/2026,206,Bata Imaara,Kenya,Nairobi East,Nairobi,66,0,0.00%,19,0,0.00%,29.01%,0.00
01/02/2026,206,Bata Imaara,Kenya,Nairobi East,Nairobi,569,0,0.00%,85,0,0.00%,14.95%,0.00
02/03/2026,206,Bata Imaara,Kenya,Nairobi East,Nairobi,83,0,0.00%,27,0,0.00%,32.73%,0.00
01/22/2026,206,Bata Imaara,Kenya,Nairobi East,Nairobi,48,0,0.00%,24,0,0.00%,50.53%,0.00
02/13/2026,206,Bata Imaara,Kenya,Nairobi East,Nairobi,58,0,0.00%,20,0,0.00%,34.78%,0.00
01/03/2026,206,Bata Imaara,Kenya,Nairobi East,Nairobi,593,0,0.00%,146,0,0.00%,24.64%,0.00
02/09/2026,206,Bata Imaara,Kenya,Nairobi East,Nairobi,46,0,0.00%,10,0,0.00%,21.74%,0.00
01/25/2026,206,Bata Imaara,Kenya,Nairobi East,Nairobi,120,0,0.00%,33,0,0.00%,27.50%,0.00
02/21/2026,206,Bata Imaara,Kenya,Nairobi East,Nairobi,69,0,0.00%,20,0,0.00%,29.20%,0.00
01/05/2026,206,Bata Imaara,Kenya,Nairobi East,Nairobi,566,0,0.00%,178,0,0.00%,31.48%,0.00
02/22/2026,206,Bata Imaara,Kenya,Nairobi East,Nairobi,102,0,0.00%,26,0,0.00%,25.49%,0.00
01/30/2026,206,Bata Imaara,Kenya,Nairobi East,Nairobi,66,0,0.00%,20,0,0.00%,30.53%,0.00
03/06/2026,206,Bata Imaara,Kenya,Nairobi East,Nairobi,68,0,0.00%,24,0,0.00%,35.29%,0.00
01/08/2026,206,Bata Imaara,Kenya,Nairobi East,Nairobi,370,0,0.00%,83,0,0.00%,22.46%,0.00
02/27/2026,206,Bata Imaara,Kenya,Nairobi East,Nairobi,104,0,0.00%,32,0,0.00%,30.77%,0.00
02/04/2026,206,Bata Imaara,Kenya,Nairobi East,Nairobi,67,0,0.00%,24,0,0.00%,35.82%,0.00
01/15/2026,206,Bata Imaara,Kenya,Nairobi East,Nairobi,103,0,0.00%,33,0,0.00%,32.04%,0.00
02/05/2026,206,Bata Imaara,Kenya,Nairobi East,Nairobi,89,0,0.00%,28,0,0.00%,31.64%,0.00
01/21/2026,206,Bata Imaara,Kenya,Nairobi East,Nairobi,73,0,0.00%,23,0,0.00%,31.72%,0.00
02/20/2026,206,Bata Imaara,Kenya,Nairobi East,Nairobi,56,0,0.00%,14,0,0.00%,25.23%,0.00
01/23/2026,206,Bata Imaara,Kenya,Nairobi East,Nairobi,76,0,0.00%,19,0,0.00%,25.00%,0.00
02/23/2026,206,Bata Imaara,Kenya,Nairobi East,Nairobi,57,0,0.00%,18,0,0.00%,31.58%,0.00
01/26/2026,206,Bata Imaara,Kenya,Nairobi East,Nairobi,58,0,0.00%,0,0,0.00%,0.00%,0.00
03/01/2026,206,Bata Imaara,Kenya,Nairobi East,Nairobi,209,0,0.00%,57,0,0.00%,27.34%,0.00
01/31/2026,206,Bata Imaara,Kenya,Nairobi East,Nairobi,120,0,0.00%,38,0,0.00%,31.67%,0.00
03/08/2026,206,Bata Imaara,Kenya,Nairobi East,Nairobi,128,0,0.00%,36,0,0.00%,28.24%,0.00
02/01/2026,206,Bata Imaara,Kenya,Nairobi East,Nairobi,150,0,0.00%,43,0,0.00%,28.67%,0.00
02/06/2026,206,Bata Imaara,Kenya,Nairobi East,Nairobi,61,0,0.00%,21,0,0.00%,34.71%,0.00
02/11/2026,206,Bata Imaara,Kenya,Nairobi East,Nairobi,37,0,0.00%,14,0,0.00%,37.84%,0.00
02/14/2026,206,Bata Imaara,Kenya,Nairobi East,Nairobi,130,0,0.00%,36,0,0.00%,27.80%,0.00
02/16/2026,206,Bata Imaara,Kenya,Nairobi East,Nairobi,59,0,0.00%,28,0,0.00%,47.46%,0.00
02/17/2026,206,Bata Imaara,Kenya,Nairobi East,Nairobi,57,0,0.00%,20,0,0.00%,35.40%,0.00
02/19/2026,206,Bata Imaara,Kenya,Nairobi East,Nairobi,51,0,0.00%,17,0,0.00%,33.33%,0.00
03/07/2026,206,Bata Imaara,Kenya,Nairobi East,Nairobi,112,0,0.00%,37,0,0.00%,33.04%,0.00
03/09/2026,206,Bata Imaara,Kenya,Nairobi East,Nairobi,3,0,0.00%,0,0,0.00%,0.00%,0.00
01/05/2025,14,Bata Jubilee,Kenya,Nairobi East,Nairobi,0,118,-100.00%,0,24,-100.00%,0.00%,0.20
01/01/2025,14,Bata Jubilee,Kenya,Nairobi East,Nairobi,0,44,-100.00%,0,0,0.00%,0.00%,0.00
01/06/2025,14,Bata Jubilee,Kenya,Nairobi East,Nairobi,0,264,-100.00%,0,89,-100.00%,0.00%,0.34
01/03/2025,14,Bata Jubilee,Kenya,Nairobi East,Nairobi,0,279,-100.00%,0,89,-100.00%,0.00%,0.32
01/07/2025,14,Bata Jubilee,Kenya,Nairobi East,Nairobi,0,262,-100.00%,0,80,-100.00%,0.00%,0.31
01/04/2025,14,Bata Jubilee,Kenya,Nairobi East,Nairobi,0,277,-100.00%,0,56,-100.00%,0.00%,0.20
01/11/2025,14,Bata Jubilee,Kenya,Nairobi East,Nairobi,0,171,-100.00%,0,48,-100.00%,0.00%,0.28
01/02/2025,14,Bata Jubilee,Kenya,Nairobi East,Nairobi,0,192,-100.00%,0,0,0.00%,0.00%,0.00
01/10/2025,14,Bata Jubilee,Kenya,Nairobi East,Nairobi,0,198,-100.00%,0,38,-100.00%,0.00%,0.19
01/14/2025,14,Bata Jubilee,Kenya,Nairobi East,Nairobi,0,181,-100.00%,0,31,-100.00%,0.00%,0.17
01/17/2025,14,Bata Jubilee,Kenya,Nairobi East,Nairobi,0,185,-100.00%,0,35,-100.00%,0.00%,0.19
01/08/2025,14,Bata Jubilee,Kenya,Nairobi East,Nairobi,0,218,-100.00%,0,62,-100.00%,0.00%,0.28
01/26/2025,14,Bata Jubilee,Kenya,Nairobi East,Nairobi,0,47,-100.00%,0,6,-100.00%,0.00%,0.13
01/12/2025,14,Bata Jubilee,Kenya,Nairobi East,Nairobi,0,93,-100.00%,0,11,-100.00%,0.00%,0.12
01/22/2025,14,Bata Jubilee,Kenya,Nairobi East,Nairobi,0,126,-100.00%,0,29,-100.00%,0.00%,0.23
01/13/2025,14,Bata Jubilee,Kenya,Nairobi East,Nairobi,0,191,-100.00%,0,43,-100.00%,0.00%,0.23
02/03/2025,14,Bata Jubilee,Kenya,Nairobi East,Nairobi,0,122,-100.00%,0,21,-100.00%,0.00%,0.17
01/16/2025,14,Bata Jubilee,Kenya,Nairobi East,Nairobi,0,184,-100.00%,0,37,-100.00%,0.00%,0.20
01/30/2025,14,Bata Jubilee,Kenya,Nairobi East,Nairobi,0,101,-100.00%,0,34,-100.00%,0.00%,0.34
01/09/2025,14,Bata Jubilee,Kenya,Nairobi East,Nairobi,0,193,-100.00%,0,43,-100.00%,0.00%,0.22
02/06/2025,14,Bata Jubilee,Kenya,Nairobi East,Nairobi,0,145,-100.00%,0,35,-100.00%,0.00%,0.24
01/18/2025,14,Bata Jubilee,Kenya,Nairobi East,Nairobi,0,134,-100.00%,0,25,-100.00%,0.00%,0.19
02/07/2025,14,Bata Jubilee,Kenya,Nairobi East,Nairobi,0,130,-100.00%,0,20,-100.00%,0.00%,0.15
01/15/2025,14,Bata Jubilee,Kenya,Nairobi East,Nairobi,0,188,-100.00%,0,38,-100.00%,0.00%,0.20
02/19/2025,14,Bata Jubilee,Kenya,Nairobi East,Nairobi,0,0,0.00%,0,28,-100.00%,0.00%,0.00
01/25/2025,14,Bata Jubilee,Kenya,Nairobi East,Nairobi,0,130,-100.00%,0,28,-100.00%,0.00%,0.22
02/09/2025,14,Bata Jubilee,Kenya,Nairobi East,Nairobi,0,34,-100.00%,0,7,-100.00%,0.00%,0.21
01/19/2025,14,Bata Jubilee,Kenya,Nairobi East,Nairobi,0,29,-100.00%,0,4,-100.00%,0.00%,0.14
02/21/2025,14,Bata Jubilee,Kenya,Nairobi East,Nairobi,0,0,0.00%,0,22,-100.00%,0.00%,0.00
01/21/2025,14,Bata Jubilee,Kenya,Nairobi East,Nairobi,0,139,-100.00%,0,34,-100.00%,0.00%,0.24
03/08/2025,14,Bata Jubilee,Kenya,Nairobi East,Nairobi,0,129,-100.00%,0,38,-100.00%,0.00%,0.29
01/20/2025,14,Bata Jubilee,Kenya,Nairobi East,Nairobi,0,114,-100.00%,0,19,-100.00%,0.00%,0.17
02/24/2025,14,Bata Jubilee,Kenya,Nairobi East,Nairobi,0,0,0.00%,0,16,-100.00%,0.00%,0.00
01/27/2025,14,Bata Jubilee,Kenya,Nairobi East,Nairobi,0,92,-100.00%,0,0,0.00%,0.00%,0.00
01/04/2026,14,Bata Jubilee,Kenya,Nairobi East,Nairobi,125,0,0.00%,26,0,0.00%,20.80%,0.00
01/24/2025,14,Bata Jubilee,Kenya,Nairobi East,Nairobi,0,123,-100.00%,0,27,-100.00%,0.00%,0.22
01/05/2026,14,Bata Jubilee,Kenya,Nairobi East,Nairobi,277,0,0.00%,78,0,0.00%,28.21%,0.00
01/28/2025,14,Bata Jubilee,Kenya,Nairobi East,Nairobi,0,119,-100.00%,0,22,-100.00%,0.00%,0.18
01/12/2026,14,Bata Jubilee,Kenya,Nairobi East,Nairobi,215,0,0.00%,70,0,0.00%,32.56%,0.00
01/23/2025,14,Bata Jubilee,Kenya,Nairobi East,Nairobi,0,145,-100.00%,0,23,-100.00%,0.00%,0.16
01/23/2026,14,Bata Jubilee,Kenya,Nairobi East,Nairobi,151,0,0.00%,31,0,0.00%,20.53%,0.00
02/01/2025,14,Bata Jubilee,Kenya,Nairobi East,Nairobi,0,126,-100.00%,0,31,-100.00%,0.00%,0.25
01/22/2026,14,Bata Jubilee,Kenya,Nairobi East,Nairobi,135,0,0.00%,30,0,0.00%,22.30%,0.00
02/10/2025,14,Bata Jubilee,Kenya,Nairobi East,Nairobi,0,90,-100.00%,0,16,-100.00%,0.00%,0.18
01/26/2026,14,Bata Jubilee,Kenya,Nairobi East,Nairobi,162,0,0.00%,0,0,0.00%,0.00%,0.00
02/05/2025,14,Bata Jubilee,Kenya,Nairobi East,Nairobi,0,124,-100.00%,0,27,-100.00%,0.00%,0.22
02/10/2026,14,Bata Jubilee,Kenya,Nairobi East,Nairobi,138,0,0.00%,20,0,0.00%,14.49%,0.00
01/29/2025,14,Bata Jubilee,Kenya,Nairobi East,Nairobi,0,158,-100.00%,0,40,-100.00%,0.00%,0.25
02/01/2026,14,Bata Jubilee,Kenya,Nairobi East,Nairobi,54,0,0.00%,12,0,0.00%,22.43%,0.00
02/02/2025,14,Bata Jubilee,Kenya,Nairobi East,Nairobi,0,58,-100.00%,0,3,-100.00%,0.00%,0.05
02/21/2026,14,Bata Jubilee,Kenya,Nairobi East,Nairobi,103,0,0.00%,22,0,0.00%,21.46%,0.00
02/12/2025,14,Bata Jubilee,Kenya,Nairobi East,Nairobi,0,122,-100.00%,0,22,-100.00%,0.00%,0.18
02/03/2026,14,Bata Jubilee,Kenya,Nairobi East,Nairobi,141,0,0.00%,32,0,0.00%,22.78%,0.00
02/08/2025,14,Bata Jubilee,Kenya,Nairobi East,Nairobi,0,125,-100.00%,0,24,-100.00%,0.00%,0.19
02/23/2026,14,Bata Jubilee,Kenya,Nairobi East,Nairobi,116,0,0.00%,19,0,0.00%,16.45%,0.00
01/31/2025,14,Bata Jubilee,Kenya,Nairobi East,Nairobi,0,131,-100.00%,0,32,-100.00%,0.00%,0.24
02/06/2026,14,Bata Jubilee,Kenya,Nairobi East,Nairobi,107,0,0.00%,22,0,0.00%,20.66%,0.00
02/04/2025,14,Bata Jubilee,Kenya,Nairobi East,Nairobi,0,124,-100.00%,0,20,-100.00%,0.00%,0.16
03/09/2026,14,Bata Jubilee,Kenya,Nairobi East,Nairobi,9,0,0.00%,1,0,0.00%,11.11%,0.00
02/22/2025,14,Bata Jubilee,Kenya,Nairobi East,Nairobi,0,0,0.00%,0,25,-100.00%,0.00%,0.00
02/08/2026,14,Bata Jubilee,Kenya,Nairobi East,Nairobi,47,0,0.00%,9,0,0.00%,19.35%,0.00
02/13/2025,14,Bata Jubilee,Kenya,Nairobi East,Nairobi,0,134,-100.00%,0,26,-100.00%,0.00%,0.19
02/14/2026,14,Bata Jubilee,Kenya,Nairobi East,Nairobi,109,0,0.00%,13,0,0.00%,11.93%,0.00
02/11/2025,14,Bata Jubilee,Kenya,Nairobi East,Nairobi,0,144,-100.00%,0,26,-100.00%,0.00%,0.18
03/05/2026,14,Bata Jubilee,Kenya,Nairobi East,Nairobi,120,0,0.00%,30,0,0.00%,25.10%,0.00
02/15/2025,14,Bata Jubilee,Kenya,Nairobi East,Nairobi,0,115,-100.00%,0,23,-100.00%,0.00%,0.20
03/07/2026,14,Bata Jubilee,Kenya,Nairobi East,Nairobi,108,0,0.00%,18,0,0.00%,16.74%,0.00
03/02/2025,14,Bata Jubilee,Kenya,Nairobi East,Nairobi,0,35,-100.00%,0,5,-100.00%,0.00%,0.14
02/18/2025,14,Bata Jubilee,Kenya,Nairobi East,Nairobi,0,110,-100.00%,0,26,-100.00%,0.00%,0.24
02/14/2025,14,Bata Jubilee,Kenya,Nairobi East,Nairobi,0,146,-100.00%,0,26,-100.00%,0.00%,0.18
02/17/2025,14,Bata Jubilee,Kenya,Nairobi East,Nairobi,0,139,-100.00%,0,26,-100.00%,0.00%,0.19
03/05/2025,14,Bata Jubilee,Kenya,Nairobi East,Nairobi,0,142,-100.00%,0,27,-100.00%,0.00%,0.19
02/27/2025,14,Bata Jubilee,Kenya,Nairobi East,Nairobi,0,31,-100.00%,0,38,-100.00%,0.00%,1.23
02/16/2025,14,Bata Jubilee,Kenya,Nairobi East,Nairobi,0,40,-100.00%,0,2,-100.00%,0.00%,0.05
02/20/2025,14,Bata Jubilee,Kenya,Nairobi East,Nairobi,0,0,0.00%,0,28,-100.00%,0.00%,0.00
01/14/2026,14,Bata Jubilee,Kenya,Nairobi East,Nairobi,192,0,0.00%,36,0,0.00%,18.75%,0.00
03/01/2025,14,Bata Jubilee,Kenya,Nairobi East,Nairobi,0,175,-100.00%,0,38,-100.00%,0.00%,0.22
02/26/2025,14,Bata Jubilee,Kenya,Nairobi East,Nairobi,0,0,0.00%,0,34,-100.00%,0.00%,0.00
02/23/2025,14,Bata Jubilee,Kenya,Nairobi East,Nairobi,0,0,0.00%,0,10,-100.00%,0.00%,0.00
01/15/2026,14,Bata Jubilee,Kenya,Nairobi East,Nairobi,216,0,0.00%,42,0,0.00%,19.49%,0.00
03/04/2025,14,Bata Jubilee,Kenya,Nairobi East,Nairobi,0,154,-100.00%,0,27,-100.00%,0.00%,0.18
03/06/2025,14,Bata Jubilee,Kenya,Nairobi East,Nairobi,0,125,-100.00%,0,19,-100.00%,0.00%,0.15
02/25/2025,14,Bata Jubilee,Kenya,Nairobi East,Nairobi,0,0,0.00%,0,23,-100.00%,0.00%,0.00
01/25/2026,14,Bata Jubilee,Kenya,Nairobi East,Nairobi,46,0,0.00%,8,0,0.00%,17.39%,0.00
03/07/2025,14,Bata Jubilee,Kenya,Nairobi East,Nairobi,0,179,-100.00%,0,34,-100.00%,0.00%,0.19
01/02/2026,14,Bata Jubilee,Kenya,Nairobi East,Nairobi,174,0,0.00%,14,0,0.00%,8.07%,0.00
02/28/2025,14,Bata Jubilee,Kenya,Nairobi East,Nairobi,0,178,-100.00%,0,36,-100.00%,0.00%,0.20
01/27/2026,14,Bata Jubilee,Kenya,Nairobi East,Nairobi,113,0,0.00%,20,0,0.00%,17.78%,0.00
03/09/2025,14,Bata Jubilee,Kenya,Nairobi East,Nairobi,0,39,-100.00%,0,5,-100.00%,0.00%,0.13
01/03/2026,14,Bata Jubilee,Kenya,Nairobi East,Nairobi,224,0,0.00%,51,0,0.00%,22.77%,0.00
03/03/2025,14,Bata Jubilee,Kenya,Nairobi East,Nairobi,0,140,-100.00%,0,35,-100.00%,0.00%,0.25
01/30/2026,14,Bata Jubilee,Kenya,Nairobi East,Nairobi,138,0,0.00%,27,0,0.00%,19.57%,0.00
01/11/2026,14,Bata Jubilee,Kenya,Nairobi East,Nairobi,149,0,0.00%,24,0,0.00%,16.11%,0.00
01/08/2026,14,Bata Jubilee,Kenya,Nairobi East,Nairobi,236,0,0.00%,46,0,0.00%,19.49%,0.00
01/01/2026,14,Bata Jubilee,Kenya,Nairobi East,Nairobi,39,0,0.00%,0,0,0.00%,0.00%,0.00
02/02/2026,14,Bata Jubilee,Kenya,Nairobi East,Nairobi,107,0,0.00%,28,0,0.00%,26.17%,0.00
01/16/2026,14,Bata Jubilee,Kenya,Nairobi East,Nairobi,172,0,0.00%,41,0,0.00%,23.91%,0.00
01/10/2026,14,Bata Jubilee,Kenya,Nairobi East,Nairobi,296,0,0.00%,67,0,0.00%,22.67%,0.00
01/06/2026,14,Bata Jubilee,Kenya,Nairobi East,Nairobi,248,0,0.00%,74,0,0.00%,29.90%,0.00
02/05/2026,14,Bata Jubilee,Kenya,Nairobi East,Nairobi,142,0,0.00%,29,0,0.00%,20.49%,0.00
01/18/2026,14,Bata Jubilee,Kenya,Nairobi East,Nairobi,60,0,0.00%,11,0,0.00%,18.49%,0.00
01/13/2026,14,Bata Jubilee,Kenya,Nairobi East,Nairobi,217,0,0.00%,55,0,0.00%,25.40%,0.00
01/07/2026,14,Bata Jubilee,Kenya,Nairobi East,Nairobi,262,0,0.00%,60,0,0.00%,22.94%,0.00
02/18/2026,14,Bata Jubilee,Kenya,Nairobi East,Nairobi,153,0,0.00%,24,0,0.00%,15.74%,0.00
01/19/2026,14,Bata Jubilee,Kenya,Nairobi East,Nairobi,116,0,0.00%,15,0,0.00%,12.99%,0.00
01/21/2026,14,Bata Jubilee,Kenya,Nairobi East,Nairobi,125,0,0.00%,25,0,0.00%,20.00%,0.00
01/09/2026,14,Bata Jubilee,Kenya,Nairobi East,Nairobi,201,0,0.00%,38,0,0.00%,18.91%,0.00
02/28/2026,14,Bata Jubilee,Kenya,Nairobi East,Nairobi,152,0,0.00%,41,0,0.00%,26.97%,0.00
01/24/2026,14,Bata Jubilee,Kenya,Nairobi East,Nairobi,156,0,0.00%,28,0,0.00%,17.95%,0.00
02/16/2026,14,Bata Jubilee,Kenya,Nairobi East,Nairobi,92,0,0.00%,15,0,0.00%,16.39%,0.00
01/17/2026,14,Bata Jubilee,Kenya,Nairobi East,Nairobi,138,0,0.00%,36,0,0.00%,26.09%,0.00
03/01/2026,14,Bata Jubilee,Kenya,Nairobi East,Nairobi,69,0,0.00%,10,0,0.00%,14.60%,0.00
01/29/2026,14,Bata Jubilee,Kenya,Nairobi East,Nairobi,132,0,0.00%,25,0,0.00%,19.01%,0.00
02/19/2026,14,Bata Jubilee,Kenya,Nairobi East,Nairobi,129,0,0.00%,25,0,0.00%,19.38%,0.00
01/20/2026,14,Bata Jubilee,Kenya,Nairobi East,Nairobi,138,0,0.00%,14,0,0.00%,10.14%,0.00
03/03/2026,14,Bata Jubilee,Kenya,Nairobi East,Nairobi,139,0,0.00%,23,0,0.00%,16.55%,0.00
01/31/2026,14,Bata Jubilee,Kenya,Nairobi East,Nairobi,134,0,0.00%,32,0,0.00%,23.97%,0.00
02/25/2026,14,Bata Jubilee,Kenya,Nairobi East,Nairobi,111,0,0.00%,25,0,0.00%,22.62%,0.00
01/28/2026,14,Bata Jubilee,Kenya,Nairobi East,Nairobi,129,0,0.00%,30,0,0.00%,23.26%,0.00
03/06/2026,14,Bata Jubilee,Kenya,Nairobi East,Nairobi,132,0,0.00%,36,0,0.00%,27.38%,0.00
02/09/2026,14,Bata Jubilee,Kenya,Nairobi East,Nairobi,144,0,0.00%,35,0,0.00%,24.39%,0.00
03/02/2026,14,Bata Jubilee,Kenya,Nairobi East,Nairobi,144,0,0.00%,37,0,0.00%,25.78%,0.00
02/04/2026,14,Bata Jubilee,Kenya,Nairobi East,Nairobi,137,0,0.00%,26,0,0.00%,19.05%,0.00
02/11/2026,14,Bata Jubilee,Kenya,Nairobi East,Nairobi,132,0,0.00%,37,0,0.00%,28.14%,0.00
02/07/2026,14,Bata Jubilee,Kenya,Nairobi East,Nairobi,145,0,0.00%,24,0,0.00%,16.61%,0.00
02/17/2026,14,Bata Jubilee,Kenya,Nairobi East,Nairobi,100,0,0.00%,17,0,0.00%,17.00%,0.00
02/12/2026,14,Bata Jubilee,Kenya,Nairobi East,Nairobi,122,0,0.00%,24,0,0.00%,19.67%,0.00
02/22/2026,14,Bata Jubilee,Kenya,Nairobi East,Nairobi,37,0,0.00%,4,0,0.00%,10.81%,0.00
02/13/2026,14,Bata Jubilee,Kenya,Nairobi East,Nairobi,180,0,0.00%,34,0,0.00%,18.94%,0.00
02/24/2026,14,Bata Jubilee,Kenya,Nairobi East,Nairobi,94,0,0.00%,19,0,0.00%,20.32%,0.00
02/15/2026,14,Bata Jubilee,Kenya,Nairobi East,Nairobi,36,0,0.00%,5,0,0.00%,13.89%,0.00
02/27/2026,14,Bata Jubilee,Kenya,Nairobi East,Nairobi,154,0,0.00%,46,0,0.00%,29.97%,0.00
02/20/2026,14,Bata Jubilee,Kenya,Nairobi East,Nairobi,115,0,0.00%,16,0,0.00%,13.97%,0.00
03/04/2026,14,Bata Jubilee,Kenya,Nairobi East,Nairobi,122,0,0.00%,32,0,0.00%,26.34%,0.00
02/26/2026,14,Bata Jubilee,Kenya,Nairobi East,Nairobi,111,0,0.00%,24,0,0.00%,21.72%,0.00
03/08/2026,14,Bata Jubilee,Kenya,Nairobi East,Nairobi,49,0,0.00%,6,0,0.00%,12.37%,0.00
01/05/2025,163,Bata Juja Mall,Kenya,Nairobi West,Juja,0,1018,-100.00%,0,253,-100.00%,0.00%,0.25
01/03/2025,163,Bata Juja Mall,Kenya,Nairobi West,Juja,0,420,-100.00%,0,224,-100.00%,0.00%,0.53
01/02/2025,163,Bata Juja Mall,Kenya,Nairobi West,Juja,0,418,-100.00%,0,60,-100.00%,0.00%,0.14
01/01/2025,163,Bata Juja Mall,Kenya,Nairobi West,Juja,0,332,-100.00%,0,0,0.00%,0.00%,0.00
01/08/2025,163,Bata Juja Mall,Kenya,Nairobi West,Juja,0,457,-100.00%,0,153,-100.00%,0.00%,0.33
01/04/2025,163,Bata Juja Mall,Kenya,Nairobi West,Juja,0,594,-100.00%,0,165,-100.00%,0.00%,0.28
01/07/2025,163,Bata Juja Mall,Kenya,Nairobi West,Juja,0,612,-100.00%,0,205,-100.00%,0.00%,0.33
01/14/2025,163,Bata Juja Mall,Kenya,Nairobi West,Juja,0,294,-100.00%,0,56,-100.00%,0.00%,0.19
01/11/2025,163,Bata Juja Mall,Kenya,Nairobi West,Juja,0,303,-100.00%,0,87,-100.00%,0.00%,0.29
01/06/2025,163,Bata Juja Mall,Kenya,Nairobi West,Juja,0,1014,-100.00%,0,284,-100.00%,0.00%,0.28
01/12/2025,163,Bata Juja Mall,Kenya,Nairobi West,Juja,0,474,-100.00%,0,122,-100.00%,0.00%,0.26
01/09/2025,163,Bata Juja Mall,Kenya,Nairobi West,Juja,0,205,-100.00%,0,72,-100.00%,0.00%,0.35
01/19/2025,163,Bata Juja Mall,Kenya,Nairobi West,Juja,0,574,-100.00%,0,83,-100.00%,0.00%,0.14
01/15/2025,163,Bata Juja Mall,Kenya,Nairobi West,Juja,0,267,-100.00%,0,62,-100.00%,0.00%,0.23
01/28/2025,163,Bata Juja Mall,Kenya,Nairobi West,Juja,0,259,-100.00%,0,96,-100.00%,0.00%,0.37
01/16/2025,163,Bata Juja Mall,Kenya,Nairobi West,Juja,0,247,-100.00%,0,49,-100.00%,0.00%,0.20
01/21/2025,163,Bata Juja Mall,Kenya,Nairobi West,Juja,0,183,-100.00%,0,49,-100.00%,0.00%,0.27
01/13/2025,163,Bata Juja Mall,Kenya,Nairobi West,Juja,0,309,-100.00%,0,74,-100.00%,0.00%,0.24
02/10/2025,163,Bata Juja Mall,Kenya,Nairobi West,Juja,0,191,-100.00%,0,42,-100.00%,0.00%,0.22
01/10/2025,163,Bata Juja Mall,Kenya,Nairobi West,Juja,0,165,-100.00%,0,47,-100.00%,0.00%,0.28
02/14/2025,163,Bata Juja Mall,Kenya,Nairobi West,Juja,0,150,-100.00%,0,46,-100.00%,0.00%,0.31
01/17/2025,163,Bata Juja Mall,Kenya,Nairobi West,Juja,0,250,-100.00%,0,50,-100.00%,0.00%,0.20
03/01/2025,163,Bata Juja Mall,Kenya,Nairobi West,Juja,0,398,-100.00%,0,64,-100.00%,0.00%,0.16
01/22/2025,163,Bata Juja Mall,Kenya,Nairobi West,Juja,0,240,-100.00%,0,41,-100.00%,0.00%,0.17
02/17/2025,163,Bata Juja Mall,Kenya,Nairobi West,Juja,0,192,-100.00%,0,36,-100.00%,0.00%,0.19
01/27/2025,163,Bata Juja Mall,Kenya,Nairobi West,Juja,0,247,-100.00%,0,0,0.00%,0.00%,0.00
03/09/2025,163,Bata Juja Mall,Kenya,Nairobi West,Juja,0,297,-100.00%,0,50,-100.00%,0.00%,0.17
01/31/2025,163,Bata Juja Mall,Kenya,Nairobi West,Juja,0,291,-100.00%,0,52,-100.00%,0.00%,0.18
02/19/2025,163,Bata Juja Mall,Kenya,Nairobi West,Juja,0,136,-100.00%,0,22,-100.00%,0.00%,0.16
01/18/2025,163,Bata Juja Mall,Kenya,Nairobi West,Juja,0,339,-100.00%,0,75,-100.00%,0.00%,0.22
01/10/2026,163,Bata Juja Mall,Kenya,Nairobi West,Juja,570,0,0.00%,113,0,0.00%,19.82%,0.00
01/24/2025,163,Bata Juja Mall,Kenya,Nairobi West,Juja,0,344,-100.00%,0,74,-100.00%,0.00%,0.22
03/05/2025,163,Bata Juja Mall,Kenya,Nairobi West,Juja,0,211,-100.00%,0,55,-100.00%,0.00%,0.26
02/01/2025,163,Bata Juja Mall,Kenya,Nairobi West,Juja,0,458,-100.00%,0,72,-100.00%,0.00%,0.16
01/13/2026,163,Bata Juja Mall,Kenya,Nairobi West,Juja,299,0,0.00%,76,0,0.00%,25.42%,0.00
02/02/2025,163,Bata Juja Mall,Kenya,Nairobi West,Juja,0,504,-100.00%,0,84,-100.00%,0.00%,0.17
03/08/2025,163,Bata Juja Mall,Kenya,Nairobi West,Juja,0,312,-100.00%,0,53,-100.00%,0.00%,0.17
01/20/2025,163,Bata Juja Mall,Kenya,Nairobi West,Juja,0,202,-100.00%,0,45,-100.00%,0.00%,0.22
01/18/2026,163,Bata Juja Mall,Kenya,Nairobi West,Juja,466,0,0.00%,64,0,0.00%,13.75%,0.00
01/29/2025,163,Bata Juja Mall,Kenya,Nairobi West,Juja,0,265,-100.00%,0,54,-100.00%,0.00%,0.20
01/03/2026,163,Bata Juja Mall,Kenya,Nairobi West,Juja,869,0,0.00%,158,0,0.00%,18.18%,0.00
02/03/2025,163,Bata Juja Mall,Kenya,Nairobi West,Juja,0,230,-100.00%,0,46,-100.00%,0.00%,0.20
02/16/2026,163,Bata Juja Mall,Kenya,Nairobi West,Juja,150,0,0.00%,31,0,0.00%,20.67%,0.00
02/05/2025,163,Bata Juja Mall,Kenya,Nairobi West,Juja,0,266,-100.00%,0,61,-100.00%,0.00%,0.23
01/06/2026,163,Bata Juja Mall,Kenya,Nairobi West,Juja,922,0,0.00%,209,0,0.00%,22.67%,0.00
01/23/2025,163,Bata Juja Mall,Kenya,Nairobi West,Juja,0,281,-100.00%,0,58,-100.00%,0.00%,0.21
02/19/2026,163,Bata Juja Mall,Kenya,Nairobi West,Juja,137,0,0.00%,27,0,0.00%,19.71%,0.00
02/04/2025,163,Bata Juja Mall,Kenya,Nairobi West,Juja,0,226,-100.00%,0,42,-100.00%,0.00%,0.19
01/19/2026,163,Bata Juja Mall,Kenya,Nairobi West,Juja,211,0,0.00%,39,0,0.00%,18.53%,0.00
02/09/2025,163,Bata Juja Mall,Kenya,Nairobi West,Juja,0,363,-100.00%,0,57,-100.00%,0.00%,0.16
02/22/2026,163,Bata Juja Mall,Kenya,Nairobi West,Juja,159,0,0.00%,34,0,0.00%,21.38%,0.00
02/15/2025,163,Bata Juja Mall,Kenya,Nairobi West,Juja,0,273,-100.00%,0,52,-100.00%,0.00%,0.19
01/24/2026,163,Bata Juja Mall,Kenya,Nairobi West,Juja,272,0,0.00%,54,0,0.00%,19.89%,0.00
01/25/2025,163,Bata Juja Mall,Kenya,Nairobi West,Juja,0,465,-100.00%,0,97,-100.00%,0.00%,0.21
02/24/2026,163,Bata Juja Mall,Kenya,Nairobi West,Juja,102,0,0.00%,20,0,0.00%,19.61%,0.00
02/06/2025,163,Bata Juja Mall,Kenya,Nairobi West,Juja,0,198,-100.00%,0,43,-100.00%,0.00%,0.22
01/30/2026,163,Bata Juja Mall,Kenya,Nairobi West,Juja,198,0,0.00%,32,0,0.00%,16.20%,0.00
02/11/2025,163,Bata Juja Mall,Kenya,Nairobi West,Juja,0,174,-100.00%,0,38,-100.00%,0.00%,0.22
03/04/2026,163,Bata Juja Mall,Kenya,Nairobi West,Juja,184,0,0.00%,48,0,0.00%,26.16%,0.00
02/18/2025,163,Bata Juja Mall,Kenya,Nairobi West,Juja,0,182,-100.00%,0,39,-100.00%,0.00%,0.21
02/01/2026,163,Bata Juja Mall,Kenya,Nairobi West,Juja,362,0,0.00%,65,0,0.00%,17.96%,0.00
01/26/2025,163,Bata Juja Mall,Kenya,Nairobi West,Juja,0,486,-100.00%,0,84,-100.00%,0.00%,0.17
03/06/2026,163,Bata Juja Mall,Kenya,Nairobi West,Juja,172,0,0.00%,43,0,0.00%,25.07%,0.00
02/20/2025,163,Bata Juja Mall,Kenya,Nairobi West,Juja,0,172,-100.00%,0,47,-100.00%,0.00%,0.27
02/07/2026,163,Bata Juja Mall,Kenya,Nairobi West,Juja,193,0,0.00%,40,0,0.00%,20.78%,0.00
02/12/2025,163,Bata Juja Mall,Kenya,Nairobi West,Juja,0,89,-100.00%,0,20,-100.00%,0.00%,0.22
02/25/2026,163,Bata Juja Mall,Kenya,Nairobi West,Juja,99,0,0.00%,22,0,0.00%,22.34%,0.00
02/21/2025,163,Bata Juja Mall,Kenya,Nairobi West,Juja,0,203,-100.00%,0,45,-100.00%,0.00%,0.22
02/28/2026,163,Bata Juja Mall,Kenya,Nairobi West,Juja,277,0,0.00%,77,0,0.00%,27.80%,0.00
01/30/2025,163,Bata Juja Mall,Kenya,Nairobi West,Juja,0,252,-100.00%,0,56,-100.00%,0.00%,0.22
03/03/2026,163,Bata Juja Mall,Kenya,Nairobi West,Juja,242,0,0.00%,61,0,0.00%,25.21%,0.00
02/22/2025,163,Bata Juja Mall,Kenya,Nairobi West,Juja,0,345,-100.00%,0,70,-100.00%,0.00%,0.20
02/25/2025,163,Bata Juja Mall,Kenya,Nairobi West,Juja,0,237,-100.00%,0,33,-100.00%,0.00%,0.14
02/23/2025,163,Bata Juja Mall,Kenya,Nairobi West,Juja,0,289,-100.00%,0,43,-100.00%,0.00%,0.15
02/07/2025,163,Bata Juja Mall,Kenya,Nairobi West,Juja,0,261,-100.00%,0,43,-100.00%,0.00%,0.16
02/27/2025,163,Bata Juja Mall,Kenya,Nairobi West,Juja,0,267,-100.00%,0,43,-100.00%,0.00%,0.16
03/02/2025,163,Bata Juja Mall,Kenya,Nairobi West,Juja,0,565,-100.00%,0,100,-100.00%,0.00%,0.18
02/24/2025,163,Bata Juja Mall,Kenya,Nairobi West,Juja,0,185,-100.00%,0,29,-100.00%,0.00%,0.16
02/08/2025,163,Bata Juja Mall,Kenya,Nairobi West,Juja,0,363,-100.00%,0,64,-100.00%,0.00%,0.18
02/28/2025,163,Bata Juja Mall,Kenya,Nairobi West,Juja,0,215,-100.00%,0,35,-100.00%,0.00%,0.16
01/01/2026,163,Bata Juja Mall,Kenya,Nairobi West,Juja,441,0,0.00%,70,0,0.00%,15.87%,0.00
01/02/2026,163,Bata Juja Mall,Kenya,Nairobi West,Juja,728,0,0.00%,136,0,0.00%,18.69%,0.00
02/13/2025,163,Bata Juja Mall,Kenya,Nairobi West,Juja,0,94,-100.00%,0,25,-100.00%,0.00%,0.27
03/07/2025,163,Bata Juja Mall,Kenya,Nairobi West,Juja,0,144,-100.00%,0,38,-100.00%,0.00%,0.26
01/08/2026,163,Bata Juja Mall,Kenya,Nairobi West,Juja,401,0,0.00%,91,0,0.00%,22.72%,0.00
01/12/2026,163,Bata Juja Mall,Kenya,Nairobi West,Juja,403,0,0.00%,96,0,0.00%,23.85%,0.00
02/16/2025,163,Bata Juja Mall,Kenya,Nairobi West,Juja,0,310,-100.00%,0,44,-100.00%,0.00%,0.14
01/04/2026,163,Bata Juja Mall,Kenya,Nairobi West,Juja,1205,0,0.00%,222,0,0.00%,18.42%,0.00
01/14/2026,163,Bata Juja Mall,Kenya,Nairobi West,Juja,301,0,0.00%,68,0,0.00%,22.63%,0.00
01/20/2026,163,Bata Juja Mall,Kenya,Nairobi West,Juja,216,0,0.00%,40,0,0.00%,18.52%,0.00
02/26/2025,163,Bata Juja Mall,Kenya,Nairobi West,Juja,0,242,-100.00%,0,38,-100.00%,0.00%,0.16
01/09/2026,163,Bata Juja Mall,Kenya,Nairobi West,Juja,421,0,0.00%,93,0,0.00%,22.12%,0.00
01/17/2026,163,Bata Juja Mall,Kenya,Nairobi West,Juja,350,0,0.00%,52,0,0.00%,14.86%,0.00
01/28/2026,163,Bata Juja Mall,Kenya,Nairobi West,Juja,154,0,0.00%,27,0,0.00%,17.59%,0.00
03/03/2025,163,Bata Juja Mall,Kenya,Nairobi West,Juja,0,449,-100.00%,0,102,-100.00%,0.00%,0.23
01/11/2026,163,Bata Juja Mall,Kenya,Nairobi West,Juja,840,0,0.00%,162,0,0.00%,19.30%,0.00
01/22/2026,163,Bata Juja Mall,Kenya,Nairobi West,Juja,165,0,0.00%,27,0,0.00%,16.41%,0.00
01/31/2026,163,Bata Juja Mall,Kenya,Nairobi West,Juja,283,0,0.00%,61,0,0.00%,21.55%,0.00
03/04/2025,163,Bata Juja Mall,Kenya,Nairobi West,Juja,0,342,-100.00%,0,70,-100.00%,0.00%,0.20
01/16/2026,163,Bata Juja Mall,Kenya,Nairobi West,Juja,228,0,0.00%,42,0,0.00%,18.46%,0.00
01/25/2026,163,Bata Juja Mall,Kenya,Nairobi West,Juja,366,0,0.00%,56,0,0.00%,15.30%,0.00
02/05/2026,163,Bata Juja Mall,Kenya,Nairobi West,Juja,168,0,0.00%,31,0,0.00%,18.51%,0.00
03/06/2025,163,Bata Juja Mall,Kenya,Nairobi West,Juja,0,167,-100.00%,0,39,-100.00%,0.00%,0.23
02/10/2026,163,Bata Juja Mall,Kenya,Nairobi West,Juja,168,0,0.00%,38,0,0.00%,22.62%,0.00
01/27/2026,163,Bata Juja Mall,Kenya,Nairobi West,Juja,163,0,0.00%,60,0,0.00%,36.92%,0.00
02/06/2026,163,Bata Juja Mall,Kenya,Nairobi West,Juja,135,0,0.00%,43,0,0.00%,31.85%,0.00
01/05/2026,163,Bata Juja Mall,Kenya,Nairobi West,Juja,1010,0,0.00%,231,0,0.00%,22.88%,0.00
02/15/2026,163,Bata Juja Mall,Kenya,Nairobi West,Juja,302,0,0.00%,51,0,0.00%,16.92%,0.00
02/02/2026,163,Bata Juja Mall,Kenya,Nairobi West,Juja,181,0,0.00%,35,0,0.00%,19.34%,0.00
02/11/2026,163,Bata Juja Mall,Kenya,Nairobi West,Juja,163,0,0.00%,39,0,0.00%,24.00%,0.00
01/07/2026,163,Bata Juja Mall,Kenya,Nairobi West,Juja,642,0,0.00%,160,0,0.00%,24.92%,0.00
02/23/2026,163,Bata Juja Mall,Kenya,Nairobi West,Juja,98,0,0.00%,31,0,0.00%,31.63%,0.00
02/04/2026,163,Bata Juja Mall,Kenya,Nairobi West,Juja,224,0,0.00%,32,0,0.00%,14.32%,0.00
02/14/2026,163,Bata Juja Mall,Kenya,Nairobi West,Juja,266,0,0.00%,61,0,0.00%,22.93%,0.00
01/15/2026,163,Bata Juja Mall,Kenya,Nairobi West,Juja,237,0,0.00%,53,0,0.00%,22.36%,0.00
03/02/2026,163,Bata Juja Mall,Kenya,Nairobi West,Juja,259,0,0.00%,82,0,0.00%,31.66%,0.00
02/09/2026,163,Bata Juja Mall,Kenya,Nairobi West,Juja,117,0,0.00%,26,0,0.00%,22.32%,0.00
02/27/2026,163,Bata Juja Mall,Kenya,Nairobi West,Juja,182,0,0.00%,44,0,0.00%,24.24%,0.00
01/21/2026,163,Bata Juja Mall,Kenya,Nairobi West,Juja,203,0,0.00%,38,0,0.00%,18.77%,0.00
03/05/2026,163,Bata Juja Mall,Kenya,Nairobi West,Juja,120,0,0.00%,24,0,0.00%,20.00%,0.00
02/12/2026,163,Bata Juja Mall,Kenya,Nairobi West,Juja,136,0,0.00%,28,0,0.00%,20.59%,0.00
01/23/2026,163,Bata Juja Mall,Kenya,Nairobi West,Juja,171,0,0.00%,37,0,0.00%,21.70%,0.00
02/17/2026,163,Bata Juja Mall,Kenya,Nairobi West,Juja,136,0,0.00%,26,0,0.00%,19.12%,0.00
01/26/2026,163,Bata Juja Mall,Kenya,Nairobi West,Juja,177,0,0.00%,0,0,0.00%,0.00%,0.00
02/18/2026,163,Bata Juja Mall,Kenya,Nairobi West,Juja,114,0,0.00%,23,0,0.00%,20.18%,0.00
01/29/2026,163,Bata Juja Mall,Kenya,Nairobi West,Juja,180,0,0.00%,36,0,0.00%,20.06%,0.00
02/20/2026,163,Bata Juja Mall,Kenya,Nairobi West,Juja,119,0,0.00%,29,0,0.00%,24.37%,0.00
02/03/2026,163,Bata Juja Mall,Kenya,Nairobi West,Juja,179,0,0.00%,32,0,0.00%,17.93%,0.00
03/08/2026,163,Bata Juja Mall,Kenya,Nairobi West,Juja,287,0,0.00%,61,0,0.00%,21.25%,0.00
02/08/2026,163,Bata Juja Mall,Kenya,Nairobi West,Juja,263,0,0.00%,61,0,0.00%,23.24%,0.00
02/13/2026,163,Bata Juja Mall,Kenya,Nairobi West,Juja,174,0,0.00%,43,0,0.00%,24.78%,0.00
02/21/2026,163,Bata Juja Mall,Kenya,Nairobi West,Juja,160,0,0.00%,38,0,0.00%,23.82%,0.00
02/26/2026,163,Bata Juja Mall,Kenya,Nairobi West,Juja,116,0,0.00%,32,0,0.00%,27.71%,0.00
03/01/2026,163,Bata Juja Mall,Kenya,Nairobi West,Juja,409,0,0.00%,77,0,0.00%,18.83%,0.00
03/07/2026,163,Bata Juja Mall,Kenya,Nairobi West,Juja,235,0,0.00%,68,0,0.00%,29.00%,0.00
03/09/2026,163,Bata Juja Mall,Kenya,Nairobi West,Juja,35,0,0.00%,0,0,0.00%,0.00%,0.00
01/03/2025,51,Bata Junction Two,Kenya,Nairobi West,Nairobi,0,239,-100.00%,0,271,-100.00%,0.00%,1.13
01/01/2025,51,Bata Junction Two,Kenya,Nairobi West,Nairobi,0,124,-100.00%,0,0,0.00%,0.00%,0.00
01/05/2025,51,Bata Junction Two,Kenya,Nairobi West,Nairobi,0,315,-100.00%,0,285,-100.00%,0.00%,0.90
01/04/2025,51,Bata Junction Two,Kenya,Nairobi West,Nairobi,0,247,-100.00%,0,216,-100.00%,0.00%,0.87
01/06/2025,51,Bata Junction Two,Kenya,Nairobi West,Nairobi,0,448,-100.00%,0,352,-100.00%,0.00%,0.79
01/02/2025,51,Bata Junction Two,Kenya,Nairobi West,Nairobi,0,216,-100.00%,0,159,-100.00%,0.00%,0.74
01/12/2025,51,Bata Junction Two,Kenya,Nairobi West,Nairobi,0,214,-100.00%,0,205,-100.00%,0.00%,0.96
01/08/2025,51,Bata Junction Two,Kenya,Nairobi West,Nairobi,0,272,-100.00%,0,212,-100.00%,0.00%,0.78
01/21/2025,51,Bata Junction Two,Kenya,Nairobi West,Nairobi,0,82,-100.00%,0,60,-100.00%,0.00%,0.73
01/19/2025,51,Bata Junction Two,Kenya,Nairobi West,Nairobi,0,128,-100.00%,0,95,-100.00%,0.00%,0.74
01/15/2025,51,Bata Junction Two,Kenya,Nairobi West,Nairobi,0,97,-100.00%,0,86,-100.00%,0.00%,0.89
01/10/2025,51,Bata Junction Two,Kenya,Nairobi West,Nairobi,0,99,-100.00%,0,86,-100.00%,0.00%,0.87
01/22/2025,51,Bata Junction Two,Kenya,Nairobi West,Nairobi,0,92,-100.00%,0,40,-100.00%,0.00%,0.43
01/07/2025,51,Bata Junction Two,Kenya,Nairobi West,Nairobi,0,370,-100.00%,0,322,-100.00%,0.00%,0.87
01/18/2025,51,Bata Junction Two,Kenya,Nairobi West,Nairobi,0,139,-100.00%,0,73,-100.00%,0.00%,0.53
01/09/2025,51,Bata Junction Two,Kenya,Nairobi West,Nairobi,0,177,-100.00%,0,127,-100.00%,0.00%,0.72
01/24/2025,51,Bata Junction Two,Kenya,Nairobi West,Nairobi,0,98,-100.00%,0,63,-100.00%,0.00%,0.64
01/27/2025,51,Bata Junction Two,Kenya,Nairobi West,Nairobi,0,76,-100.00%,0,0,0.00%,0.00%,0.00
01/23/2025,51,Bata Junction Two,Kenya,Nairobi West,Nairobi,0,102,-100.00%,0,52,-100.00%,0.00%,0.51
01/25/2025,51,Bata Junction Two,Kenya,Nairobi West,Nairobi,0,116,-100.00%,0,97,-100.00%,0.00%,0.84
02/04/2025,51,Bata Junction Two,Kenya,Nairobi West,Nairobi,0,181,-100.00%,0,56,-100.00%,0.00%,0.31
01/13/2025,51,Bata Junction Two,Kenya,Nairobi West,Nairobi,0,95,-100.00%,0,90,-100.00%,0.00%,0.95
01/31/2025,51,Bata Junction Two,Kenya,Nairobi West,Nairobi,0,87,-100.00%,0,66,-100.00%,0.00%,0.76
01/11/2025,51,Bata Junction Two,Kenya,Nairobi West,Nairobi,0,191,-100.00%,0,144,-100.00%,0.00%,0.75
02/06/2025,51,Bata Junction Two,Kenya,Nairobi West,Nairobi,0,203,-100.00%,0,45,-100.00%,0.00%,0.22
01/30/2025,51,Bata Junction Two,Kenya,Nairobi West,Nairobi,0,87,-100.00%,0,55,-100.00%,0.00%,0.63
02/08/2025,51,Bata Junction Two,Kenya,Nairobi West,Nairobi,0,330,-100.00%,0,75,-100.00%,0.00%,0.23
02/02/2025,51,Bata Junction Two,Kenya,Nairobi West,Nairobi,0,386,-100.00%,0,88,-100.00%,0.00%,0.23
02/15/2025,51,Bata Junction Two,Kenya,Nairobi West,Nairobi,0,107,-100.00%,0,56,-100.00%,0.00%,0.52
01/20/2025,51,Bata Junction Two,Kenya,Nairobi West,Nairobi,0,95,-100.00%,0,44,-100.00%,0.00%,0.46
02/11/2025,51,Bata Junction Two,Kenya,Nairobi West,Nairobi,0,252,-100.00%,0,66,-100.00%,0.00%,0.26
01/14/2025,51,Bata Junction Two,Kenya,Nairobi West,Nairobi,0,101,-100.00%,0,83,-100.00%,0.00%,0.82
02/17/2025,51,Bata Junction Two,Kenya,Nairobi West,Nairobi,0,83,-100.00%,0,47,-100.00%,0.00%,0.57
02/01/2025,51,Bata Junction Two,Kenya,Nairobi West,Nairobi,0,448,-100.00%,0,103,-100.00%,0.00%,0.23
02/13/2025,51,Bata Junction Two,Kenya,Nairobi West,Nairobi,0,168,-100.00%,0,60,-100.00%,0.00%,0.36
02/05/2025,51,Bata Junction Two,Kenya,Nairobi West,Nairobi,0,184,-100.00%,0,55,-100.00%,0.00%,0.30
02/23/2025,51,Bata Junction Two,Kenya,Nairobi West,Nairobi,0,101,-100.00%,0,84,-100.00%,0.00%,0.83
01/26/2025,51,Bata Junction Two,Kenya,Nairobi West,Nairobi,0,112,-100.00%,0,88,-100.00%,0.00%,0.79
02/18/2025,51,Bata Junction Two,Kenya,Nairobi West,Nairobi,0,84,-100.00%,0,48,-100.00%,0.00%,0.57
01/16/2025,51,Bata Junction Two,Kenya,Nairobi West,Nairobi,0,79,-100.00%,0,61,-100.00%,0.00%,0.77
03/05/2025,51,Bata Junction Two,Kenya,Nairobi West,Nairobi,0,74,-100.00%,0,53,-100.00%,0.00%,0.72
02/07/2025,51,Bata Junction Two,Kenya,Nairobi West,Nairobi,0,212,-100.00%,0,44,-100.00%,0.00%,0.21
02/19/2025,51,Bata Junction Two,Kenya,Nairobi West,Nairobi,0,87,-100.00%,0,40,-100.00%,0.00%,0.46
02/24/2025,51,Bata Junction Two,Kenya,Nairobi West,Nairobi,0,66,-100.00%,0,32,-100.00%,0.00%,0.48
01/09/2026,51,Bata Junction Two,Kenya,Nairobi West,Nairobi,314,0,0.00%,134,0,0.00%,42.68%,0.00
01/28/2025,51,Bata Junction Two,Kenya,Nairobi West,Nairobi,0,63,-100.00%,0,0,0.00%,0.00%,0.00
02/21/2025,51,Bata Junction Two,Kenya,Nairobi West,Nairobi,0,80,-100.00%,0,53,-100.00%,0.00%,0.66
01/17/2025,51,Bata Junction Two,Kenya,Nairobi West,Nairobi,0,81,-100.00%,0,51,-100.00%,0.00%,0.63
01/12/2026,51,Bata Junction Two,Kenya,Nairobi West,Nairobi,526,0,0.00%,150,0,0.00%,28.54%,0.00
02/20/2025,51,Bata Junction Two,Kenya,Nairobi West,Nairobi,0,66,-100.00%,0,34,-100.00%,0.00%,0.52
03/09/2025,51,Bata Junction Two,Kenya,Nairobi West,Nairobi,0,132,-100.00%,0,80,-100.00%,0.00%,0.61
01/02/2026,51,Bata Junction Two,Kenya,Nairobi West,Nairobi,695,0,0.00%,222,0,0.00%,31.94%,0.00
01/14/2026,51,Bata Junction Two,Kenya,Nairobi West,Nairobi,386,0,0.00%,94,0,0.00%,24.35%,0.00
02/03/2025,51,Bata Junction Two,Kenya,Nairobi West,Nairobi,0,193,-100.00%,0,56,-100.00%,0.00%,0.29
01/08/2026,51,Bata Junction Two,Kenya,Nairobi West,Nairobi,496,0,0.00%,130,0,0.00%,26.24%,0.00
01/29/2025,51,Bata Junction Two,Kenya,Nairobi West,Nairobi,0,76,-100.00%,0,145,-100.00%,0.00%,1.91
01/30/2026,51,Bata Junction Two,Kenya,Nairobi West,Nairobi,194,0,0.00%,50,0,0.00%,25.84%,0.00
02/28/2025,51,Bata Junction Two,Kenya,Nairobi West,Nairobi,0,89,-100.00%,0,38,-100.00%,0.00%,0.43
01/16/2026,51,Bata Junction Two,Kenya,Nairobi West,Nairobi,269,0,0.00%,63,0,0.00%,23.42%,0.00
01/07/2026,51,Bata Junction Two,Kenya,Nairobi West,Nairobi,761,0,0.00%,245,0,0.00%,32.22%,0.00
02/04/2026,51,Bata Junction Two,Kenya,Nairobi West,Nairobi,172,0,0.00%,43,0,0.00%,25.07%,0.00
02/10/2025,51,Bata Junction Two,Kenya,Nairobi West,Nairobi,0,176,-100.00%,0,43,-100.00%,0.00%,0.24
01/18/2026,51,Bata Junction Two,Kenya,Nairobi West,Nairobi,507,0,0.00%,99,0,0.00%,19.55%,0.00
02/09/2025,51,Bata Junction Two,Kenya,Nairobi West,Nairobi,0,337,-100.00%,0,74,-100.00%,0.00%,0.22
02/05/2026,51,Bata Junction Two,Kenya,Nairobi West,Nairobi,195,0,0.00%,59,0,0.00%,30.26%,0.00
01/04/2026,51,Bata Junction Two,Kenya,Nairobi West,Nairobi,970,0,0.00%,214,0,0.00%,22.07%,0.00
01/21/2026,51,Bata Junction Two,Kenya,Nairobi West,Nairobi,196,0,0.00%,42,0,0.00%,21.48%,0.00
01/10/2026,51,Bata Junction Two,Kenya,Nairobi West,Nairobi,768,0,0.00%,190,0,0.00%,24.74%,0.00
02/07/2026,51,Bata Junction Two,Kenya,Nairobi West,Nairobi,330,0,0.00%,72,0,0.00%,21.85%,0.00
02/16/2025,51,Bata Junction Two,Kenya,Nairobi West,Nairobi,0,140,-100.00%,0,88,-100.00%,0.00%,0.63
01/24/2026,51,Bata Junction Two,Kenya,Nairobi West,Nairobi,336,0,0.00%,81,0,0.00%,24.11%,0.00
02/12/2025,51,Bata Junction Two,Kenya,Nairobi West,Nairobi,0,193,-100.00%,0,53,-100.00%,0.00%,0.27
02/12/2026,51,Bata Junction Two,Kenya,Nairobi West,Nairobi,173,0,0.00%,38,0,0.00%,22.03%,0.00
01/19/2026,51,Bata Junction Two,Kenya,Nairobi West,Nairobi,228,0,0.00%,51,0,0.00%,22.37%,0.00
01/26/2026,51,Bata Junction Two,Kenya,Nairobi West,Nairobi,193,0,0.00%,0,0,0.00%,0.00%,0.00
02/09/2026,51,Bata Junction Two,Kenya,Nairobi West,Nairobi,184,0,0.00%,30,0,0.00%,16.30%,0.00
02/15/2026,51,Bata Junction Two,Kenya,Nairobi West,Nairobi,291,0,0.00%,52,0,0.00%,17.87%,0.00
02/26/2025,51,Bata Junction Two,Kenya,Nairobi West,Nairobi,0,78,-100.00%,0,42,-100.00%,0.00%,0.54
01/29/2026,51,Bata Junction Two,Kenya,Nairobi West,Nairobi,222,0,0.00%,58,0,0.00%,26.13%,0.00
02/14/2025,51,Bata Junction Two,Kenya,Nairobi West,Nairobi,0,92,-100.00%,0,60,-100.00%,0.00%,0.65
02/18/2026,51,Bata Junction Two,Kenya,Nairobi West,Nairobi,149,0,0.00%,36,0,0.00%,24.16%,0.00
01/20/2026,51,Bata Junction Two,Kenya,Nairobi West,Nairobi,244,0,0.00%,61,0,0.00%,25.00%,0.00
02/01/2026,51,Bata Junction Two,Kenya,Nairobi West,Nairobi,398,0,0.00%,83,0,0.00%,20.85%,0.00
02/16/2026,51,Bata Junction Two,Kenya,Nairobi West,Nairobi,142,0,0.00%,34,0,0.00%,24.03%,0.00
02/20/2026,51,Bata Junction Two,Kenya,Nairobi West,Nairobi,162,0,0.00%,39,0,0.00%,24.07%,0.00
02/27/2025,51,Bata Junction Two,Kenya,Nairobi West,Nairobi,0,100,-100.00%,0,39,-100.00%,0.00%,0.39
02/03/2026,51,Bata Junction Two,Kenya,Nairobi West,Nairobi,149,0,0.00%,37,0,0.00%,24.92%,0.00
02/22/2025,51,Bata Junction Two,Kenya,Nairobi West,Nairobi,0,130,-100.00%,0,63,-100.00%,0.00%,0.48
02/25/2026,51,Bata Junction Two,Kenya,Nairobi West,Nairobi,226,0,0.00%,55,0,0.00%,24.34%,0.00
01/22/2026,51,Bata Junction Two,Kenya,Nairobi West,Nairobi,236,0,0.00%,51,0,0.00%,21.61%,0.00
02/06/2026,51,Bata Junction Two,Kenya,Nairobi West,Nairobi,162,0,0.00%,44,0,0.00%,27.24%,0.00
02/21/2026,51,Bata Junction Two,Kenya,Nairobi West,Nairobi,235,0,0.00%,55,0,0.00%,23.40%,0.00
02/26/2026,51,Bata Junction Two,Kenya,Nairobi West,Nairobi,258,0,0.00%,62,0,0.00%,24.03%,0.00
03/01/2025,51,Bata Junction Two,Kenya,Nairobi West,Nairobi,0,133,-100.00%,0,101,-100.00%,0.00%,0.76
02/13/2026,51,Bata Junction Two,Kenya,Nairobi West,Nairobi,228,0,0.00%,60,0,0.00%,26.37%,0.00
02/25/2025,51,Bata Junction Two,Kenya,Nairobi West,Nairobi,0,75,-100.00%,0,35,-100.00%,0.00%,0.47
02/28/2026,51,Bata Junction Two,Kenya,Nairobi West,Nairobi,460,0,0.00%,108,0,0.00%,23.50%,0.00
02/02/2026,51,Bata Junction Two,Kenya,Nairobi West,Nairobi,178,0,0.00%,42,0,0.00%,23.60%,0.00
03/07/2026,51,Bata Junction Two,Kenya,Nairobi West,Nairobi,265,0,0.00%,65,0,0.00%,24.53%,0.00
02/22/2026,51,Bata Junction Two,Kenya,Nairobi West,Nairobi,297,0,0.00%,62,0,0.00%,20.88%,0.00
03/06/2026,51,Bata Junction Two,Kenya,Nairobi West,Nairobi,228,0,0.00%,62,0,0.00%,27.25%,0.00
03/04/2025,51,Bata Junction Two,Kenya,Nairobi West,Nairobi,0,107,-100.00%,0,75,-100.00%,0.00%,0.70
03/09/2026,51,Bata Junction Two,Kenya,Nairobi West,Nairobi,19,0,0.00%,0,0,0.00%,0.00%,0.00
03/02/2025,51,Bata Junction Two,Kenya,Nairobi West,Nairobi,0,243,-100.00%,0,156,-100.00%,0.00%,0.64
02/17/2026,51,Bata Junction Two,Kenya,Nairobi West,Nairobi,170,0,0.00%,33,0,0.00%,19.47%,0.00
03/01/2026,51,Bata Junction Two,Kenya,Nairobi West,Nairobi,162,0,0.00%,118,0,0.00%,72.84%,0.00
03/06/2025,51,Bata Junction Two,Kenya,Nairobi West,Nairobi,0,83,-100.00%,0,46,-100.00%,0.00%,0.55
03/03/2025,51,Bata Junction Two,Kenya,Nairobi West,Nairobi,0,123,-100.00%,0,94,-100.00%,0.00%,0.76
03/03/2026,51,Bata Junction Two,Kenya,Nairobi West,Nairobi,220,0,0.00%,68,0,0.00%,30.98%,0.00
03/08/2025,51,Bata Junction Two,Kenya,Nairobi West,Nairobi,0,96,-100.00%,0,59,-100.00%,0.00%,0.61
03/07/2025,51,Bata Junction Two,Kenya,Nairobi West,Nairobi,0,95,-100.00%,0,48,-100.00%,0.00%,0.51
01/01/2026,51,Bata Junction Two,Kenya,Nairobi West,Nairobi,397,0,0.00%,0,0,0.00%,0.00%,0.00
01/05/2026,51,Bata Junction Two,Kenya,Nairobi West,Nairobi,350,0,0.00%,339,0,0.00%,96.86%,0.00
01/03/2026,51,Bata Junction Two,Kenya,Nairobi West,Nairobi,819,0,0.00%,218,0,0.00%,26.62%,0.00
01/13/2026,51,Bata Junction Two,Kenya,Nairobi West,Nairobi,382,0,0.00%,104,0,0.00%,27.26%,0.00
01/06/2026,51,Bata Junction Two,Kenya,Nairobi West,Nairobi,1165,0,0.00%,318,0,0.00%,27.31%,0.00
01/15/2026,51,Bata Junction Two,Kenya,Nairobi West,Nairobi,315,0,0.00%,87,0,0.00%,27.62%,0.00
01/11/2026,51,Bata Junction Two,Kenya,Nairobi West,Nairobi,1212,0,0.00%,256,0,0.00%,21.13%,0.00
01/23/2026,51,Bata Junction Two,Kenya,Nairobi West,Nairobi,217,0,0.00%,53,0,0.00%,24.42%,0.00
01/17/2026,51,Bata Junction Two,Kenya,Nairobi West,Nairobi,365,0,0.00%,81,0,0.00%,22.22%,0.00
01/31/2026,51,Bata Junction Two,Kenya,Nairobi West,Nairobi,374,0,0.00%,75,0,0.00%,20.08%,0.00
01/25/2026,51,Bata Junction Two,Kenya,Nairobi West,Nairobi,404,0,0.00%,91,0,0.00%,22.52%,0.00
02/08/2026,51,Bata Junction Two,Kenya,Nairobi West,Nairobi,418,0,0.00%,79,0,0.00%,18.90%,0.00
01/27/2026,51,Bata Junction Two,Kenya,Nairobi West,Nairobi,206,0,0.00%,0,0,0.00%,0.00%,0.00
02/11/2026,51,Bata Junction Two,Kenya,Nairobi West,Nairobi,164,0,0.00%,43,0,0.00%,26.22%,0.00
01/28/2026,51,Bata Junction Two,Kenya,Nairobi West,Nairobi,179,0,0.00%,126,0,0.00%,70.59%,0.00
02/14/2026,51,Bata Junction Two,Kenya,Nairobi West,Nairobi,300,0,0.00%,65,0,0.00%,21.67%,0.00
02/10/2026,51,Bata Junction Two,Kenya,Nairobi West,Nairobi,149,0,0.00%,30,0,0.00%,20.13%,0.00
02/19/2026,51,Bata Junction Two,Kenya,Nairobi West,Nairobi,175,0,0.00%,36,0,0.00%,20.63%,0.00
02/23/2026,51,Bata Junction Two,Kenya,Nairobi West,Nairobi,158,0,0.00%,38,0,0.00%,24.05%,0.00
02/24/2026,51,Bata Junction Two,Kenya,Nairobi West,Nairobi,201,0,0.00%,41,0,0.00%,20.45%,0.00
03/05/2026,51,Bata Junction Two,Kenya,Nairobi West,Nairobi,234,0,0.00%,53,0,0.00%,22.70%,0.00
02/27/2026,51,Bata Junction Two,Kenya,Nairobi West,Nairobi,283,0,0.00%,82,0,0.00%,29.03%,0.00
03/08/2026,51,Bata Junction Two,Kenya,Nairobi West,Nairobi,374,0,0.00%,86,0,0.00%,23.03%,0.00
03/02/2026,51,Bata Junction Two,Kenya,Nairobi West,Nairobi,304,0,0.00%,83,0,0.00%,27.35%,0.00
03/04/2026,51,Bata Junction Two,Kenya,Nairobi West,Nairobi,101,0,0.00%,48,0,0.00%,47.52%,0.00
01/12/2025,69,Bata Kakamega One,Kenya,Nyanza,Kakamega,0,136,-100.00%,0,49,-100.00%,0.00%,0.36
01/08/2025,69,Bata Kakamega One,Kenya,Nyanza,Kakamega,0,419,-100.00%,0,154,-100.00%,0.00%,0.37
01/07/2025,69,Bata Kakamega One,Kenya,Nyanza,Kakamega,0,802,-100.00%,0,268,-100.00%,0.00%,0.33
01/01/2025,69,Bata Kakamega One,Kenya,Nyanza,Kakamega,0,155,-100.00%,0,26,-100.00%,0.00%,0.17
01/17/2025,69,Bata Kakamega One,Kenya,Nyanza,Kakamega,0,195,-100.00%,0,58,-100.00%,0.00%,0.30
01/06/2025,69,Bata Kakamega One,Kenya,Nyanza,Kakamega,0,814,-100.00%,0,243,-100.00%,0.00%,0.30
01/10/2025,69,Bata Kakamega One,Kenya,Nyanza,Kakamega,0,241,-100.00%,0,66,-100.00%,0.00%,0.27
01/02/2025,69,Bata Kakamega One,Kenya,Nyanza,Kakamega,0,392,-100.00%,0,91,-100.00%,0.00%,0.23
01/27/2025,69,Bata Kakamega One,Kenya,Nyanza,Kakamega,0,124,-100.00%,0,36,-100.00%,0.00%,0.29
01/13/2025,69,Bata Kakamega One,Kenya,Nyanza,Kakamega,0,276,-100.00%,0,112,-100.00%,0.00%,0.41
01/16/2025,69,Bata Kakamega One,Kenya,Nyanza,Kakamega,0,183,-100.00%,0,63,-100.00%,0.00%,0.34
01/03/2025,69,Bata Kakamega One,Kenya,Nyanza,Kakamega,0,507,-100.00%,0,128,-100.00%,0.00%,0.25
02/01/2025,69,Bata Kakamega One,Kenya,Nyanza,Kakamega,0,226,-100.00%,0,59,-100.00%,0.00%,0.26
01/09/2025,69,Bata Kakamega One,Kenya,Nyanza,Kakamega,0,315,-100.00%,0,104,-100.00%,0.00%,0.33
01/21/2025,69,Bata Kakamega One,Kenya,Nyanza,Kakamega,0,163,-100.00%,0,46,-100.00%,0.00%,0.28
01/05/2025,69,Bata Kakamega One,Kenya,Nyanza,Kakamega,0,330,-100.00%,0,86,-100.00%,0.00%,0.26
02/02/2025,69,Bata Kakamega One,Kenya,Nyanza,Kakamega,0,106,-100.00%,0,21,-100.00%,0.00%,0.20
01/15/2025,69,Bata Kakamega One,Kenya,Nyanza,Kakamega,0,135,-100.00%,0,52,-100.00%,0.00%,0.39
01/23/2025,69,Bata Kakamega One,Kenya,Nyanza,Kakamega,0,144,-100.00%,0,52,-100.00%,0.00%,0.36
01/04/2025,69,Bata Kakamega One,Kenya,Nyanza,Kakamega,0,570,-100.00%,0,163,-100.00%,0.00%,0.29
02/04/2025,69,Bata Kakamega One,Kenya,Nyanza,Kakamega,0,143,-100.00%,0,40,-100.00%,0.00%,0.28
01/20/2025,69,Bata Kakamega One,Kenya,Nyanza,Kakamega,0,161,-100.00%,0,43,-100.00%,0.00%,0.27
01/24/2025,69,Bata Kakamega One,Kenya,Nyanza,Kakamega,0,124,-100.00%,0,45,-100.00%,0.00%,0.36
01/18/2025,69,Bata Kakamega One,Kenya,Nyanza,Kakamega,0,186,-100.00%,0,44,-100.00%,0.00%,0.24
02/17/2025,69,Bata Kakamega One,Kenya,Nyanza,Kakamega,0,150,-100.00%,0,38,-100.00%,0.00%,0.25
01/29/2025,69,Bata Kakamega One,Kenya,Nyanza,Kakamega,0,130,-100.00%,0,32,-100.00%,0.00%,0.25
01/26/2025,69,Bata Kakamega One,Kenya,Nyanza,Kakamega,0,108,-100.00%,0,17,-100.00%,0.00%,0.16
01/11/2025,69,Bata Kakamega One,Kenya,Nyanza,Kakamega,0,409,-100.00%,0,154,-100.00%,0.00%,0.38
02/23/2025,69,Bata Kakamega One,Kenya,Nyanza,Kakamega,0,67,-100.00%,0,23,-100.00%,0.00%,0.34
01/22/2025,69,Bata Kakamega One,Kenya,Nyanza,Kakamega,0,138,-100.00%,0,50,-100.00%,0.00%,0.36
02/03/2025,69,Bata Kakamega One,Kenya,Nyanza,Kakamega,0,198,-100.00%,0,34,-100.00%,0.00%,0.17
01/31/2025,69,Bata Kakamega One,Kenya,Nyanza,Kakamega,0,146,-100.00%,0,38,-100.00%,0.00%,0.26
03/03/2025,69,Bata Kakamega One,Kenya,Nyanza,Kakamega,0,241,-100.00%,0,58,-100.00%,0.00%,0.24
02/05/2025,69,Bata Kakamega One,Kenya,Nyanza,Kakamega,0,131,-100.00%,0,29,-100.00%,0.00%,0.22
02/13/2025,69,Bata Kakamega One,Kenya,Nyanza,Kakamega,0,119,-100.00%,0,26,-100.00%,0.00%,0.22
01/14/2025,69,Bata Kakamega One,Kenya,Nyanza,Kakamega,0,176,-100.00%,0,72,-100.00%,0.00%,0.41
03/06/2025,69,Bata Kakamega One,Kenya,Nyanza,Kakamega,0,138,-100.00%,0,36,-100.00%,0.00%,0.26
01/25/2025,69,Bata Kakamega One,Kenya,Nyanza,Kakamega,0,150,-100.00%,0,42,-100.00%,0.00%,0.28
02/14/2025,69,Bata Kakamega One,Kenya,Nyanza,Kakamega,0,115,-100.00%,0,32,-100.00%,0.00%,0.28
02/08/2025,69,Bata Kakamega One,Kenya,Nyanza,Kakamega,0,170,-100.00%,0,40,-100.00%,0.00%,0.24
03/08/2025,69,Bata Kakamega One,Kenya,Nyanza,Kakamega,0,114,-100.00%,0,35,-100.00%,0.00%,0.31
02/06/2025,69,Bata Kakamega One,Kenya,Nyanza,Kakamega,0,150,-100.00%,0,38,-100.00%,0.00%,0.25
02/16/2025,69,Bata Kakamega One,Kenya,Nyanza,Kakamega,0,86,-100.00%,0,19,-100.00%,0.00%,0.22
01/19/2025,69,Bata Kakamega One,Kenya,Nyanza,Kakamega,0,102,-100.00%,0,25,-100.00%,0.00%,0.25
01/09/2026,69,Bata Kakamega One,Kenya,Nyanza,Kakamega,484,0,0.00%,125,0,0.00%,25.83%,0.00
01/30/2025,69,Bata Kakamega One,Kenya,Nyanza,Kakamega,0,137,-100.00%,0,44,-100.00%,0.00%,0.32
02/27/2025,69,Bata Kakamega One,Kenya,Nyanza,Kakamega,0,131,-100.00%,0,36,-100.00%,0.00%,0.27
02/11/2025,69,Bata Kakamega One,Kenya,Nyanza,Kakamega,0,156,-100.00%,0,42,-100.00%,0.00%,0.27
01/17/2026,69,Bata Kakamega One,Kenya,Nyanza,Kakamega,251,0,0.00%,61,0,0.00%,24.35%,0.00
02/24/2025,69,Bata Kakamega One,Kenya,Nyanza,Kakamega,0,78,-100.00%,0,21,-100.00%,0.00%,0.27
03/01/2025,69,Bata Kakamega One,Kenya,Nyanza,Kakamega,0,224,-100.00%,0,78,-100.00%,0.00%,0.35
01/28/2025,69,Bata Kakamega One,Kenya,Nyanza,Kakamega,0,101,-100.00%,0,26,-100.00%,0.00%,0.26
01/20/2026,69,Bata Kakamega One,Kenya,Nyanza,Kakamega,170,0,0.00%,32,0,0.00%,18.82%,0.00
02/07/2025,69,Bata Kakamega One,Kenya,Nyanza,Kakamega,0,105,-100.00%,0,39,-100.00%,0.00%,0.37
03/09/2025,69,Bata Kakamega One,Kenya,Nyanza,Kakamega,0,66,-100.00%,0,14,-100.00%,0.00%,0.21
02/19/2025,69,Bata Kakamega One,Kenya,Nyanza,Kakamega,0,106,-100.00%,0,28,-100.00%,0.00%,0.26
01/25/2026,69,Bata Kakamega One,Kenya,Nyanza,Kakamega,84,0,0.00%,14,0,0.00%,16.67%,0.00
03/02/2025,69,Bata Kakamega One,Kenya,Nyanza,Kakamega,0,150,-100.00%,0,43,-100.00%,0.00%,0.29
01/27/2026,69,Bata Kakamega One,Kenya,Nyanza,Kakamega,120,0,0.00%,41,0,0.00%,34.17%,0.00
02/09/2025,69,Bata Kakamega One,Kenya,Nyanza,Kakamega,0,120,-100.00%,0,27,-100.00%,0.00%,0.23
02/02/2026,69,Bata Kakamega One,Kenya,Nyanza,Kakamega,88,0,0.00%,25,0,0.00%,28.57%,0.00
02/15/2025,69,Bata Kakamega One,Kenya,Nyanza,Kakamega,0,160,-100.00%,0,33,-100.00%,0.00%,0.21
01/29/2026,69,Bata Kakamega One,Kenya,Nyanza,Kakamega,135,0,0.00%,35,0,0.00%,25.93%,0.00
02/21/2025,69,Bata Kakamega One,Kenya,Nyanza,Kakamega,0,141,-100.00%,0,21,-100.00%,0.00%,0.15
02/05/2026,69,Bata Kakamega One,Kenya,Nyanza,Kakamega,121,0,0.00%,32,0,0.00%,26.45%,0.00
03/04/2025,69,Bata Kakamega One,Kenya,Nyanza,Kakamega,0,208,-100.00%,0,63,-100.00%,0.00%,0.30
02/03/2026,69,Bata Kakamega One,Kenya,Nyanza,Kakamega,128,0,0.00%,25,0,0.00%,19.53%,0.00
02/10/2025,69,Bata Kakamega One,Kenya,Nyanza,Kakamega,0,154,-100.00%,0,35,-100.00%,0.00%,0.23
02/10/2026,69,Bata Kakamega One,Kenya,Nyanza,Kakamega,120,0,0.00%,24,0,0.00%,20.00%,0.00
02/18/2025,69,Bata Kakamega One,Kenya,Nyanza,Kakamega,0,102,-100.00%,0,25,-100.00%,0.00%,0.25
02/17/2026,69,Bata Kakamega One,Kenya,Nyanza,Kakamega,98,0,0.00%,19,0,0.00%,19.49%,0.00
02/22/2025,69,Bata Kakamega One,Kenya,Nyanza,Kakamega,0,110,-100.00%,0,27,-100.00%,0.00%,0.25
02/18/2026,69,Bata Kakamega One,Kenya,Nyanza,Kakamega,105,0,0.00%,21,0,0.00%,20.00%,0.00
03/07/2025,69,Bata Kakamega One,Kenya,Nyanza,Kakamega,0,104,-100.00%,0,22,-100.00%,0.00%,0.21
02/25/2026,69,Bata Kakamega One,Kenya,Nyanza,Kakamega,111,0,0.00%,13,0,0.00%,11.71%,0.00
02/12/2025,69,Bata Kakamega One,Kenya,Nyanza,Kakamega,0,124,-100.00%,0,36,-100.00%,0.00%,0.29
02/21/2026,69,Bata Kakamega One,Kenya,Nyanza,Kakamega,88,0,0.00%,54,0,0.00%,61.36%,0.00
02/25/2025,69,Bata Kakamega One,Kenya,Nyanza,Kakamega,0,98,-100.00%,0,27,-100.00%,0.00%,0.28
03/02/2026,69,Bata Kakamega One,Kenya,Nyanza,Kakamega,275,0,0.00%,101,0,0.00%,36.79%,0.00
01/05/2026,69,Bata Kakamega One,Kenya,Nyanza,Kakamega,698,0,0.00%,198,0,0.00%,28.39%,0.00
02/23/2026,69,Bata Kakamega One,Kenya,Nyanza,Kakamega,118,0,0.00%,25,0,0.00%,21.28%,0.00
01/03/2026,69,Bata Kakamega One,Kenya,Nyanza,Kakamega,555,0,0.00%,163,0,0.00%,29.37%,0.00
03/03/2026,69,Bata Kakamega One,Kenya,Nyanza,Kakamega,224,0,0.00%,71,0,0.00%,31.77%,0.00
02/20/2025,69,Bata Kakamega One,Kenya,Nyanza,Kakamega,0,113,-100.00%,0,25,-100.00%,0.00%,0.22
03/08/2026,69,Bata Kakamega One,Kenya,Nyanza,Kakamega,12,0,0.00%,18,0,0.00%,150.00%,0.00
02/26/2025,69,Bata Kakamega One,Kenya,Nyanza,Kakamega,0,128,-100.00%,0,36,-100.00%,0.00%,0.28
01/11/2026,69,Bata Kakamega One,Kenya,Nyanza,Kakamega,375,0,0.00%,84,0,0.00%,22.43%,0.00
01/08/2026,69,Bata Kakamega One,Kenya,Nyanza,Kakamega,444,0,0.00%,107,0,0.00%,24.13%,0.00
03/05/2025,69,Bata Kakamega One,Kenya,Nyanza,Kakamega,0,123,-100.00%,0,43,-100.00%,0.00%,0.35
02/28/2025,69,Bata Kakamega One,Kenya,Nyanza,Kakamega,0,132,-100.00%,0,43,-100.00%,0.00%,0.33
01/13/2026,69,Bata Kakamega One,Kenya,Nyanza,Kakamega,402,0,0.00%,101,0,0.00%,25.16%,0.00
01/10/2026,69,Bata Kakamega One,Kenya,Nyanza,Kakamega,664,0,0.00%,159,0,0.00%,23.95%,0.00
01/02/2026,69,Bata Kakamega One,Kenya,Nyanza,Kakamega,479,0,0.00%,133,0,0.00%,27.80%,0.00
01/01/2026,69,Bata Kakamega One,Kenya,Nyanza,Kakamega,144,0,0.00%,0,0,0.00%,0.00%,0.00
01/18/2026,69,Bata Kakamega One,Kenya,Nyanza,Kakamega,139,0,0.00%,25,0,0.00%,18.05%,0.00
01/16/2026,69,Bata Kakamega One,Kenya,Nyanza,Kakamega,180,0,0.00%,38,0,0.00%,21.17%,0.00
01/04/2026,69,Bata Kakamega One,Kenya,Nyanza,Kakamega,376,0,0.00%,82,0,0.00%,21.81%,0.00
01/06/2026,69,Bata Kakamega One,Kenya,Nyanza,Kakamega,840,0,0.00%,237,0,0.00%,28.23%,0.00
01/19/2026,69,Bata Kakamega One,Kenya,Nyanza,Kakamega,213,0,0.00%,45,0,0.00%,21.18%,0.00
01/21/2026,69,Bata Kakamega One,Kenya,Nyanza,Kakamega,134,0,0.00%,32,0,0.00%,23.97%,0.00
01/07/2026,69,Bata Kakamega One,Kenya,Nyanza,Kakamega,622,0,0.00%,154,0,0.00%,24.76%,0.00
01/12/2026,69,Bata Kakamega One,Kenya,Nyanza,Kakamega,645,0,0.00%,162,0,0.00%,25.12%,0.00
01/24/2026,69,Bata Kakamega One,Kenya,Nyanza,Kakamega,200,0,0.00%,40,0,0.00%,20.00%,0.00
01/26/2026,69,Bata Kakamega One,Kenya,Nyanza,Kakamega,134,0,0.00%,0,0,0.00%,0.00%,0.00
01/23/2026,69,Bata Kakamega One,Kenya,Nyanza,Kakamega,156,0,0.00%,34,0,0.00%,21.79%,0.00
01/14/2026,69,Bata Kakamega One,Kenya,Nyanza,Kakamega,369,0,0.00%,93,0,0.00%,25.20%,0.00
02/04/2026,69,Bata Kakamega One,Kenya,Nyanza,Kakamega,119,0,0.00%,35,0,0.00%,29.54%,0.00
02/01/2026,69,Bata Kakamega One,Kenya,Nyanza,Kakamega,70,0,0.00%,16,0,0.00%,23.02%,0.00
01/31/2026,69,Bata Kakamega One,Kenya,Nyanza,Kakamega,171,0,0.00%,43,0,0.00%,25.15%,0.00
01/15/2026,69,Bata Kakamega One,Kenya,Nyanza,Kakamega,255,0,0.00%,62,0,0.00%,24.31%,0.00
02/09/2026,69,Bata Kakamega One,Kenya,Nyanza,Kakamega,118,0,0.00%,24,0,0.00%,20.34%,0.00
02/06/2026,69,Bata Kakamega One,Kenya,Nyanza,Kakamega,191,0,0.00%,44,0,0.00%,23.04%,0.00
02/07/2026,69,Bata Kakamega One,Kenya,Nyanza,Kakamega,316,0,0.00%,45,0,0.00%,14.24%,0.00
01/22/2026,69,Bata Kakamega One,Kenya,Nyanza,Kakamega,162,0,0.00%,25,0,0.00%,15.48%,0.00
02/11/2026,69,Bata Kakamega One,Kenya,Nyanza,Kakamega,128,0,0.00%,27,0,0.00%,21.09%,0.00
02/12/2026,69,Bata Kakamega One,Kenya,Nyanza,Kakamega,155,0,0.00%,22,0,0.00%,14.19%,0.00
02/08/2026,69,Bata Kakamega One,Kenya,Nyanza,Kakamega,120,0,0.00%,26,0,0.00%,21.67%,0.00
01/28/2026,69,Bata Kakamega One,Kenya,Nyanza,Kakamega,120,0,0.00%,28,0,0.00%,23.33%,0.00
02/14/2026,69,Bata Kakamega One,Kenya,Nyanza,Kakamega,112,0,0.00%,34,0,0.00%,30.36%,0.00
02/19/2026,69,Bata Kakamega One,Kenya,Nyanza,Kakamega,134,0,0.00%,0,0,0.00%,0.00%,0.00
02/16/2026,69,Bata Kakamega One,Kenya,Nyanza,Kakamega,110,0,0.00%,22,0,0.00%,20.09%,0.00
01/30/2026,69,Bata Kakamega One,Kenya,Nyanza,Kakamega,121,0,0.00%,29,0,0.00%,24.07%,0.00
02/22/2026,69,Bata Kakamega One,Kenya,Nyanza,Kakamega,117,0,0.00%,23,0,0.00%,19.74%,0.00
02/20/2026,69,Bata Kakamega One,Kenya,Nyanza,Kakamega,85,0,0.00%,0,0,0.00%,0.00%,0.00
02/26/2026,69,Bata Kakamega One,Kenya,Nyanza,Kakamega,110,0,0.00%,26,0,0.00%,23.74%,0.00
02/13/2026,69,Bata Kakamega One,Kenya,Nyanza,Kakamega,160,0,0.00%,25,0,0.00%,15.63%,0.00
02/24/2026,69,Bata Kakamega One,Kenya,Nyanza,Kakamega,151,0,0.00%,51,0,0.00%,33.89%,0.00
03/05/2026,69,Bata Kakamega One,Kenya,Nyanza,Kakamega,103,0,0.00%,34,0,0.00%,33.01%,0.00
02/28/2026,69,Bata Kakamega One,Kenya,Nyanza,Kakamega,233,0,0.00%,71,0,0.00%,30.54%,0.00
02/15/2026,69,Bata Kakamega One,Kenya,Nyanza,Kakamega,94,0,0.00%,21,0,0.00%,22.46%,0.00
02/27/2026,69,Bata Kakamega One,Kenya,Nyanza,Kakamega,146,0,0.00%,31,0,0.00%,21.23%,0.00
03/07/2026,69,Bata Kakamega One,Kenya,Nyanza,Kakamega,175,0,0.00%,40,0,0.00%,22.92%,0.00
03/06/2026,69,Bata Kakamega One,Kenya,Nyanza,Kakamega,164,0,0.00%,38,0,0.00%,23.17%,0.00
03/01/2026,69,Bata Kakamega One,Kenya,Nyanza,Kakamega,155,0,0.00%,41,0,0.00%,26.45%,0.00
03/04/2026,69,Bata Kakamega One,Kenya,Nyanza,Kakamega,140,0,0.00%,36,0,0.00%,25.81%,0.00
03/09/2026,69,Bata Kakamega One,Kenya,Nyanza,Kakamega,16,0,0.00%,0,0,0.00%,0.00%,0.00
01/04/2025,58,Bata Karen Hub,Kenya,Nairobi West,Nairobi,0,802,-100.00%,0,148,-100.00%,0.00%,0.18
01/03/2025,58,Bata Karen Hub,Kenya,Nairobi West,Nairobi,0,656,-100.00%,0,124,-100.00%,0.00%,0.19
01/10/2025,58,Bata Karen Hub,Kenya,Nairobi West,Nairobi,0,225,-100.00%,0,44,-100.00%,0.00%,0.20
01/02/2025,58,Bata Karen Hub,Kenya,Nairobi West,Nairobi,0,582,-100.00%,0,110,-100.00%,0.00%,0.19
01/14/2025,58,Bata Karen Hub,Kenya,Nairobi West,Nairobi,0,200,-100.00%,0,36,-100.00%,0.00%,0.18
01/01/2025,58,Bata Karen Hub,Kenya,Nairobi West,Nairobi,0,643,-100.00%,0,75,-100.00%,0.00%,0.12
01/13/2025,58,Bata Karen Hub,Kenya,Nairobi West,Nairobi,0,182,-100.00%,0,36,-100.00%,0.00%,0.20
01/11/2025,58,Bata Karen Hub,Kenya,Nairobi West,Nairobi,0,481,-100.00%,0,84,-100.00%,0.00%,0.17
01/17/2025,58,Bata Karen Hub,Kenya,Nairobi West,Nairobi,0,232,-100.00%,0,40,-100.00%,0.00%,0.17
01/05/2025,58,Bata Karen Hub,Kenya,Nairobi West,Nairobi,0,1169,-100.00%,0,198,-100.00%,0.00%,0.17
01/21/2025,58,Bata Karen Hub,Kenya,Nairobi West,Nairobi,0,172,-100.00%,0,25,-100.00%,0.00%,0.15
01/12/2025,58,Bata Karen Hub,Kenya,Nairobi West,Nairobi,0,609,-100.00%,0,106,-100.00%,0.00%,0.17
01/28/2025,58,Bata Karen Hub,Kenya,Nairobi West,Nairobi,0,285,-100.00%,0,70,-100.00%,0.00%,0.25
01/06/2025,58,Bata Karen Hub,Kenya,Nairobi West,Nairobi,0,835,-100.00%,0,194,-100.00%,0.00%,0.23
01/26/2025,58,Bata Karen Hub,Kenya,Nairobi West,Nairobi,0,514,-100.00%,0,83,-100.00%,0.00%,0.16
01/16/2025,58,Bata Karen Hub,Kenya,Nairobi West,Nairobi,0,180,-100.00%,0,25,-100.00%,0.00%,0.14
02/02/2025,58,Bata Karen Hub,Kenya,Nairobi West,Nairobi,0,629,-100.00%,0,95,-100.00%,0.00%,0.15
01/08/2025,58,Bata Karen Hub,Kenya,Nairobi West,Nairobi,0,400,-100.00%,0,87,-100.00%,0.00%,0.22
02/12/2025,58,Bata Karen Hub,Kenya,Nairobi West,Nairobi,0,218,-100.00%,0,29,-100.00%,0.00%,0.13
01/22/2025,58,Bata Karen Hub,Kenya,Nairobi West,Nairobi,0,222,-100.00%,0,32,-100.00%,0.00%,0.14
02/05/2025,58,Bata Karen Hub,Kenya,Nairobi West,Nairobi,0,250,-100.00%,0,34,-100.00%,0.00%,0.14
01/07/2025,58,Bata Karen Hub,Kenya,Nairobi West,Nairobi,0,586,-100.00%,0,143,-100.00%,0.00%,0.24
02/27/2025,58,Bata Karen Hub,Kenya,Nairobi West,Nairobi,0,292,-100.00%,0,48,-100.00%,0.00%,0.16
01/18/2025,58,Bata Karen Hub,Kenya,Nairobi West,Nairobi,0,387,-100.00%,0,63,-100.00%,0.00%,0.16
02/13/2025,58,Bata Karen Hub,Kenya,Nairobi West,Nairobi,0,217,-100.00%,0,37,-100.00%,0.00%,0.17
01/27/2025,58,Bata Karen Hub,Kenya,Nairobi West,Nairobi,0,202,-100.00%,0,0,0.00%,0.00%,0.00
03/07/2025,58,Bata Karen Hub,Kenya,Nairobi West,Nairobi,0,210,-100.00%,0,37,-100.00%,0.00%,0.18
01/30/2025,58,Bata Karen Hub,Kenya,Nairobi West,Nairobi,0,239,-100.00%,0,34,-100.00%,0.00%,0.14
02/16/2025,58,Bata Karen Hub,Kenya,Nairobi West,Nairobi,0,489,-100.00%,0,74,-100.00%,0.00%,0.15
01/09/2025,58,Bata Karen Hub,Kenya,Nairobi West,Nairobi,0,309,-100.00%,0,60,-100.00%,0.00%,0.19
01/03/2026,58,Bata Karen Hub,Kenya,Nairobi West,Nairobi,617,0,0.00%,116,0,0.00%,18.80%,0.00
01/19/2025,58,Bata Karen Hub,Kenya,Nairobi West,Nairobi,0,528,-100.00%,0,74,-100.00%,0.00%,0.14
02/28/2025,58,Bata Karen Hub,Kenya,Nairobi West,Nairobi,0,347,-100.00%,0,61,-100.00%,0.00%,0.18
02/03/2025,58,Bata Karen Hub,Kenya,Nairobi West,Nairobi,0,242,-100.00%,0,40,-100.00%,0.00%,0.17
01/09/2026,58,Bata Karen Hub,Kenya,Nairobi West,Nairobi,272,0,0.00%,62,0,0.00%,22.84%,0.00
01/31/2025,58,Bata Karen Hub,Kenya,Nairobi West,Nairobi,0,261,-100.00%,0,48,-100.00%,0.00%,0.18
03/01/2025,58,Bata Karen Hub,Kenya,Nairobi West,Nairobi,0,492,-100.00%,0,79,-100.00%,0.00%,0.16
01/15/2025,58,Bata Karen Hub,Kenya,Nairobi West,Nairobi,0,211,-100.00%,0,38,-100.00%,0.00%,0.18
01/19/2026,58,Bata Karen Hub,Kenya,Nairobi West,Nairobi,177,0,0.00%,39,0,0.00%,22.10%,0.00
01/24/2025,58,Bata Karen Hub,Kenya,Nairobi West,Nairobi,0,304,-100.00%,0,48,-100.00%,0.00%,0.16
01/02/2026,58,Bata Karen Hub,Kenya,Nairobi West,Nairobi,564,0,0.00%,175,0,0.00%,31.03%,0.00
02/04/2025,58,Bata Karen Hub,Kenya,Nairobi West,Nairobi,0,246,-100.00%,0,39,-100.00%,0.00%,0.16
01/25/2026,58,Bata Karen Hub,Kenya,Nairobi West,Nairobi,434,0,0.00%,79,0,0.00%,18.22%,0.00
02/15/2025,58,Bata Karen Hub,Kenya,Nairobi West,Nairobi,0,371,-100.00%,0,65,-100.00%,0.00%,0.18
01/07/2026,58,Bata Karen Hub,Kenya,Nairobi West,Nairobi,378,0,0.00%,75,0,0.00%,19.87%,0.00
01/20/2025,58,Bata Karen Hub,Kenya,Nairobi West,Nairobi,0,185,-100.00%,0,31,-100.00%,0.00%,0.17
01/29/2026,58,Bata Karen Hub,Kenya,Nairobi West,Nairobi,198,0,0.00%,40,0,0.00%,20.25%,0.00
01/29/2025,58,Bata Karen Hub,Kenya,Nairobi West,Nairobi,0,290,-100.00%,0,61,-100.00%,0.00%,0.21
01/10/2026,58,Bata Karen Hub,Kenya,Nairobi West,Nairobi,485,0,0.00%,95,0,0.00%,19.59%,0.00
02/11/2025,58,Bata Karen Hub,Kenya,Nairobi West,Nairobi,0,202,-100.00%,0,26,-100.00%,0.00%,0.13
02/01/2026,58,Bata Karen Hub,Kenya,Nairobi West,Nairobi,483,0,0.00%,82,0,0.00%,16.98%,0.00
03/03/2025,58,Bata Karen Hub,Kenya,Nairobi West,Nairobi,0,256,-100.00%,0,0,0.00%,0.00%,0.00
01/15/2026,58,Bata Karen Hub,Kenya,Nairobi West,Nairobi,217,0,0.00%,42,0,0.00%,19.35%,0.00
01/23/2025,58,Bata Karen Hub,Kenya,Nairobi West,Nairobi,0,233,-100.00%,0,45,-100.00%,0.00%,0.19
02/04/2026,58,Bata Karen Hub,Kenya,Nairobi West,Nairobi,159,0,0.00%,36,0,0.00%,22.64%,0.00
02/01/2025,58,Bata Karen Hub,Kenya,Nairobi West,Nairobi,0,447,-100.00%,0,76,-100.00%,0.00%,0.17
01/20/2026,58,Bata Karen Hub,Kenya,Nairobi West,Nairobi,132,0,0.00%,19,0,0.00%,14.39%,0.00
02/14/2025,58,Bata Karen Hub,Kenya,Nairobi West,Nairobi,0,381,-100.00%,0,55,-100.00%,0.00%,0.14
02/09/2026,58,Bata Karen Hub,Kenya,Nairobi West,Nairobi,149,0,0.00%,34,0,0.00%,22.90%,0.00
01/04/2026,58,Bata Karen Hub,Kenya,Nairobi West,Nairobi,896,0,0.00%,154,0,0.00%,17.19%,0.00
01/28/2026,58,Bata Karen Hub,Kenya,Nairobi West,Nairobi,157,0,0.00%,29,0,0.00%,18.47%,0.00
01/25/2025,58,Bata Karen Hub,Kenya,Nairobi West,Nairobi,0,415,-100.00%,0,71,-100.00%,0.00%,0.17
02/14/2026,58,Bata Karen Hub,Kenya,Nairobi West,Nairobi,369,0,0.00%,67,0,0.00%,18.18%,0.00
02/06/2025,58,Bata Karen Hub,Kenya,Nairobi West,Nairobi,0,245,-100.00%,0,35,-100.00%,0.00%,0.14
01/31/2026,58,Bata Karen Hub,Kenya,Nairobi West,Nairobi,285,0,0.00%,54,0,0.00%,18.98%,0.00
02/17/2025,58,Bata Karen Hub,Kenya,Nairobi West,Nairobi,0,190,-100.00%,0,29,-100.00%,0.00%,0.15
02/20/2026,58,Bata Karen Hub,Kenya,Nairobi West,Nairobi,207,0,0.00%,39,0,0.00%,18.89%,0.00
01/05/2026,58,Bata Karen Hub,Kenya,Nairobi West,Nairobi,629,0,0.00%,150,0,0.00%,23.85%,0.00
02/02/2026,58,Bata Karen Hub,Kenya,Nairobi West,Nairobi,152,0,0.00%,31,0,0.00%,20.46%,0.00
02/07/2025,58,Bata Karen Hub,Kenya,Nairobi West,Nairobi,0,298,-100.00%,0,54,-100.00%,0.00%,0.18
03/02/2026,58,Bata Karen Hub,Kenya,Nairobi West,Nairobi,224,0,0.00%,52,0,0.00%,23.27%,0.00
02/09/2025,58,Bata Karen Hub,Kenya,Nairobi West,Nairobi,0,635,-100.00%,0,98,-100.00%,0.00%,0.15
02/05/2026,58,Bata Karen Hub,Kenya,Nairobi West,Nairobi,139,0,0.00%,25,0,0.00%,18.05%,0.00
02/20/2025,58,Bata Karen Hub,Kenya,Nairobi West,Nairobi,0,194,-100.00%,0,33,-100.00%,0.00%,0.17
03/05/2026,58,Bata Karen Hub,Kenya,Nairobi West,Nairobi,199,0,0.00%,34,0,0.00%,17.09%,0.00
01/12/2026,58,Bata Karen Hub,Kenya,Nairobi West,Nairobi,250,0,0.00%,56,0,0.00%,22.40%,0.00
02/11/2026,58,Bata Karen Hub,Kenya,Nairobi West,Nairobi,129,0,0.00%,29,0,0.00%,22.57%,0.00
02/08/2025,58,Bata Karen Hub,Kenya,Nairobi West,Nairobi,0,421,-100.00%,0,75,-100.00%,0.00%,0.18
02/13/2026,58,Bata Karen Hub,Kenya,Nairobi West,Nairobi,210,0,0.00%,36,0,0.00%,17.14%,0.00
02/19/2025,58,Bata Karen Hub,Kenya,Nairobi West,Nairobi,0,232,-100.00%,0,33,-100.00%,0.00%,0.14
02/16/2026,58,Bata Karen Hub,Kenya,Nairobi West,Nairobi,148,0,0.00%,27,0,0.00%,18.31%,0.00
02/24/2025,58,Bata Karen Hub,Kenya,Nairobi West,Nairobi,0,164,-100.00%,0,29,-100.00%,0.00%,0.18
02/21/2026,58,Bata Karen Hub,Kenya,Nairobi West,Nairobi,309,0,0.00%,57,0,0.00%,18.48%,0.00
01/13/2026,58,Bata Karen Hub,Kenya,Nairobi West,Nairobi,274,0,0.00%,62,0,0.00%,22.67%,0.00
03/04/2026,58,Bata Karen Hub,Kenya,Nairobi West,Nairobi,220,0,0.00%,49,0,0.00%,22.32%,0.00
02/10/2025,58,Bata Karen Hub,Kenya,Nairobi West,Nairobi,0,240,-100.00%,0,36,-100.00%,0.00%,0.15
02/22/2025,58,Bata Karen Hub,Kenya,Nairobi West,Nairobi,0,410,-100.00%,0,59,-100.00%,0.00%,0.14
03/02/2025,58,Bata Karen Hub,Kenya,Nairobi West,Nairobi,0,651,-100.00%,0,110,-100.00%,0.00%,0.17
01/18/2026,58,Bata Karen Hub,Kenya,Nairobi West,Nairobi,421,0,0.00%,69,0,0.00%,16.41%,0.00
02/18/2025,58,Bata Karen Hub,Kenya,Nairobi West,Nairobi,0,272,-100.00%,0,34,-100.00%,0.00%,0.13
02/25/2025,58,Bata Karen Hub,Kenya,Nairobi West,Nairobi,0,221,-100.00%,0,37,-100.00%,0.00%,0.17
03/04/2025,58,Bata Karen Hub,Kenya,Nairobi West,Nairobi,0,271,-100.00%,0,67,-100.00%,0.00%,0.25
01/21/2026,58,Bata Karen Hub,Kenya,Nairobi West,Nairobi,140,0,0.00%,25,0,0.00%,17.86%,0.00
02/21/2025,58,Bata Karen Hub,Kenya,Nairobi West,Nairobi,0,271,-100.00%,0,36,-100.00%,0.00%,0.13
01/08/2026,58,Bata Karen Hub,Kenya,Nairobi West,Nairobi,291,0,0.00%,77,0,0.00%,26.46%,0.00
03/05/2025,58,Bata Karen Hub,Kenya,Nairobi West,Nairobi,0,237,-100.00%,0,30,-100.00%,0.00%,0.13
01/23/2026,58,Bata Karen Hub,Kenya,Nairobi West,Nairobi,211,0,0.00%,42,0,0.00%,19.91%,0.00
02/23/2025,58,Bata Karen Hub,Kenya,Nairobi West,Nairobi,0,568,-100.00%,0,81,-100.00%,0.00%,0.14
01/16/2026,58,Bata Karen Hub,Kenya,Nairobi West,Nairobi,167,0,0.00%,39,0,0.00%,23.42%,0.00
01/01/2026,58,Bata Karen Hub,Kenya,Nairobi West,Nairobi,565,0,0.00%,0,0,0.00%,0.00%,0.00
02/10/2026,58,Bata Karen Hub,Kenya,Nairobi West,Nairobi,115,0,0.00%,20,0,0.00%,17.47%,0.00
02/26/2025,58,Bata Karen Hub,Kenya,Nairobi West,Nairobi,0,338,-100.00%,0,67,-100.00%,0.00%,0.20
01/30/2026,58,Bata Karen Hub,Kenya,Nairobi West,Nairobi,175,0,0.00%,36,0,0.00%,20.57%,0.00
01/06/2026,58,Bata Karen Hub,Kenya,Nairobi West,Nairobi,704,0,0.00%,169,0,0.00%,24.02%,0.00
02/18/2026,58,Bata Karen Hub,Kenya,Nairobi West,Nairobi,131,0,0.00%,26,0,0.00%,19.92%,0.00
03/06/2025,58,Bata Karen Hub,Kenya,Nairobi West,Nairobi,0,249,-100.00%,0,34,-100.00%,0.00%,0.14
02/07/2026,58,Bata Karen Hub,Kenya,Nairobi West,Nairobi,322,0,0.00%,54,0,0.00%,16.77%,0.00
01/11/2026,58,Bata Karen Hub,Kenya,Nairobi West,Nairobi,667,0,0.00%,123,0,0.00%,18.45%,0.00
02/26/2026,58,Bata Karen Hub,Kenya,Nairobi West,Nairobi,219,0,0.00%,38,0,0.00%,17.35%,0.00
03/08/2025,58,Bata Karen Hub,Kenya,Nairobi West,Nairobi,0,373,-100.00%,0,59,-100.00%,0.00%,0.16
02/15/2026,58,Bata Karen Hub,Kenya,Nairobi West,Nairobi,320,0,0.00%,52,0,0.00%,16.28%,0.00
01/14/2026,58,Bata Karen Hub,Kenya,Nairobi West,Nairobi,81,0,0.00%,40,0,0.00%,49.69%,0.00
02/27/2026,58,Bata Karen Hub,Kenya,Nairobi West,Nairobi,238,0,0.00%,45,0,0.00%,18.95%,0.00
03/09/2025,58,Bata Karen Hub,Kenya,Nairobi West,Nairobi,0,552,-100.00%,0,82,-100.00%,0.00%,0.15
02/17/2026,58,Bata Karen Hub,Kenya,Nairobi West,Nairobi,145,0,0.00%,19,0,0.00%,13.10%,0.00
01/17/2026,58,Bata Karen Hub,Kenya,Nairobi West,Nairobi,329,0,0.00%,60,0,0.00%,18.26%,0.00
03/01/2026,58,Bata Karen Hub,Kenya,Nairobi West,Nairobi,555,0,0.00%,103,0,0.00%,18.56%,0.00
01/26/2026,58,Bata Karen Hub,Kenya,Nairobi West,Nairobi,145,0,0.00%,0,0,0.00%,0.00%,0.00
02/23/2026,58,Bata Karen Hub,Kenya,Nairobi West,Nairobi,162,0,0.00%,29,0,0.00%,17.96%,0.00
01/22/2026,58,Bata Karen Hub,Kenya,Nairobi West,Nairobi,180,0,0.00%,29,0,0.00%,16.16%,0.00
03/09/2026,58,Bata Karen Hub,Kenya,Nairobi West,Nairobi,16,0,0.00%,0,0,0.00%,0.00%,0.00
02/03/2026,58,Bata Karen Hub,Kenya,Nairobi West,Nairobi,147,0,0.00%,33,0,0.00%,22.53%,0.00
02/25/2026,58,Bata Karen Hub,Kenya,Nairobi West,Nairobi,151,0,0.00%,27,0,0.00%,17.94%,0.00
01/24/2026,58,Bata Karen Hub,Kenya,Nairobi West,Nairobi,309,0,0.00%,54,0,0.00%,17.48%,0.00
03/03/2026,58,Bata Karen Hub,Kenya,Nairobi West,Nairobi,187,0,0.00%,50,0,0.00%,26.81%,0.00
02/08/2026,58,Bata Karen Hub,Kenya,Nairobi West,Nairobi,418,0,0.00%,58,0,0.00%,13.89%,0.00
01/27/2026,58,Bata Karen Hub,Kenya,Nairobi West,Nairobi,158,0,0.00%,58,0,0.00%,36.83%,0.00
02/19/2026,58,Bata Karen Hub,Kenya,Nairobi West,Nairobi,175,0,0.00%,25,0,0.00%,14.29%,0.00
02/06/2026,58,Bata Karen Hub,Kenya,Nairobi West,Nairobi,190,0,0.00%,31,0,0.00%,16.36%,0.00
02/24/2026,58,Bata Karen Hub,Kenya,Nairobi West,Nairobi,177,0,0.00%,28,0,0.00%,15.82%,0.00
02/12/2026,58,Bata Karen Hub,Kenya,Nairobi West,Nairobi,160,0,0.00%,29,0,0.00%,18.13%,0.00
03/06/2026,58,Bata Karen Hub,Kenya,Nairobi West,Nairobi,191,0,0.00%,40,0,0.00%,21.00%,0.00
02/22/2026,58,Bata Karen Hub,Kenya,Nairobi West,Nairobi,399,0,0.00%,70,0,0.00%,17.57%,0.00
03/07/2026,58,Bata Karen Hub,Kenya,Nairobi West,Nairobi,369,0,0.00%,79,0,0.00%,21.41%,0.00
02/28/2026,58,Bata Karen Hub,Kenya,Nairobi West,Nairobi,445,0,0.00%,94,0,0.00%,21.12%,0.00
03/08/2026,58,Bata Karen Hub,Kenya,Nairobi West,Nairobi,467,0,0.00%,79,0,0.00%,16.93%,0.00
01/10/2025,48,Bata Kenshoes,Kenya,Nairobi East,Nairobi,0,310,-100.00%,0,108,-100.00%,0.00%,0.35
01/01/2025,48,Bata Kenshoes,Kenya,Nairobi East,Nairobi,0,144,-100.00%,0,0,0.00%,0.00%,0.00
01/06/2025,48,Bata Kenshoes,Kenya,Nairobi East,Nairobi,0,736,-100.00%,0,362,-100.00%,0.00%,0.49
01/09/2025,48,Bata Kenshoes,Kenya,Nairobi East,Nairobi,0,351,-100.00%,0,150,-100.00%,0.00%,0.43
01/16/2025,48,Bata Kenshoes,Kenya,Nairobi East,Nairobi,0,218,-100.00%,0,85,-100.00%,0.00%,0.39
01/07/2025,48,Bata Kenshoes,Kenya,Nairobi East,Nairobi,0,583,-100.00%,0,283,-100.00%,0.00%,0.49
01/12/2025,48,Bata Kenshoes,Kenya,Nairobi East,Nairobi,0,233,-100.00%,0,75,-100.00%,0.00%,0.32
01/02/2025,48,Bata Kenshoes,Kenya,Nairobi East,Nairobi,0,498,-100.00%,0,0,0.00%,0.00%,0.00
01/18/2025,48,Bata Kenshoes,Kenya,Nairobi East,Nairobi,0,299,-100.00%,0,123,-100.00%,0.00%,0.41
01/03/2025,48,Bata Kenshoes,Kenya,Nairobi East,Nairobi,0,650,-100.00%,0,276,-100.00%,0.00%,0.42
01/19/2025,48,Bata Kenshoes,Kenya,Nairobi East,Nairobi,0,114,-100.00%,0,44,-100.00%,0.00%,0.39
01/11/2025,48,Bata Kenshoes,Kenya,Nairobi East,Nairobi,0,459,-100.00%,0,187,-100.00%,0.00%,0.41
01/21/2025,48,Bata Kenshoes,Kenya,Nairobi East,Nairobi,0,210,-100.00%,0,64,-100.00%,0.00%,0.30
01/08/2025,48,Bata Kenshoes,Kenya,Nairobi East,Nairobi,0,471,-100.00%,0,198,-100.00%,0.00%,0.42
01/20/2025,48,Bata Kenshoes,Kenya,Nairobi East,Nairobi,0,200,-100.00%,0,63,-100.00%,0.00%,0.32
01/05/2025,48,Bata Kenshoes,Kenya,Nairobi East,Nairobi,0,448,-100.00%,0,168,-100.00%,0.00%,0.38
01/26/2025,48,Bata Kenshoes,Kenya,Nairobi East,Nairobi,0,110,-100.00%,0,33,-100.00%,0.00%,0.30
01/04/2025,48,Bata Kenshoes,Kenya,Nairobi East,Nairobi,0,744,-100.00%,0,306,-100.00%,0.00%,0.41
01/27/2025,48,Bata Kenshoes,Kenya,Nairobi East,Nairobi,0,189,-100.00%,0,0,0.00%,0.00%,0.00
01/30/2025,48,Bata Kenshoes,Kenya,Nairobi East,Nairobi,0,208,-100.00%,0,63,-100.00%,0.00%,0.30
02/05/2025,48,Bata Kenshoes,Kenya,Nairobi East,Nairobi,0,410,-100.00%,0,88,-100.00%,0.00%,0.21
01/15/2025,48,Bata Kenshoes,Kenya,Nairobi East,Nairobi,0,243,-100.00%,0,75,-100.00%,0.00%,0.31
02/02/2025,48,Bata Kenshoes,Kenya,Nairobi East,Nairobi,0,282,-100.00%,0,56,-100.00%,0.00%,0.20
01/13/2025,48,Bata Kenshoes,Kenya,Nairobi East,Nairobi,0,324,-100.00%,0,127,-100.00%,0.00%,0.39
02/06/2025,48,Bata Kenshoes,Kenya,Nairobi East,Nairobi,0,446,-100.00%,0,81,-100.00%,0.00%,0.18
01/14/2025,48,Bata Kenshoes,Kenya,Nairobi East,Nairobi,0,257,-100.00%,0,89,-100.00%,0.00%,0.35
02/04/2025,48,Bata Kenshoes,Kenya,Nairobi East,Nairobi,0,399,-100.00%,0,79,-100.00%,0.00%,0.20
02/01/2025,48,Bata Kenshoes,Kenya,Nairobi East,Nairobi,0,626,-100.00%,0,127,-100.00%,0.00%,0.20
02/16/2025,48,Bata Kenshoes,Kenya,Nairobi East,Nairobi,0,322,-100.00%,0,37,-100.00%,0.00%,0.11
01/23/2025,48,Bata Kenshoes,Kenya,Nairobi East,Nairobi,0,256,-100.00%,0,95,-100.00%,0.00%,0.37
02/10/2025,48,Bata Kenshoes,Kenya,Nairobi East,Nairobi,0,314,-100.00%,0,60,-100.00%,0.00%,0.19
02/13/2025,48,Bata Kenshoes,Kenya,Nairobi East,Nairobi,0,390,-100.00%,0,67,-100.00%,0.00%,0.17
02/19/2025,48,Bata Kenshoes,Kenya,Nairobi East,Nairobi,0,320,-100.00%,0,63,-100.00%,0.00%,0.20
01/17/2025,48,Bata Kenshoes,Kenya,Nairobi East,Nairobi,0,243,-100.00%,0,71,-100.00%,0.00%,0.29
02/12/2025,48,Bata Kenshoes,Kenya,Nairobi East,Nairobi,0,404,-100.00%,0,73,-100.00%,0.00%,0.18
02/15/2025,48,Bata Kenshoes,Kenya,Nairobi East,Nairobi,0,531,-100.00%,0,98,-100.00%,0.00%,0.18
02/22/2025,48,Bata Kenshoes,Kenya,Nairobi East,Nairobi,0,371,-100.00%,0,73,-100.00%,0.00%,0.20
01/24/2025,48,Bata Kenshoes,Kenya,Nairobi East,Nairobi,0,225,-100.00%,0,73,-100.00%,0.00%,0.32
02/17/2025,48,Bata Kenshoes,Kenya,Nairobi East,Nairobi,0,424,-100.00%,0,66,-100.00%,0.00%,0.16
02/14/2025,48,Bata Kenshoes,Kenya,Nairobi East,Nairobi,0,510,-100.00%,0,85,-100.00%,0.00%,0.17
03/07/2025,48,Bata Kenshoes,Kenya,Nairobi East,Nairobi,0,432,-100.00%,0,81,-100.00%,0.00%,0.19
01/22/2025,48,Bata Kenshoes,Kenya,Nairobi East,Nairobi,0,218,-100.00%,0,71,-100.00%,0.00%,0.33
02/18/2025,48,Bata Kenshoes,Kenya,Nairobi East,Nairobi,0,376,-100.00%,0,68,-100.00%,0.00%,0.18
02/25/2025,48,Bata Kenshoes,Kenya,Nairobi East,Nairobi,0,331,-100.00%,0,66,-100.00%,0.00%,0.20
01/02/2026,48,Bata Kenshoes,Kenya,Nairobi East,Nairobi,1176,0,0.00%,156,0,0.00%,13.27%,0.00
01/28/2025,48,Bata Kenshoes,Kenya,Nairobi East,Nairobi,0,193,-100.00%,0,33,-100.00%,0.00%,0.17
02/26/2025,48,Bata Kenshoes,Kenya,Nairobi East,Nairobi,0,420,-100.00%,0,75,-100.00%,0.00%,0.18
02/24/2025,48,Bata Kenshoes,Kenya,Nairobi East,Nairobi,0,333,-100.00%,0,46,-100.00%,0.00%,0.14
01/05/2026,48,Bata Kenshoes,Kenya,Nairobi East,Nairobi,1696,0,0.00%,368,0,0.00%,21.70%,0.00
01/25/2025,48,Bata Kenshoes,Kenya,Nairobi East,Nairobi,0,279,-100.00%,0,79,-100.00%,0.00%,0.28
02/28/2025,48,Bata Kenshoes,Kenya,Nairobi East,Nairobi,0,518,-100.00%,0,105,-100.00%,0.00%,0.20
03/06/2025,48,Bata Kenshoes,Kenya,Nairobi East,Nairobi,0,466,-100.00%,0,71,-100.00%,0.00%,0.15
01/10/2026,48,Bata Kenshoes,Kenya,Nairobi East,Nairobi,1813,0,0.00%,338,0,0.00%,18.64%,0.00
01/29/2025,48,Bata Kenshoes,Kenya,Nairobi East,Nairobi,0,235,-100.00%,0,100,-100.00%,0.00%,0.43
03/03/2025,48,Bata Kenshoes,Kenya,Nairobi East,Nairobi,0,567,-100.00%,0,126,-100.00%,0.00%,0.22
02/27/2025,48,Bata Kenshoes,Kenya,Nairobi East,Nairobi,0,469,-100.00%,0,88,-100.00%,0.00%,0.19
01/16/2026,48,Bata Kenshoes,Kenya,Nairobi East,Nairobi,521,0,0.00%,77,0,0.00%,14.78%,0.00
02/07/2025,48,Bata Kenshoes,Kenya,Nairobi East,Nairobi,0,423,-100.00%,0,72,-100.00%,0.00%,0.17
03/05/2025,48,Bata Kenshoes,Kenya,Nairobi East,Nairobi,0,399,-100.00%,0,73,-100.00%,0.00%,0.18
01/01/2026,48,Bata Kenshoes,Kenya,Nairobi East,Nairobi,281,0,0.00%,0,0,0.00%,0.00%,0.00
01/27/2026,48,Bata Kenshoes,Kenya,Nairobi East,Nairobi,379,0,0.00%,0,0,0.00%,0.00%,0.00
01/31/2025,48,Bata Kenshoes,Kenya,Nairobi East,Nairobi,0,246,-100.00%,0,86,-100.00%,0.00%,0.35
03/08/2025,48,Bata Kenshoes,Kenya,Nairobi East,Nairobi,0,530,-100.00%,0,117,-100.00%,0.00%,0.22
03/01/2025,48,Bata Kenshoes,Kenya,Nairobi East,Nairobi,0,706,-100.00%,0,135,-100.00%,0.00%,0.19
02/01/2026,48,Bata Kenshoes,Kenya,Nairobi East,Nairobi,201,0,0.00%,34,0,0.00%,16.96%,0.00
02/09/2025,48,Bata Kenshoes,Kenya,Nairobi East,Nairobi,0,234,-100.00%,0,41,-100.00%,0.00%,0.18
01/17/2026,48,Bata Kenshoes,Kenya,Nairobi East,Nairobi,634,0,0.00%,91,0,0.00%,14.35%,0.00
01/04/2026,48,Bata Kenshoes,Kenya,Nairobi East,Nairobi,735,0,0.00%,158,0,0.00%,21.51%,0.00
02/09/2026,48,Bata Kenshoes,Kenya,Nairobi East,Nairobi,336,0,0.00%,63,0,0.00%,18.78%,0.00
02/03/2025,48,Bata Kenshoes,Kenya,Nairobi East,Nairobi,0,375,-100.00%,0,83,-100.00%,0.00%,0.22
01/22/2026,48,Bata Kenshoes,Kenya,Nairobi East,Nairobi,427,0,0.00%,76,0,0.00%,17.80%,0.00
03/02/2025,48,Bata Kenshoes,Kenya,Nairobi East,Nairobi,0,341,-100.00%,0,48,-100.00%,0.00%,0.14
03/04/2026,48,Bata Kenshoes,Kenya,Nairobi East,Nairobi,376,0,0.00%,86,0,0.00%,22.87%,0.00
02/20/2025,48,Bata Kenshoes,Kenya,Nairobi East,Nairobi,0,332,-100.00%,0,61,-100.00%,0.00%,0.18
01/25/2026,48,Bata Kenshoes,Kenya,Nairobi East,Nairobi,206,0,0.00%,23,0,0.00%,11.17%,0.00
01/06/2026,48,Bata Kenshoes,Kenya,Nairobi East,Nairobi,1373,0,0.00%,331,0,0.00%,24.11%,0.00
03/05/2026,48,Bata Kenshoes,Kenya,Nairobi East,Nairobi,427,0,0.00%,71,0,0.00%,16.65%,0.00
02/08/2025,48,Bata Kenshoes,Kenya,Nairobi East,Nairobi,0,587,-100.00%,0,95,-100.00%,0.00%,0.16
01/28/2026,48,Bata Kenshoes,Kenya,Nairobi East,Nairobi,366,0,0.00%,83,0,0.00%,22.68%,0.00
03/09/2025,48,Bata Kenshoes,Kenya,Nairobi East,Nairobi,0,216,-100.00%,0,35,-100.00%,0.00%,0.16
01/31/2026,48,Bata Kenshoes,Kenya,Nairobi East,Nairobi,593,0,0.00%,90,0,0.00%,15.19%,0.00
02/23/2025,48,Bata Kenshoes,Kenya,Nairobi East,Nairobi,0,189,-100.00%,0,33,-100.00%,0.00%,0.17
02/02/2026,48,Bata Kenshoes,Kenya,Nairobi East,Nairobi,389,0,0.00%,56,0,0.00%,14.40%,0.00
01/07/2026,48,Bata Kenshoes,Kenya,Nairobi East,Nairobi,1095,0,0.00%,231,0,0.00%,21.11%,0.00
02/05/2026,48,Bata Kenshoes,Kenya,Nairobi East,Nairobi,444,0,0.00%,73,0,0.00%,16.44%,0.00
02/11/2025,48,Bata Kenshoes,Kenya,Nairobi East,Nairobi,0,398,-100.00%,0,73,-100.00%,0.00%,0.18
02/08/2026,48,Bata Kenshoes,Kenya,Nairobi East,Nairobi,267,0,0.00%,22,0,0.00%,8.24%,0.00
01/08/2026,48,Bata Kenshoes,Kenya,Nairobi East,Nairobi,1057,0,0.00%,235,0,0.00%,22.23%,0.00
02/15/2026,48,Bata Kenshoes,Kenya,Nairobi East,Nairobi,201,0,0.00%,34,0,0.00%,16.92%,0.00
01/12/2026,48,Bata Kenshoes,Kenya,Nairobi East,Nairobi,1155,0,0.00%,227,0,0.00%,19.65%,0.00
02/16/2026,48,Bata Kenshoes,Kenya,Nairobi East,Nairobi,374,0,0.00%,55,0,0.00%,14.71%,0.00
01/09/2026,48,Bata Kenshoes,Kenya,Nairobi East,Nairobi,1178,0,0.00%,238,0,0.00%,20.21%,0.00
02/26/2026,48,Bata Kenshoes,Kenya,Nairobi East,Nairobi,423,0,0.00%,75,0,0.00%,17.75%,0.00
02/21/2025,48,Bata Kenshoes,Kenya,Nairobi East,Nairobi,0,383,-100.00%,0,78,-100.00%,0.00%,0.20
02/28/2026,48,Bata Kenshoes,Kenya,Nairobi East,Nairobi,976,0,0.00%,161,0,0.00%,16.50%,0.00
01/11/2026,48,Bata Kenshoes,Kenya,Nairobi East,Nairobi,999,0,0.00%,173,0,0.00%,17.32%,0.00
01/14/2026,48,Bata Kenshoes,Kenya,Nairobi East,Nairobi,855,0,0.00%,164,0,0.00%,19.18%,0.00
01/20/2026,48,Bata Kenshoes,Kenya,Nairobi East,Nairobi,477,0,0.00%,83,0,0.00%,17.42%,0.00
03/04/2025,48,Bata Kenshoes,Kenya,Nairobi East,Nairobi,0,492,-100.00%,0,109,-100.00%,0.00%,0.22
01/18/2026,48,Bata Kenshoes,Kenya,Nairobi East,Nairobi,247,0,0.00%,44,0,0.00%,17.81%,0.00
01/15/2026,48,Bata Kenshoes,Kenya,Nairobi East,Nairobi,615,0,0.00%,107,0,0.00%,17.41%,0.00
02/10/2026,48,Bata Kenshoes,Kenya,Nairobi East,Nairobi,409,0,0.00%,77,0,0.00%,18.85%,0.00
01/03/2026,48,Bata Kenshoes,Kenya,Nairobi East,Nairobi,1413,0,0.00%,285,0,0.00%,20.17%,0.00
01/21/2026,48,Bata Kenshoes,Kenya,Nairobi East,Nairobi,416,0,0.00%,70,0,0.00%,16.83%,0.00
01/23/2026,48,Bata Kenshoes,Kenya,Nairobi East,Nairobi,508,0,0.00%,74,0,0.00%,14.57%,0.00
02/13/2026,48,Bata Kenshoes,Kenya,Nairobi East,Nairobi,493,0,0.00%,89,0,0.00%,18.07%,0.00
01/13/2026,48,Bata Kenshoes,Kenya,Nairobi East,Nairobi,906,0,0.00%,189,0,0.00%,20.87%,0.00
01/26/2026,48,Bata Kenshoes,Kenya,Nairobi East,Nairobi,398,0,0.00%,0,0,0.00%,0.00%,0.00
01/30/2026,48,Bata Kenshoes,Kenya,Nairobi East,Nairobi,486,0,0.00%,70,0,0.00%,14.42%,0.00
02/20/2026,48,Bata Kenshoes,Kenya,Nairobi East,Nairobi,360,0,0.00%,46,0,0.00%,12.78%,0.00
01/19/2026,48,Bata Kenshoes,Kenya,Nairobi East,Nairobi,458,0,0.00%,82,0,0.00%,17.90%,0.00
02/11/2026,48,Bata Kenshoes,Kenya,Nairobi East,Nairobi,413,0,0.00%,61,0,0.00%,14.79%,0.00
02/07/2026,48,Bata Kenshoes,Kenya,Nairobi East,Nairobi,700,0,0.00%,96,0,0.00%,13.71%,0.00
03/03/2026,48,Bata Kenshoes,Kenya,Nairobi East,Nairobi,471,0,0.00%,81,0,0.00%,17.20%,0.00
01/24/2026,48,Bata Kenshoes,Kenya,Nairobi East,Nairobi,693,0,0.00%,80,0,0.00%,11.55%,0.00
02/12/2026,48,Bata Kenshoes,Kenya,Nairobi East,Nairobi,395,0,0.00%,64,0,0.00%,16.22%,0.00
02/18/2026,48,Bata Kenshoes,Kenya,Nairobi East,Nairobi,400,0,0.00%,64,0,0.00%,16.02%,0.00
03/06/2026,48,Bata Kenshoes,Kenya,Nairobi East,Nairobi,512,0,0.00%,111,0,0.00%,21.70%,0.00
01/29/2026,48,Bata Kenshoes,Kenya,Nairobi East,Nairobi,420,0,0.00%,65,0,0.00%,15.49%,0.00
02/17/2026,48,Bata Kenshoes,Kenya,Nairobi East,Nairobi,368,0,0.00%,43,0,0.00%,11.68%,0.00
02/21/2026,48,Bata Kenshoes,Kenya,Nairobi East,Nairobi,432,0,0.00%,71,0,0.00%,16.45%,0.00
02/22/2026,48,Bata Kenshoes,Kenya,Nairobi East,Nairobi,147,0,0.00%,17,0,0.00%,11.60%,0.00
02/03/2026,48,Bata Kenshoes,Kenya,Nairobi East,Nairobi,391,0,0.00%,72,0,0.00%,18.41%,0.00
02/24/2026,48,Bata Kenshoes,Kenya,Nairobi East,Nairobi,299,0,0.00%,48,0,0.00%,16.05%,0.00
02/23/2026,48,Bata Kenshoes,Kenya,Nairobi East,Nairobi,289,0,0.00%,50,0,0.00%,17.33%,0.00
02/27/2026,48,Bata Kenshoes,Kenya,Nairobi East,Nairobi,754,0,0.00%,108,0,0.00%,14.32%,0.00
02/04/2026,48,Bata Kenshoes,Kenya,Nairobi East,Nairobi,394,0,0.00%,66,0,0.00%,16.77%,0.00
03/01/2026,48,Bata Kenshoes,Kenya,Nairobi East,Nairobi,265,0,0.00%,54,0,0.00%,20.42%,0.00
02/06/2026,48,Bata Kenshoes,Kenya,Nairobi East,Nairobi,700,0,0.00%,78,0,0.00%,11.15%,0.00
03/08/2026,48,Bata Kenshoes,Kenya,Nairobi East,Nairobi,255,0,0.00%,32,0,0.00%,12.55%,0.00
02/14/2026,48,Bata Kenshoes,Kenya,Nairobi East,Nairobi,534,0,0.00%,75,0,0.00%,14.04%,0.00
03/09/2026,48,Bata Kenshoes,Kenya,Nairobi East,Nairobi,38,0,0.00%,0,0,0.00%,0.00%,0.00
02/19/2026,48,Bata Kenshoes,Kenya,Nairobi East,Nairobi,320,0,0.00%,44,0,0.00%,13.77%,0.00
02/25/2026,48,Bata Kenshoes,Kenya,Nairobi East,Nairobi,271,0,0.00%,80,0,0.00%,29.57%,0.00
03/02/2026,48,Bata Kenshoes,Kenya,Nairobi East,Nairobi,614,0,0.00%,149,0,0.00%,24.27%,0.00
03/07/2026,48,Bata Kenshoes,Kenya,Nairobi East,Nairobi,397,0,0.00%,79,0,0.00%,19.90%,0.00
01/01/2025,145,Bata Kericho One,Kenya,Nyanza,kericho,0,89,-100.00%,0,5,-100.00%,0.00%,0.06
01/13/2025,145,Bata Kericho One,Kenya,Nyanza,kericho,0,188,-100.00%,0,63,-100.00%,0.00%,0.34
01/02/2025,145,Bata Kericho One,Kenya,Nyanza,kericho,0,383,-100.00%,0,98,-100.00%,0.00%,0.26
01/05/2025,145,Bata Kericho One,Kenya,Nyanza,kericho,0,281,-100.00%,0,61,-100.00%,0.00%,0.22
01/06/2025,145,Bata Kericho One,Kenya,Nyanza,kericho,0,663,-100.00%,0,231,-100.00%,0.00%,0.35
01/04/2025,145,Bata Kericho One,Kenya,Nyanza,kericho,0,547,-100.00%,0,201,-100.00%,0.00%,0.37
01/03/2025,145,Bata Kericho One,Kenya,Nyanza,kericho,0,455,-100.00%,0,140,-100.00%,0.00%,0.31
01/09/2025,145,Bata Kericho One,Kenya,Nyanza,kericho,0,203,-100.00%,0,59,-100.00%,0.00%,0.29
01/14/2025,145,Bata Kericho One,Kenya,Nyanza,kericho,0,123,-100.00%,0,37,-100.00%,0.00%,0.30
01/16/2025,145,Bata Kericho One,Kenya,Nyanza,kericho,0,117,-100.00%,0,28,-100.00%,0.00%,0.24
01/08/2025,145,Bata Kericho One,Kenya,Nyanza,kericho,0,263,-100.00%,0,83,-100.00%,0.00%,0.32
01/18/2025,145,Bata Kericho One,Kenya,Nyanza,kericho,0,126,-100.00%,0,45,-100.00%,0.00%,0.36
01/19/2025,145,Bata Kericho One,Kenya,Nyanza,kericho,0,106,-100.00%,0,32,-100.00%,0.00%,0.30
01/07/2025,145,Bata Kericho One,Kenya,Nyanza,kericho,0,512,-100.00%,0,177,-100.00%,0.00%,0.35
01/10/2025,145,Bata Kericho One,Kenya,Nyanza,kericho,0,191,-100.00%,0,49,-100.00%,0.00%,0.26
01/12/2025,145,Bata Kericho One,Kenya,Nyanza,kericho,0,146,-100.00%,0,36,-100.00%,0.00%,0.25
01/20/2025,145,Bata Kericho One,Kenya,Nyanza,kericho,0,89,-100.00%,0,29,-100.00%,0.00%,0.33
01/23/2025,145,Bata Kericho One,Kenya,Nyanza,kericho,0,73,-100.00%,0,21,-100.00%,0.00%,0.29
01/11/2025,145,Bata Kericho One,Kenya,Nyanza,kericho,0,257,-100.00%,0,78,-100.00%,0.00%,0.30
02/08/2025,145,Bata Kericho One,Kenya,Nyanza,kericho,0,121,-100.00%,0,36,-100.00%,0.00%,0.30
01/27/2025,145,Bata Kericho One,Kenya,Nyanza,kericho,0,91,-100.00%,0,19,-100.00%,0.00%,0.21
02/07/2025,145,Bata Kericho One,Kenya,Nyanza,kericho,0,94,-100.00%,0,30,-100.00%,0.00%,0.32
01/21/2025,145,Bata Kericho One,Kenya,Nyanza,kericho,0,135,-100.00%,0,20,-100.00%,0.00%,0.15
01/15/2025,145,Bata Kericho One,Kenya,Nyanza,kericho,0,106,-100.00%,0,27,-100.00%,0.00%,0.25
01/30/2025,145,Bata Kericho One,Kenya,Nyanza,kericho,0,92,-100.00%,0,21,-100.00%,0.00%,0.23
01/31/2025,145,Bata Kericho One,Kenya,Nyanza,kericho,0,33,-100.00%,0,8,-100.00%,0.00%,0.24
01/24/2025,145,Bata Kericho One,Kenya,Nyanza,kericho,0,98,-100.00%,0,27,-100.00%,0.00%,0.28
02/14/2025,145,Bata Kericho One,Kenya,Nyanza,kericho,0,127,-100.00%,0,33,-100.00%,0.00%,0.26
02/10/2025,145,Bata Kericho One,Kenya,Nyanza,kericho,0,132,-100.00%,0,32,-100.00%,0.00%,0.24
02/13/2025,145,Bata Kericho One,Kenya,Nyanza,kericho,0,97,-100.00%,0,32,-100.00%,0.00%,0.33
01/26/2025,145,Bata Kericho One,Kenya,Nyanza,kericho,0,82,-100.00%,0,29,-100.00%,0.00%,0.35
01/17/2025,145,Bata Kericho One,Kenya,Nyanza,kericho,0,106,-100.00%,0,21,-100.00%,0.00%,0.20
02/12/2025,145,Bata Kericho One,Kenya,Nyanza,kericho,0,93,-100.00%,0,28,-100.00%,0.00%,0.30
02/03/2025,145,Bata Kericho One,Kenya,Nyanza,kericho,0,122,-100.00%,0,27,-100.00%,0.00%,0.22
01/29/2025,145,Bata Kericho One,Kenya,Nyanza,kericho,0,96,-100.00%,0,28,-100.00%,0.00%,0.29
02/16/2025,145,Bata Kericho One,Kenya,Nyanza,kericho,0,114,-100.00%,0,23,-100.00%,0.00%,0.20
02/18/2025,145,Bata Kericho One,Kenya,Nyanza,kericho,0,85,-100.00%,0,12,-100.00%,0.00%,0.14
02/26/2025,145,Bata Kericho One,Kenya,Nyanza,kericho,0,129,-100.00%,0,35,-100.00%,0.00%,0.27
02/01/2025,145,Bata Kericho One,Kenya,Nyanza,kericho,0,113,-100.00%,0,37,-100.00%,0.00%,0.33
01/22/2025,145,Bata Kericho One,Kenya,Nyanza,kericho,0,79,-100.00%,0,24,-100.00%,0.00%,0.30
02/20/2025,145,Bata Kericho One,Kenya,Nyanza,kericho,0,99,-100.00%,0,24,-100.00%,0.00%,0.24
02/09/2025,145,Bata Kericho One,Kenya,Nyanza,kericho,0,78,-100.00%,0,14,-100.00%,0.00%,0.18
02/06/2025,145,Bata Kericho One,Kenya,Nyanza,kericho,0,109,-100.00%,0,28,-100.00%,0.00%,0.26
02/17/2025,145,Bata Kericho One,Kenya,Nyanza,kericho,0,123,-100.00%,0,27,-100.00%,0.00%,0.22
02/21/2025,145,Bata Kericho One,Kenya,Nyanza,kericho,0,108,-100.00%,0,25,-100.00%,0.00%,0.23
02/28/2025,145,Bata Kericho One,Kenya,Nyanza,kericho,0,137,-100.00%,0,43,-100.00%,0.00%,0.31
02/11/2025,145,Bata Kericho One,Kenya,Nyanza,kericho,0,106,-100.00%,0,31,-100.00%,0.00%,0.29
01/25/2025,145,Bata Kericho One,Kenya,Nyanza,kericho,0,89,-100.00%,0,31,-100.00%,0.00%,0.35
03/03/2025,145,Bata Kericho One,Kenya,Nyanza,kericho,0,204,-100.00%,0,78,-100.00%,0.00%,0.38
02/24/2025,145,Bata Kericho One,Kenya,Nyanza,kericho,0,85,-100.00%,0,17,-100.00%,0.00%,0.20
02/19/2025,145,Bata Kericho One,Kenya,Nyanza,kericho,0,110,-100.00%,0,27,-100.00%,0.00%,0.25
03/04/2025,145,Bata Kericho One,Kenya,Nyanza,kericho,0,171,-100.00%,0,47,-100.00%,0.00%,0.27
03/08/2025,145,Bata Kericho One,Kenya,Nyanza,kericho,0,274,-100.00%,0,34,-100.00%,0.00%,0.12
03/01/2025,145,Bata Kericho One,Kenya,Nyanza,kericho,0,222,-100.00%,0,58,-100.00%,0.00%,0.26
02/22/2025,145,Bata Kericho One,Kenya,Nyanza,kericho,0,81,-100.00%,0,18,-100.00%,0.00%,0.22
01/28/2025,145,Bata Kericho One,Kenya,Nyanza,kericho,0,91,-100.00%,0,27,-100.00%,0.00%,0.30
01/01/2026,145,Bata Kericho One,Kenya,Nyanza,kericho,153,0,0.00%,7,0,0.00%,4.58%,0.00
02/25/2025,145,Bata Kericho One,Kenya,Nyanza,kericho,0,94,-100.00%,0,21,-100.00%,0.00%,0.22
02/27/2025,145,Bata Kericho One,Kenya,Nyanza,kericho,0,99,-100.00%,0,23,-100.00%,0.00%,0.23
01/06/2026,145,Bata Kericho One,Kenya,Nyanza,kericho,505,0,0.00%,166,0,0.00%,32.87%,0.00
01/04/2026,145,Bata Kericho One,Kenya,Nyanza,kericho,363,0,0.00%,72,0,0.00%,19.83%,0.00
01/12/2026,145,Bata Kericho One,Kenya,Nyanza,kericho,397,0,0.00%,105,0,0.00%,26.45%,0.00
03/09/2025,145,Bata Kericho One,Kenya,Nyanza,kericho,0,72,-100.00%,0,18,-100.00%,0.00%,0.25
02/02/2025,145,Bata Kericho One,Kenya,Nyanza,kericho,0,94,-100.00%,0,20,-100.00%,0.00%,0.21
01/15/2026,145,Bata Kericho One,Kenya,Nyanza,kericho,201,0,0.00%,54,0,0.00%,26.87%,0.00
03/02/2025,145,Bata Kericho One,Kenya,Nyanza,kericho,0,135,-100.00%,0,32,-100.00%,0.00%,0.24
01/03/2026,145,Bata Kericho One,Kenya,Nyanza,kericho,570,0,0.00%,149,0,0.00%,26.16%,0.00
01/11/2026,145,Bata Kericho One,Kenya,Nyanza,kericho,232,0,0.00%,51,0,0.00%,21.98%,0.00
01/20/2026,145,Bata Kericho One,Kenya,Nyanza,kericho,125,0,0.00%,29,0,0.00%,23.20%,0.00
01/26/2026,145,Bata Kericho One,Kenya,Nyanza,kericho,103,0,0.00%,5,0,0.00%,4.85%,0.00
01/05/2026,145,Bata Kericho One,Kenya,Nyanza,kericho,868,0,0.00%,239,0,0.00%,27.55%,0.00
02/04/2025,145,Bata Kericho One,Kenya,Nyanza,kericho,0,105,-100.00%,0,23,-100.00%,0.00%,0.22
01/23/2026,145,Bata Kericho One,Kenya,Nyanza,kericho,118,0,0.00%,21,0,0.00%,17.87%,0.00
03/05/2025,145,Bata Kericho One,Kenya,Nyanza,kericho,0,123,-100.00%,0,31,-100.00%,0.00%,0.25
01/19/2026,145,Bata Kericho One,Kenya,Nyanza,kericho,147,0,0.00%,26,0,0.00%,17.69%,0.00
01/13/2026,145,Bata Kericho One,Kenya,Nyanza,kericho,227,0,0.00%,73,0,0.00%,32.23%,0.00
01/25/2026,145,Bata Kericho One,Kenya,Nyanza,kericho,83,0,0.00%,13,0,0.00%,15.66%,0.00
02/11/2026,145,Bata Kericho One,Kenya,Nyanza,kericho,117,0,0.00%,28,0,0.00%,23.93%,0.00
01/21/2026,145,Bata Kericho One,Kenya,Nyanza,kericho,96,0,0.00%,23,0,0.00%,24.08%,0.00
02/05/2025,145,Bata Kericho One,Kenya,Nyanza,kericho,0,94,-100.00%,0,32,-100.00%,0.00%,0.34
01/28/2026,145,Bata Kericho One,Kenya,Nyanza,kericho,109,0,0.00%,20,0,0.00%,18.35%,0.00
03/07/2025,145,Bata Kericho One,Kenya,Nyanza,kericho,0,106,-100.00%,0,15,-100.00%,0.00%,0.14
01/24/2026,145,Bata Kericho One,Kenya,Nyanza,kericho,120,0,0.00%,34,0,0.00%,28.45%,0.00
01/14/2026,145,Bata Kericho One,Kenya,Nyanza,kericho,290,0,0.00%,77,0,0.00%,26.55%,0.00
01/31/2026,145,Bata Kericho One,Kenya,Nyanza,kericho,141,0,0.00%,30,0,0.00%,21.28%,0.00
02/16/2026,145,Bata Kericho One,Kenya,Nyanza,kericho,106,0,0.00%,23,0,0.00%,21.80%,0.00
01/27/2026,145,Bata Kericho One,Kenya,Nyanza,kericho,131,0,0.00%,25,0,0.00%,19.16%,0.00
02/15/2025,145,Bata Kericho One,Kenya,Nyanza,kericho,0,109,-100.00%,0,18,-100.00%,0.00%,0.17
02/02/2026,145,Bata Kericho One,Kenya,Nyanza,kericho,96,0,0.00%,19,0,0.00%,19.79%,0.00
01/08/2026,145,Bata Kericho One,Kenya,Nyanza,kericho,382,0,0.00%,112,0,0.00%,29.32%,0.00
01/29/2026,145,Bata Kericho One,Kenya,Nyanza,kericho,117,0,0.00%,22,0,0.00%,18.88%,0.00
01/22/2026,145,Bata Kericho One,Kenya,Nyanza,kericho,111,0,0.00%,26,0,0.00%,23.53%,0.00
02/18/2026,145,Bata Kericho One,Kenya,Nyanza,kericho,78,0,0.00%,22,0,0.00%,28.39%,0.00
02/23/2026,145,Bata Kericho One,Kenya,Nyanza,kericho,89,0,0.00%,20,0,0.00%,22.47%,0.00
02/04/2026,145,Bata Kericho One,Kenya,Nyanza,kericho,80,0,0.00%,18,0,0.00%,22.50%,0.00
02/23/2025,145,Bata Kericho One,Kenya,Nyanza,kericho,0,41,-100.00%,0,7,-100.00%,0.00%,0.17
02/26/2026,145,Bata Kericho One,Kenya,Nyanza,kericho,86,0,0.00%,27,0,0.00%,31.58%,0.00
01/16/2026,145,Bata Kericho One,Kenya,Nyanza,kericho,184,0,0.00%,46,0,0.00%,25.07%,0.00
02/20/2026,145,Bata Kericho One,Kenya,Nyanza,kericho,130,0,0.00%,26,0,0.00%,20.00%,0.00
02/07/2026,145,Bata Kericho One,Kenya,Nyanza,kericho,155,0,0.00%,34,0,0.00%,21.94%,0.00
03/07/2026,145,Bata Kericho One,Kenya,Nyanza,kericho,131,0,0.00%,45,0,0.00%,34.35%,0.00
03/04/2026,145,Bata Kericho One,Kenya,Nyanza,kericho,86,0,0.00%,28,0,0.00%,32.75%,0.00
03/06/2025,145,Bata Kericho One,Kenya,Nyanza,kericho,0,111,-100.00%,0,28,-100.00%,0.00%,0.25
01/30/2026,145,Bata Kericho One,Kenya,Nyanza,kericho,100,0,0.00%,21,0,0.00%,21.00%,0.00
02/14/2026,145,Bata Kericho One,Kenya,Nyanza,kericho,128,0,0.00%,40,0,0.00%,31.25%,0.00
03/06/2026,145,Bata Kericho One,Kenya,Nyanza,kericho,113,0,0.00%,36,0,0.00%,31.86%,0.00
01/02/2026,145,Bata Kericho One,Kenya,Nyanza,kericho,525,0,0.00%,143,0,0.00%,27.26%,0.00
02/01/2026,145,Bata Kericho One,Kenya,Nyanza,kericho,110,0,0.00%,20,0,0.00%,18.26%,0.00
02/17/2026,145,Bata Kericho One,Kenya,Nyanza,kericho,80,0,0.00%,20,0,0.00%,25.00%,0.00
02/06/2026,145,Bata Kericho One,Kenya,Nyanza,kericho,101,0,0.00%,25,0,0.00%,24.75%,0.00
01/07/2026,145,Bata Kericho One,Kenya,Nyanza,kericho,394,0,0.00%,124,0,0.00%,31.47%,0.00
02/09/2026,145,Bata Kericho One,Kenya,Nyanza,kericho,131,0,0.00%,36,0,0.00%,27.59%,0.00
02/19/2026,145,Bata Kericho One,Kenya,Nyanza,kericho,89,0,0.00%,20,0,0.00%,22.47%,0.00
02/12/2026,145,Bata Kericho One,Kenya,Nyanza,kericho,79,0,0.00%,22,0,0.00%,27.85%,0.00
01/09/2026,145,Bata Kericho One,Kenya,Nyanza,kericho,307,0,0.00%,91,0,0.00%,29.69%,0.00
02/28/2026,145,Bata Kericho One,Kenya,Nyanza,kericho,161,0,0.00%,51,0,0.00%,31.78%,0.00
02/22/2026,145,Bata Kericho One,Kenya,Nyanza,kericho,61,0,0.00%,7,0,0.00%,11.57%,0.00
03/08/2026,145,Bata Kericho One,Kenya,Nyanza,kericho,26,0,0.00%,2,0,0.00%,7.69%,0.00
01/10/2026,145,Bata Kericho One,Kenya,Nyanza,kericho,470,0,0.00%,129,0,0.00%,27.48%,0.00
02/25/2026,145,Bata Kericho One,Kenya,Nyanza,kericho,121,0,0.00%,27,0,0.00%,22.41%,0.00
01/17/2026,145,Bata Kericho One,Kenya,Nyanza,kericho,182,0,0.00%,35,0,0.00%,19.23%,0.00
02/27/2026,145,Bata Kericho One,Kenya,Nyanza,kericho,168,0,0.00%,35,0,0.00%,20.90%,0.00
01/18/2026,145,Bata Kericho One,Kenya,Nyanza,kericho,113,0,0.00%,24,0,0.00%,21.24%,0.00
03/02/2026,145,Bata Kericho One,Kenya,Nyanza,kericho,266,0,0.00%,76,0,0.00%,28.63%,0.00
02/03/2026,145,Bata Kericho One,Kenya,Nyanza,kericho,99,0,0.00%,15,0,0.00%,15.15%,0.00
03/05/2026,145,Bata Kericho One,Kenya,Nyanza,kericho,110,0,0.00%,30,0,0.00%,27.27%,0.00
02/05/2026,145,Bata Kericho One,Kenya,Nyanza,kericho,101,0,0.00%,29,0,0.00%,28.71%,0.00
02/08/2026,145,Bata Kericho One,Kenya,Nyanza,kericho,80,0,0.00%,18,0,0.00%,22.50%,0.00
02/10/2026,145,Bata Kericho One,Kenya,Nyanza,kericho,111,0,0.00%,24,0,0.00%,21.62%,0.00
02/13/2026,145,Bata Kericho One,Kenya,Nyanza,kericho,75,0,0.00%,22,0,0.00%,29.33%,0.00
02/15/2026,145,Bata Kericho One,Kenya,Nyanza,kericho,90,0,0.00%,19,0,0.00%,21.11%,0.00
02/21/2026,145,Bata Kericho One,Kenya,Nyanza,kericho,80,0,0.00%,26,0,0.00%,32.50%,0.00
02/24/2026,145,Bata Kericho One,Kenya,Nyanza,kericho,73,0,0.00%,23,0,0.00%,31.51%,0.00
03/01/2026,145,Bata Kericho One,Kenya,Nyanza,kericho,146,0,0.00%,31,0,0.00%,21.31%,0.00
03/03/2026,145,Bata Kericho One,Kenya,Nyanza,kericho,168,0,0.00%,39,0,0.00%,23.21%,0.00
01/04/2025,219,Bata Kiambu Mall,Kenya,Nairobi West,Kiambu,0,326,-100.00%,0,79,-100.00%,0.00%,0.24
01/11/2025,219,Bata Kiambu Mall,Kenya,Nairobi West,Kiambu,0,202,-100.00%,0,58,-100.00%,0.00%,0.29
01/02/2025,219,Bata Kiambu Mall,Kenya,Nairobi West,Kiambu,0,233,-100.00%,0,81,-100.00%,0.00%,0.35
01/07/2025,219,Bata Kiambu Mall,Kenya,Nairobi West,Kiambu,0,381,-100.00%,0,128,-100.00%,0.00%,0.34
01/06/2025,219,Bata Kiambu Mall,Kenya,Nairobi West,Kiambu,0,484,-100.00%,0,161,-100.00%,0.00%,0.33
01/05/2025,219,Bata Kiambu Mall,Kenya,Nairobi West,Kiambu,0,335,-100.00%,0,94,-100.00%,0.00%,0.28
01/12/2025,219,Bata Kiambu Mall,Kenya,Nairobi West,Kiambu,0,196,-100.00%,0,42,-100.00%,0.00%,0.21
01/01/2025,219,Bata Kiambu Mall,Kenya,Nairobi West,Kiambu,0,103,-100.00%,0,0,0.00%,0.00%,0.00
01/09/2025,219,Bata Kiambu Mall,Kenya,Nairobi West,Kiambu,0,120,-100.00%,0,33,-100.00%,0.00%,0.28
01/14/2025,219,Bata Kiambu Mall,Kenya,Nairobi West,Kiambu,0,120,-100.00%,0,36,-100.00%,0.00%,0.30
01/13/2025,219,Bata Kiambu Mall,Kenya,Nairobi West,Kiambu,0,123,-100.00%,0,30,-100.00%,0.00%,0.24
01/08/2025,219,Bata Kiambu Mall,Kenya,Nairobi West,Kiambu,0,215,-100.00%,0,84,-100.00%,0.00%,0.39
01/19/2025,219,Bata Kiambu Mall,Kenya,Nairobi West,Kiambu,0,150,-100.00%,0,25,-100.00%,0.00%,0.17
01/18/2025,219,Bata Kiambu Mall,Kenya,Nairobi West,Kiambu,0,116,-100.00%,0,31,-100.00%,0.00%,0.27
01/20/2025,219,Bata Kiambu Mall,Kenya,Nairobi West,Kiambu,0,71,-100.00%,0,26,-100.00%,0.00%,0.37
01/03/2025,219,Bata Kiambu Mall,Kenya,Nairobi West,Kiambu,0,265,-100.00%,0,70,-100.00%,0.00%,0.26
01/27/2025,219,Bata Kiambu Mall,Kenya,Nairobi West,Kiambu,0,61,-100.00%,0,0,0.00%,0.00%,0.00
01/22/2025,219,Bata Kiambu Mall,Kenya,Nairobi West,Kiambu,0,61,-100.00%,0,13,-100.00%,0.00%,0.21
01/23/2025,219,Bata Kiambu Mall,Kenya,Nairobi West,Kiambu,0,61,-100.00%,0,21,-100.00%,0.00%,0.34
01/10/2025,219,Bata Kiambu Mall,Kenya,Nairobi West,Kiambu,0,107,-100.00%,0,28,-100.00%,0.00%,0.26
01/30/2025,219,Bata Kiambu Mall,Kenya,Nairobi West,Kiambu,0,88,-100.00%,0,17,-100.00%,0.00%,0.19
01/21/2025,219,Bata Kiambu Mall,Kenya,Nairobi West,Kiambu,0,84,-100.00%,0,31,-100.00%,0.00%,0.37
01/29/2025,219,Bata Kiambu Mall,Kenya,Nairobi West,Kiambu,0,89,-100.00%,0,31,-100.00%,0.00%,0.35
01/16/2025,219,Bata Kiambu Mall,Kenya,Nairobi West,Kiambu,0,77,-100.00%,0,15,-100.00%,0.00%,0.19
02/07/2025,219,Bata Kiambu Mall,Kenya,Nairobi West,Kiambu,0,68,-100.00%,0,20,-100.00%,0.00%,0.29
01/24/2025,219,Bata Kiambu Mall,Kenya,Nairobi West,Kiambu,0,75,-100.00%,0,15,-100.00%,0.00%,0.20
02/03/2025,219,Bata Kiambu Mall,Kenya,Nairobi West,Kiambu,0,81,-100.00%,0,24,-100.00%,0.00%,0.30
01/15/2025,219,Bata Kiambu Mall,Kenya,Nairobi West,Kiambu,0,108,-100.00%,0,26,-100.00%,0.00%,0.24
01/31/2025,219,Bata Kiambu Mall,Kenya,Nairobi West,Kiambu,0,92,-100.00%,0,32,-100.00%,0.00%,0.35
02/14/2025,219,Bata Kiambu Mall,Kenya,Nairobi West,Kiambu,0,90,-100.00%,0,17,-100.00%,0.00%,0.19
01/17/2025,219,Bata Kiambu Mall,Kenya,Nairobi West,Kiambu,0,100,-100.00%,0,26,-100.00%,0.00%,0.26
02/10/2025,219,Bata Kiambu Mall,Kenya,Nairobi West,Kiambu,0,42,-100.00%,0,10,-100.00%,0.00%,0.24
02/01/2025,219,Bata Kiambu Mall,Kenya,Nairobi West,Kiambu,0,98,-100.00%,0,22,-100.00%,0.00%,0.22
02/16/2025,219,Bata Kiambu Mall,Kenya,Nairobi West,Kiambu,0,70,-100.00%,0,9,-100.00%,0.00%,0.13
01/26/2025,219,Bata Kiambu Mall,Kenya,Nairobi West,Kiambu,0,102,-100.00%,0,21,-100.00%,0.00%,0.21
02/15/2025,219,Bata Kiambu Mall,Kenya,Nairobi West,Kiambu,0,85,-100.00%,0,17,-100.00%,0.00%,0.20
02/06/2025,219,Bata Kiambu Mall,Kenya,Nairobi West,Kiambu,0,67,-100.00%,0,13,-100.00%,0.00%,0.19
02/19/2025,219,Bata Kiambu Mall,Kenya,Nairobi West,Kiambu,0,45,-100.00%,0,7,-100.00%,0.00%,0.16
01/25/2025,219,Bata Kiambu Mall,Kenya,Nairobi West,Kiambu,0,87,-100.00%,0,21,-100.00%,0.00%,0.24
02/25/2025,219,Bata Kiambu Mall,Kenya,Nairobi West,Kiambu,0,63,-100.00%,0,7,-100.00%,0.00%,0.11
02/02/2025,219,Bata Kiambu Mall,Kenya,Nairobi West,Kiambu,0,121,-100.00%,0,21,-100.00%,0.00%,0.17
03/01/2025,219,Bata Kiambu Mall,Kenya,Nairobi West,Kiambu,0,130,-100.00%,0,33,-100.00%,0.00%,0.25
01/28/2025,219,Bata Kiambu Mall,Kenya,Nairobi West,Kiambu,0,96,-100.00%,0,39,-100.00%,0.00%,0.41
03/05/2025,219,Bata Kiambu Mall,Kenya,Nairobi West,Kiambu,0,93,-100.00%,0,25,-100.00%,0.00%,0.27
03/04/2025,219,Bata Kiambu Mall,Kenya,Nairobi West,Kiambu,0,98,-100.00%,0,23,-100.00%,0.00%,0.23
02/04/2025,219,Bata Kiambu Mall,Kenya,Nairobi West,Kiambu,0,96,-100.00%,0,20,-100.00%,0.00%,0.21
03/08/2025,219,Bata Kiambu Mall,Kenya,Nairobi West,Kiambu,0,110,-100.00%,0,22,-100.00%,0.00%,0.20
02/12/2025,219,Bata Kiambu Mall,Kenya,Nairobi West,Kiambu,0,75,-100.00%,0,15,-100.00%,0.00%,0.20
01/02/2026,219,Bata Kiambu Mall,Kenya,Nairobi West,Kiambu,286,0,0.00%,0,0,0.00%,0.00%,0.00
02/05/2025,219,Bata Kiambu Mall,Kenya,Nairobi West,Kiambu,0,55,-100.00%,0,11,-100.00%,0.00%,0.20
01/04/2026,219,Bata Kiambu Mall,Kenya,Nairobi West,Kiambu,372,0,0.00%,84,0,0.00%,22.58%,0.00
02/13/2025,219,Bata Kiambu Mall,Kenya,Nairobi West,Kiambu,0,76,-100.00%,0,18,-100.00%,0.00%,0.24
01/10/2026,219,Bata Kiambu Mall,Kenya,Nairobi West,Kiambu,232,0,0.00%,67,0,0.00%,28.94%,0.00
02/23/2025,219,Bata Kiambu Mall,Kenya,Nairobi West,Kiambu,0,76,-100.00%,0,16,-100.00%,0.00%,0.21
01/06/2026,219,Bata Kiambu Mall,Kenya,Nairobi West,Kiambu,435,0,0.00%,113,0,0.00%,25.98%,0.00
02/17/2025,219,Bata Kiambu Mall,Kenya,Nairobi West,Kiambu,0,50,-100.00%,0,9,-100.00%,0.00%,0.18
01/13/2026,219,Bata Kiambu Mall,Kenya,Nairobi West,Kiambu,186,0,0.00%,44,0,0.00%,23.66%,0.00
02/11/2025,219,Bata Kiambu Mall,Kenya,Nairobi West,Kiambu,0,64,-100.00%,0,10,-100.00%,0.00%,0.16
01/14/2026,219,Bata Kiambu Mall,Kenya,Nairobi West,Kiambu,118,0,0.00%,22,0,0.00%,18.64%,0.00
02/22/2025,219,Bata Kiambu Mall,Kenya,Nairobi West,Kiambu,0,90,-100.00%,0,16,-100.00%,0.00%,0.18
01/18/2026,219,Bata Kiambu Mall,Kenya,Nairobi West,Kiambu,122,0,0.00%,23,0,0.00%,18.85%,0.00
02/26/2025,219,Bata Kiambu Mall,Kenya,Nairobi West,Kiambu,0,108,-100.00%,0,28,-100.00%,0.00%,0.26
01/15/2026,219,Bata Kiambu Mall,Kenya,Nairobi West,Kiambu,145,0,0.00%,31,0,0.00%,21.45%,0.00
02/18/2025,219,Bata Kiambu Mall,Kenya,Nairobi West,Kiambu,0,51,-100.00%,0,12,-100.00%,0.00%,0.24
01/26/2026,219,Bata Kiambu Mall,Kenya,Nairobi West,Kiambu,58,0,0.00%,0,0,0.00%,0.00%,0.00
02/21/2025,219,Bata Kiambu Mall,Kenya,Nairobi West,Kiambu,0,51,-100.00%,0,3,-100.00%,0.00%,0.06
01/20/2026,219,Bata Kiambu Mall,Kenya,Nairobi West,Kiambu,100,0,0.00%,19,0,0.00%,19.10%,0.00
02/27/2025,219,Bata Kiambu Mall,Kenya,Nairobi West,Kiambu,0,75,-100.00%,0,12,-100.00%,0.00%,0.16
01/27/2026,219,Bata Kiambu Mall,Kenya,Nairobi West,Kiambu,80,0,0.00%,0,0,0.00%,0.00%,0.00
03/02/2025,219,Bata Kiambu Mall,Kenya,Nairobi West,Kiambu,0,133,-100.00%,0,31,-100.00%,0.00%,0.23
01/22/2026,219,Bata Kiambu Mall,Kenya,Nairobi West,Kiambu,75,0,0.00%,15,0,0.00%,20.13%,0.00
02/20/2025,219,Bata Kiambu Mall,Kenya,Nairobi West,Kiambu,0,60,-100.00%,0,19,-100.00%,0.00%,0.32
02/03/2026,219,Bata Kiambu Mall,Kenya,Nairobi West,Kiambu,62,0,0.00%,16,0,0.00%,25.81%,0.00
02/24/2025,219,Bata Kiambu Mall,Kenya,Nairobi West,Kiambu,0,49,-100.00%,0,13,-100.00%,0.00%,0.27
01/30/2026,219,Bata Kiambu Mall,Kenya,Nairobi West,Kiambu,60,0,0.00%,21,0,0.00%,35.00%,0.00
03/06/2025,219,Bata Kiambu Mall,Kenya,Nairobi West,Kiambu,0,78,-100.00%,0,24,-100.00%,0.00%,0.31
02/08/2026,219,Bata Kiambu Mall,Kenya,Nairobi West,Kiambu,94,0,0.00%,17,0,0.00%,18.18%,0.00
01/01/2026,219,Bata Kiambu Mall,Kenya,Nairobi West,Kiambu,30,0,0.00%,0,0,0.00%,0.00%,0.00
01/31/2026,219,Bata Kiambu Mall,Kenya,Nairobi West,Kiambu,96,0,0.00%,18,0,0.00%,18.75%,0.00
02/28/2025,219,Bata Kiambu Mall,Kenya,Nairobi West,Kiambu,0,100,-100.00%,0,17,-100.00%,0.00%,0.17
02/16/2026,219,Bata Kiambu Mall,Kenya,Nairobi West,Kiambu,66,0,0.00%,19,0,0.00%,28.79%,0.00
03/07/2025,219,Bata Kiambu Mall,Kenya,Nairobi West,Kiambu,0,87,-100.00%,0,24,-100.00%,0.00%,0.28
02/07/2026,219,Bata Kiambu Mall,Kenya,Nairobi West,Kiambu,87,0,0.00%,23,0,0.00%,26.59%,0.00
03/09/2025,219,Bata Kiambu Mall,Kenya,Nairobi West,Kiambu,0,120,-100.00%,0,23,-100.00%,0.00%,0.19
02/17/2026,219,Bata Kiambu Mall,Kenya,Nairobi West,Kiambu,56,0,0.00%,10,0,0.00%,18.02%,0.00
01/07/2026,219,Bata Kiambu Mall,Kenya,Nairobi West,Kiambu,196,0,0.00%,61,0,0.00%,31.20%,0.00
02/26/2026,219,Bata Kiambu Mall,Kenya,Nairobi West,Kiambu,101,0,0.00%,18,0,0.00%,17.82%,0.00
03/03/2025,219,Bata Kiambu Mall,Kenya,Nairobi West,Kiambu,0,109,-100.00%,0,30,-100.00%,0.00%,0.28
02/22/2026,219,Bata Kiambu Mall,Kenya,Nairobi West,Kiambu,68,0,0.00%,11,0,0.00%,16.18%,0.00
01/16/2026,219,Bata Kiambu Mall,Kenya,Nairobi West,Kiambu,88,0,0.00%,15,0,0.00%,17.05%,0.00
03/01/2026,219,Bata Kiambu Mall,Kenya,Nairobi West,Kiambu,143,0,0.00%,33,0,0.00%,23.08%,0.00
01/03/2026,219,Bata Kiambu Mall,Kenya,Nairobi West,Kiambu,267,0,0.00%,102,0,0.00%,38.27%,0.00
02/24/2026,219,Bata Kiambu Mall,Kenya,Nairobi West,Kiambu,62,0,0.00%,14,0,0.00%,22.58%,0.00
01/09/2026,219,Bata Kiambu Mall,Kenya,Nairobi West,Kiambu,171,0,0.00%,60,0,0.00%,35.19%,0.00
03/09/2026,219,Bata Kiambu Mall,Kenya,Nairobi West,Kiambu,13,0,0.00%,0,0,0.00%,0.00%,0.00
01/23/2026,219,Bata Kiambu Mall,Kenya,Nairobi West,Kiambu,57,0,0.00%,7,0,0.00%,12.28%,0.00
03/04/2026,219,Bata Kiambu Mall,Kenya,Nairobi West,Kiambu,97,0,0.00%,17,0,0.00%,17.62%,0.00
01/19/2026,219,Bata Kiambu Mall,Kenya,Nairobi West,Kiambu,87,0,0.00%,20,0,0.00%,22.99%,0.00
01/05/2026,219,Bata Kiambu Mall,Kenya,Nairobi West,Kiambu,458,0,0.00%,134,0,0.00%,29.29%,0.00
01/12/2026,219,Bata Kiambu Mall,Kenya,Nairobi West,Kiambu,190,0,0.00%,48,0,0.00%,25.26%,0.00
01/25/2026,219,Bata Kiambu Mall,Kenya,Nairobi West,Kiambu,99,0,0.00%,15,0,0.00%,15.15%,0.00
01/21/2026,219,Bata Kiambu Mall,Kenya,Nairobi West,Kiambu,71,0,0.00%,19,0,0.00%,26.95%,0.00
01/08/2026,219,Bata Kiambu Mall,Kenya,Nairobi West,Kiambu,166,0,0.00%,49,0,0.00%,29.52%,0.00
01/17/2026,219,Bata Kiambu Mall,Kenya,Nairobi West,Kiambu,120,0,0.00%,21,0,0.00%,17.50%,0.00
02/04/2026,219,Bata Kiambu Mall,Kenya,Nairobi West,Kiambu,78,0,0.00%,14,0,0.00%,18.06%,0.00
02/06/2026,219,Bata Kiambu Mall,Kenya,Nairobi West,Kiambu,92,0,0.00%,13,0,0.00%,14.21%,0.00
01/11/2026,219,Bata Kiambu Mall,Kenya,Nairobi West,Kiambu,288,0,0.00%,52,0,0.00%,18.09%,0.00
01/28/2026,219,Bata Kiambu Mall,Kenya,Nairobi West,Kiambu,69,0,0.00%,41,0,0.00%,59.42%,0.00
02/10/2026,219,Bata Kiambu Mall,Kenya,Nairobi West,Kiambu,85,0,0.00%,16,0,0.00%,18.82%,0.00
02/11/2026,219,Bata Kiambu Mall,Kenya,Nairobi West,Kiambu,59,0,0.00%,12,0,0.00%,20.51%,0.00
01/24/2026,219,Bata Kiambu Mall,Kenya,Nairobi West,Kiambu,94,0,0.00%,23,0,0.00%,24.47%,0.00
02/02/2026,219,Bata Kiambu Mall,Kenya,Nairobi West,Kiambu,79,0,0.00%,14,0,0.00%,17.83%,0.00
02/21/2026,219,Bata Kiambu Mall,Kenya,Nairobi West,Kiambu,65,0,0.00%,12,0,0.00%,18.46%,0.00
02/14/2026,219,Bata Kiambu Mall,Kenya,Nairobi West,Kiambu,83,0,0.00%,14,0,0.00%,16.87%,0.00
01/29/2026,219,Bata Kiambu Mall,Kenya,Nairobi West,Kiambu,91,0,0.00%,13,0,0.00%,14.36%,0.00
02/05/2026,219,Bata Kiambu Mall,Kenya,Nairobi West,Kiambu,79,0,0.00%,22,0,0.00%,28.03%,0.00
02/28/2026,219,Bata Kiambu Mall,Kenya,Nairobi West,Kiambu,124,0,0.00%,35,0,0.00%,28.34%,0.00
02/19/2026,219,Bata Kiambu Mall,Kenya,Nairobi West,Kiambu,45,0,0.00%,13,0,0.00%,28.89%,0.00
02/01/2026,219,Bata Kiambu Mall,Kenya,Nairobi West,Kiambu,122,0,0.00%,29,0,0.00%,23.87%,0.00
02/12/2026,219,Bata Kiambu Mall,Kenya,Nairobi West,Kiambu,51,0,0.00%,14,0,0.00%,27.72%,0.00
03/06/2026,219,Bata Kiambu Mall,Kenya,Nairobi West,Kiambu,60,0,0.00%,14,0,0.00%,23.53%,0.00
02/25/2026,219,Bata Kiambu Mall,Kenya,Nairobi West,Kiambu,86,0,0.00%,9,0,0.00%,10.47%,0.00
02/09/2026,219,Bata Kiambu Mall,Kenya,Nairobi West,Kiambu,63,0,0.00%,13,0,0.00%,20.63%,0.00
02/13/2026,219,Bata Kiambu Mall,Kenya,Nairobi West,Kiambu,67,0,0.00%,15,0,0.00%,22.56%,0.00
03/02/2026,219,Bata Kiambu Mall,Kenya,Nairobi West,Kiambu,132,0,0.00%,38,0,0.00%,28.90%,0.00
02/27/2026,219,Bata Kiambu Mall,Kenya,Nairobi West,Kiambu,100,0,0.00%,29,0,0.00%,29.15%,0.00
02/15/2026,219,Bata Kiambu Mall,Kenya,Nairobi West,Kiambu,104,0,0.00%,16,0,0.00%,15.38%,0.00
03/05/2026,219,Bata Kiambu Mall,Kenya,Nairobi West,Kiambu,64,0,0.00%,15,0,0.00%,23.62%,0.00
02/18/2026,219,Bata Kiambu Mall,Kenya,Nairobi West,Kiambu,53,0,0.00%,12,0,0.00%,22.86%,0.00
03/07/2026,219,Bata Kiambu Mall,Kenya,Nairobi West,Kiambu,109,0,0.00%,17,0,0.00%,15.67%,0.00
02/20/2026,219,Bata Kiambu Mall,Kenya,Nairobi West,Kiambu,60,0,0.00%,9,0,0.00%,15.00%,0.00
02/23/2026,219,Bata Kiambu Mall,Kenya,Nairobi West,Kiambu,67,0,0.00%,10,0,0.00%,15.04%,0.00
03/03/2026,219,Bata Kiambu Mall,Kenya,Nairobi West,Kiambu,122,0,0.00%,34,0,0.00%,27.87%,0.00
03/08/2026,219,Bata Kiambu Mall,Kenya,Nairobi West,Kiambu,127,0,0.00%,25,0,0.00%,19.76%,0.00
01/01/2025,61,Bata Kinoiyo One,Kenya,Western,Eldoret,0,212,-100.00%,0,19,-100.00%,0.00%,0.09
01/06/2025,61,Bata Kinoiyo One,Kenya,Western,Eldoret,0,1461,-100.00%,0,458,-100.00%,0.00%,0.31
01/10/2025,61,Bata Kinoiyo One,Kenya,Western,Eldoret,0,325,-100.00%,0,116,-100.00%,0.00%,0.36
01/07/2025,61,Bata Kinoiyo One,Kenya,Western,Eldoret,0,946,-100.00%,0,315,-100.00%,0.00%,0.33
01/04/2025,61,Bata Kinoiyo One,Kenya,Western,Eldoret,0,1008,-100.00%,0,304,-100.00%,0.00%,0.30
01/02/2025,61,Bata Kinoiyo One,Kenya,Western,Eldoret,0,478,-100.00%,0,134,-100.00%,0.00%,0.28
01/29/2025,61,Bata Kinoiyo One,Kenya,Western,Eldoret,0,158,-100.00%,0,44,-100.00%,0.00%,0.28
01/03/2025,61,Bata Kinoiyo One,Kenya,Western,Eldoret,0,713,-100.00%,0,255,-100.00%,0.00%,0.36
01/17/2025,61,Bata Kinoiyo One,Kenya,Western,Eldoret,0,218,-100.00%,0,72,-100.00%,0.00%,0.33
01/09/2025,61,Bata Kinoiyo One,Kenya,Western,Eldoret,0,467,-100.00%,0,162,-100.00%,0.00%,0.35
02/01/2025,61,Bata Kinoiyo One,Kenya,Western,Eldoret,0,219,-100.00%,0,66,-100.00%,0.00%,0.30
01/08/2025,61,Bata Kinoiyo One,Kenya,Western,Eldoret,0,618,-100.00%,0,219,-100.00%,0.00%,0.35
01/22/2025,61,Bata Kinoiyo One,Kenya,Western,Eldoret,0,158,-100.00%,0,56,-100.00%,0.00%,0.35
01/05/2025,61,Bata Kinoiyo One,Kenya,Western,Eldoret,0,550,-100.00%,0,135,-100.00%,0.00%,0.25
02/06/2025,61,Bata Kinoiyo One,Kenya,Western,Eldoret,0,115,-100.00%,0,38,-100.00%,0.00%,0.33
01/12/2025,61,Bata Kinoiyo One,Kenya,Western,Eldoret,0,295,-100.00%,0,90,-100.00%,0.00%,0.31
01/25/2025,61,Bata Kinoiyo One,Kenya,Western,Eldoret,0,194,-100.00%,0,52,-100.00%,0.00%,0.27
01/11/2025,61,Bata Kinoiyo One,Kenya,Western,Eldoret,0,509,-100.00%,0,180,-100.00%,0.00%,0.35
02/08/2025,61,Bata Kinoiyo One,Kenya,Western,Eldoret,0,179,-100.00%,0,52,-100.00%,0.00%,0.29
01/13/2025,61,Bata Kinoiyo One,Kenya,Western,Eldoret,0,375,-100.00%,0,118,-100.00%,0.00%,0.31
01/28/2025,61,Bata Kinoiyo One,Kenya,Western,Eldoret,0,185,-100.00%,0,57,-100.00%,0.00%,0.31
01/16/2025,61,Bata Kinoiyo One,Kenya,Western,Eldoret,0,171,-100.00%,0,51,-100.00%,0.00%,0.30
02/24/2025,61,Bata Kinoiyo One,Kenya,Western,Eldoret,0,124,-100.00%,0,33,-100.00%,0.00%,0.27
01/19/2025,61,Bata Kinoiyo One,Kenya,Western,Eldoret,0,99,-100.00%,0,36,-100.00%,0.00%,0.36
01/30/2025,61,Bata Kinoiyo One,Kenya,Western,Eldoret,0,163,-100.00%,0,63,-100.00%,0.00%,0.39
01/14/2025,61,Bata Kinoiyo One,Kenya,Western,Eldoret,0,269,-100.00%,0,81,-100.00%,0.00%,0.30
03/04/2025,61,Bata Kinoiyo One,Kenya,Western,Eldoret,0,270,-100.00%,0,84,-100.00%,0.00%,0.31
01/15/2025,61,Bata Kinoiyo One,Kenya,Western,Eldoret,0,214,-100.00%,0,57,-100.00%,0.00%,0.27
02/05/2025,61,Bata Kinoiyo One,Kenya,Western,Eldoret,0,141,-100.00%,0,37,-100.00%,0.00%,0.26
01/18/2025,61,Bata Kinoiyo One,Kenya,Western,Eldoret,0,217,-100.00%,0,58,-100.00%,0.00%,0.27
03/07/2025,61,Bata Kinoiyo One,Kenya,Western,Eldoret,0,127,-100.00%,0,40,-100.00%,0.00%,0.31
01/27/2025,61,Bata Kinoiyo One,Kenya,Western,Eldoret,0,173,-100.00%,0,19,-100.00%,0.00%,0.11
02/12/2025,61,Bata Kinoiyo One,Kenya,Western,Eldoret,0,124,-100.00%,0,31,-100.00%,0.00%,0.25
01/20/2025,61,Bata Kinoiyo One,Kenya,Western,Eldoret,0,166,-100.00%,0,49,-100.00%,0.00%,0.30
01/13/2026,61,Bata Kinoiyo One,Kenya,Western,Eldoret,541,0,0.00%,144,0,0.00%,26.62%,0.00
01/23/2025,61,Bata Kinoiyo One,Kenya,Western,Eldoret,0,158,-100.00%,0,37,-100.00%,0.00%,0.23
02/13/2025,61,Bata Kinoiyo One,Kenya,Western,Eldoret,0,136,-100.00%,0,48,-100.00%,0.00%,0.35
01/21/2025,61,Bata Kinoiyo One,Kenya,Western,Eldoret,0,183,-100.00%,0,54,-100.00%,0.00%,0.30
01/16/2026,61,Bata Kinoiyo One,Kenya,Western,Eldoret,248,0,0.00%,65,0,0.00%,26.26%,0.00
02/04/2025,61,Bata Kinoiyo One,Kenya,Western,Eldoret,0,155,-100.00%,0,41,-100.00%,0.00%,0.26
02/25/2025,61,Bata Kinoiyo One,Kenya,Western,Eldoret,0,118,-100.00%,0,24,-100.00%,0.00%,0.20
02/02/2025,61,Bata Kinoiyo One,Kenya,Western,Eldoret,0,125,-100.00%,0,33,-100.00%,0.00%,0.26
01/24/2026,61,Bata Kinoiyo One,Kenya,Western,Eldoret,260,0,0.00%,53,0,0.00%,20.42%,0.00
01/24/2025,61,Bata Kinoiyo One,Kenya,Western,Eldoret,0,169,-100.00%,0,54,-100.00%,0.00%,0.32
03/06/2025,61,Bata Kinoiyo One,Kenya,Western,Eldoret,0,164,-100.00%,0,43,-100.00%,0.00%,0.26
01/26/2025,61,Bata Kinoiyo One,Kenya,Western,Eldoret,0,122,-100.00%,0,32,-100.00%,0.00%,0.26
01/29/2026,61,Bata Kinoiyo One,Kenya,Western,Eldoret,146,0,0.00%,35,0,0.00%,24.05%,0.00
02/07/2025,61,Bata Kinoiyo One,Kenya,Western,Eldoret,0,220,-100.00%,0,67,-100.00%,0.00%,0.30
01/01/2026,61,Bata Kinoiyo One,Kenya,Western,Eldoret,184,0,0.00%,0,0,0.00%,0.00%,0.00
02/10/2025,61,Bata Kinoiyo One,Kenya,Western,Eldoret,0,159,-100.00%,0,40,-100.00%,0.00%,0.25
02/01/2026,61,Bata Kinoiyo One,Kenya,Western,Eldoret,79,0,0.00%,11,0,0.00%,14.01%,0.00
02/09/2025,61,Bata Kinoiyo One,Kenya,Western,Eldoret,0,92,-100.00%,0,22,-100.00%,0.00%,0.24
01/12/2026,61,Bata Kinoiyo One,Kenya,Western,Eldoret,788,0,0.00%,214,0,0.00%,27.17%,0.00
01/31/2025,61,Bata Kinoiyo One,Kenya,Western,Eldoret,0,191,-100.00%,0,69,-100.00%,0.00%,0.36
02/04/2026,61,Bata Kinoiyo One,Kenya,Western,Eldoret,101,0,0.00%,32,0,0.00%,31.84%,0.00
02/15/2025,61,Bata Kinoiyo One,Kenya,Western,Eldoret,0,157,-100.00%,0,39,-100.00%,0.00%,0.25
01/22/2026,61,Bata Kinoiyo One,Kenya,Western,Eldoret,142,0,0.00%,35,0,0.00%,24.65%,0.00
02/17/2025,61,Bata Kinoiyo One,Kenya,Western,Eldoret,0,171,-100.00%,0,41,-100.00%,0.00%,0.24
02/06/2026,61,Bata Kinoiyo One,Kenya,Western,Eldoret,140,0,0.00%,36,0,0.00%,25.81%,0.00
02/16/2025,61,Bata Kinoiyo One,Kenya,Western,Eldoret,0,69,-100.00%,0,15,-100.00%,0.00%,0.22
02/13/2026,61,Bata Kinoiyo One,Kenya,Western,Eldoret,164,0,0.00%,40,0,0.00%,24.39%,0.00
02/03/2025,61,Bata Kinoiyo One,Kenya,Western,Eldoret,0,143,-100.00%,0,41,-100.00%,0.00%,0.29
02/09/2026,61,Bata Kinoiyo One,Kenya,Western,Eldoret,147,0,0.00%,29,0,0.00%,19.73%,0.00
02/18/2025,61,Bata Kinoiyo One,Kenya,Western,Eldoret,0,130,-100.00%,0,34,-100.00%,0.00%,0.26
02/15/2026,61,Bata Kinoiyo One,Kenya,Western,Eldoret,75,0,0.00%,16,0,0.00%,21.48%,0.00
02/20/2025,61,Bata Kinoiyo One,Kenya,Western,Eldoret,0,115,-100.00%,0,38,-100.00%,0.00%,0.33
02/11/2026,61,Bata Kinoiyo One,Kenya,Western,Eldoret,118,0,0.00%,29,0,0.00%,24.68%,0.00
02/19/2025,61,Bata Kinoiyo One,Kenya,Western,Eldoret,0,129,-100.00%,0,28,-100.00%,0.00%,0.22
03/01/2026,61,Bata Kinoiyo One,Kenya,Western,Eldoret,170,0,0.00%,40,0,0.00%,23.60%,0.00
02/11/2025,61,Bata Kinoiyo One,Kenya,Western,Eldoret,0,140,-100.00%,0,38,-100.00%,0.00%,0.27
02/19/2026,61,Bata Kinoiyo One,Kenya,Western,Eldoret,105,0,0.00%,21,0,0.00%,20.10%,0.00
02/23/2025,61,Bata Kinoiyo One,Kenya,Western,Eldoret,0,70,-100.00%,0,15,-100.00%,0.00%,0.21
03/06/2026,61,Bata Kinoiyo One,Kenya,Western,Eldoret,142,0,0.00%,33,0,0.00%,23.24%,0.00
02/26/2025,61,Bata Kinoiyo One,Kenya,Western,Eldoret,0,154,-100.00%,0,53,-100.00%,0.00%,0.34
02/20/2026,61,Bata Kinoiyo One,Kenya,Western,Eldoret,132,0,0.00%,27,0,0.00%,20.45%,0.00
02/27/2025,61,Bata Kinoiyo One,Kenya,Western,Eldoret,0,193,-100.00%,0,48,-100.00%,0.00%,0.25
03/09/2026,61,Bata Kinoiyo One,Kenya,Western,Eldoret,24,0,0.00%,0,0,0.00%,0.00%,0.00
02/14/2025,61,Bata Kinoiyo One,Kenya,Western,Eldoret,0,194,-100.00%,0,45,-100.00%,0.00%,0.23
02/22/2026,61,Bata Kinoiyo One,Kenya,Western,Eldoret,67,0,0.00%,11,0,0.00%,16.54%,0.00
03/03/2025,61,Bata Kinoiyo One,Kenya,Western,Eldoret,0,422,-100.00%,0,169,-100.00%,0.00%,0.40
02/28/2026,61,Bata Kinoiyo One,Kenya,Western,Eldoret,320,0,0.00%,87,0,0.00%,27.19%,0.00
02/28/2025,61,Bata Kinoiyo One,Kenya,Western,Eldoret,0,211,-100.00%,0,73,-100.00%,0.00%,0.35
03/05/2026,61,Bata Kinoiyo One,Kenya,Western,Eldoret,122,0,0.00%,43,0,0.00%,35.39%,0.00
03/02/2025,61,Bata Kinoiyo One,Kenya,Western,Eldoret,0,188,-100.00%,0,66,-100.00%,0.00%,0.35
02/21/2025,61,Bata Kinoiyo One,Kenya,Western,Eldoret,0,155,-100.00%,0,38,-100.00%,0.00%,0.25
03/05/2025,61,Bata Kinoiyo One,Kenya,Western,Eldoret,0,151,-100.00%,0,54,-100.00%,0.00%,0.36
03/08/2025,61,Bata Kinoiyo One,Kenya,Western,Eldoret,0,180,-100.00%,0,66,-100.00%,0.00%,0.37
03/09/2025,61,Bata Kinoiyo One,Kenya,Western,Eldoret,0,82,-100.00%,0,18,-100.00%,0.00%,0.22
02/22/2025,61,Bata Kinoiyo One,Kenya,Western,Eldoret,0,117,-100.00%,0,30,-100.00%,0.00%,0.26
01/04/2026,61,Bata Kinoiyo One,Kenya,Western,Eldoret,521,0,0.00%,133,0,0.00%,25.55%,0.00
01/02/2026,61,Bata Kinoiyo One,Kenya,Western,Eldoret,680,0,0.00%,202,0,0.00%,29.71%,0.00
01/03/2026,61,Bata Kinoiyo One,Kenya,Western,Eldoret,755,0,0.00%,212,0,0.00%,28.08%,0.00
03/01/2025,61,Bata Kinoiyo One,Kenya,Western,Eldoret,0,297,-100.00%,0,85,-100.00%,0.00%,0.29
01/07/2026,61,Bata Kinoiyo One,Kenya,Western,Eldoret,750,0,0.00%,225,0,0.00%,30.00%,0.00
01/18/2026,61,Bata Kinoiyo One,Kenya,Western,Eldoret,139,0,0.00%,35,0,0.00%,25.27%,0.00
01/05/2026,61,Bata Kinoiyo One,Kenya,Western,Eldoret,1308,0,0.00%,363,0,0.00%,27.75%,0.00
01/08/2026,61,Bata Kinoiyo One,Kenya,Western,Eldoret,575,0,0.00%,178,0,0.00%,30.98%,0.00
01/09/2026,61,Bata Kinoiyo One,Kenya,Western,Eldoret,571,0,0.00%,127,0,0.00%,22.24%,0.00
01/20/2026,61,Bata Kinoiyo One,Kenya,Western,Eldoret,163,0,0.00%,43,0,0.00%,26.46%,0.00
01/06/2026,61,Bata Kinoiyo One,Kenya,Western,Eldoret,1114,0,0.00%,358,0,0.00%,32.14%,0.00
01/21/2026,61,Bata Kinoiyo One,Kenya,Western,Eldoret,188,0,0.00%,48,0,0.00%,25.60%,0.00
01/10/2026,61,Bata Kinoiyo One,Kenya,Western,Eldoret,776,0,0.00%,176,0,0.00%,22.68%,0.00
01/25/2026,61,Bata Kinoiyo One,Kenya,Western,Eldoret,118,0,0.00%,27,0,0.00%,22.88%,0.00
01/11/2026,61,Bata Kinoiyo One,Kenya,Western,Eldoret,338,0,0.00%,82,0,0.00%,24.30%,0.00
01/27/2026,61,Bata Kinoiyo One,Kenya,Western,Eldoret,140,0,0.00%,37,0,0.00%,26.52%,0.00
01/15/2026,61,Bata Kinoiyo One,Kenya,Western,Eldoret,340,0,0.00%,77,0,0.00%,22.68%,0.00
02/07/2026,61,Bata Kinoiyo One,Kenya,Western,Eldoret,137,0,0.00%,35,0,0.00%,25.64%,0.00
01/14/2026,61,Bata Kinoiyo One,Kenya,Western,Eldoret,457,0,0.00%,118,0,0.00%,25.85%,0.00
02/03/2026,61,Bata Kinoiyo One,Kenya,Western,Eldoret,151,0,0.00%,35,0,0.00%,23.18%,0.00
01/17/2026,61,Bata Kinoiyo One,Kenya,Western,Eldoret,261,0,0.00%,51,0,0.00%,19.54%,0.00
02/08/2026,61,Bata Kinoiyo One,Kenya,Western,Eldoret,122,0,0.00%,23,0,0.00%,18.93%,0.00
01/19/2026,61,Bata Kinoiyo One,Kenya,Western,Eldoret,266,0,0.00%,61,0,0.00%,22.98%,0.00
02/12/2026,61,Bata Kinoiyo One,Kenya,Western,Eldoret,116,0,0.00%,22,0,0.00%,19.05%,0.00
01/23/2026,61,Bata Kinoiyo One,Kenya,Western,Eldoret,155,0,0.00%,31,0,0.00%,20.00%,0.00
02/10/2026,61,Bata Kinoiyo One,Kenya,Western,Eldoret,134,0,0.00%,35,0,0.00%,26.22%,0.00
01/26/2026,61,Bata Kinoiyo One,Kenya,Western,Eldoret,179,0,0.00%,0,0,0.00%,0.00%,0.00
02/14/2026,61,Bata Kinoiyo One,Kenya,Western,Eldoret,154,0,0.00%,37,0,0.00%,24.10%,0.00
01/28/2026,61,Bata Kinoiyo One,Kenya,Western,Eldoret,143,0,0.00%,26,0,0.00%,18.18%,0.00
02/18/2026,61,Bata Kinoiyo One,Kenya,Western,Eldoret,114,0,0.00%,28,0,0.00%,24.67%,0.00
02/17/2026,61,Bata Kinoiyo One,Kenya,Western,Eldoret,109,0,0.00%,33,0,0.00%,30.41%,0.00
03/08/2026,61,Bata Kinoiyo One,Kenya,Western,Eldoret,67,0,0.00%,15,0,0.00%,22.39%,0.00
01/30/2026,61,Bata Kinoiyo One,Kenya,Western,Eldoret,186,0,0.00%,33,0,0.00%,17.79%,0.00
02/23/2026,61,Bata Kinoiyo One,Kenya,Western,Eldoret,137,0,0.00%,38,0,0.00%,27.74%,0.00
02/25/2026,61,Bata Kinoiyo One,Kenya,Western,Eldoret,126,0,0.00%,37,0,0.00%,29.37%,0.00
02/24/2026,61,Bata Kinoiyo One,Kenya,Western,Eldoret,146,0,0.00%,32,0,0.00%,21.99%,0.00
01/31/2026,61,Bata Kinoiyo One,Kenya,Western,Eldoret,163,0,0.00%,46,0,0.00%,28.22%,0.00
02/27/2026,61,Bata Kinoiyo One,Kenya,Western,Eldoret,170,0,0.00%,61,0,0.00%,35.88%,0.00
02/02/2026,61,Bata Kinoiyo One,Kenya,Western,Eldoret,147,0,0.00%,35,0,0.00%,23.81%,0.00
03/02/2026,61,Bata Kinoiyo One,Kenya,Western,Eldoret,326,0,0.00%,107,0,0.00%,32.82%,0.00
02/05/2026,61,Bata Kinoiyo One,Kenya,Western,Eldoret,133,0,0.00%,28,0,0.00%,21.05%,0.00
03/07/2026,61,Bata Kinoiyo One,Kenya,Western,Eldoret,145,0,0.00%,40,0,0.00%,27.68%,0.00
02/16/2026,61,Bata Kinoiyo One,Kenya,Western,Eldoret,101,0,0.00%,29,0,0.00%,28.71%,0.00
02/21/2026,61,Bata Kinoiyo One,Kenya,Western,Eldoret,103,0,0.00%,22,0,0.00%,21.36%,0.00
02/26/2026,61,Bata Kinoiyo One,Kenya,Western,Eldoret,132,0,0.00%,39,0,0.00%,29.66%,0.00
03/03/2026,61,Bata Kinoiyo One,Kenya,Western,Eldoret,305,0,0.00%,100,0,0.00%,32.79%,0.00
03/04/2026,61,Bata Kinoiyo One,Kenya,Western,Eldoret,168,0,0.00%,56,0,0.00%,33.43%,0.00
01/05/2025,125,Bata Kisii Kiango,Kenya,Nyanza,Kisii,0,991,-100.00%,0,246,-100.00%,0.00%,0.25
01/02/2025,125,Bata Kisii Kiango,Kenya,Nyanza,Kisii,0,939,-100.00%,0,27,-100.00%,0.00%,0.03
01/01/2025,125,Bata Kisii Kiango,Kenya,Nyanza,Kisii,0,365,-100.00%,0,0,0.00%,0.00%,0.00
01/04/2025,125,Bata Kisii Kiango,Kenya,Nyanza,Kisii,0,1006,-100.00%,0,262,-100.00%,0.00%,0.26
01/06/2025,125,Bata Kisii Kiango,Kenya,Nyanza,Kisii,0,1584,-100.00%,0,388,-100.00%,0.00%,0.24
01/03/2025,125,Bata Kisii Kiango,Kenya,Nyanza,Kisii,0,1016,-100.00%,0,250,-100.00%,0.00%,0.25
01/07/2025,125,Bata Kisii Kiango,Kenya,Nyanza,Kisii,0,1079,-100.00%,0,300,-100.00%,0.00%,0.28
01/24/2025,125,Bata Kisii Kiango,Kenya,Nyanza,Kisii,0,252,-100.00%,0,44,-100.00%,0.00%,0.17
01/08/2025,125,Bata Kisii Kiango,Kenya,Nyanza,Kisii,0,777,-100.00%,0,222,-100.00%,0.00%,0.29
01/09/2025,125,Bata Kisii Kiango,Kenya,Nyanza,Kisii,0,603,-100.00%,0,147,-100.00%,0.00%,0.24
01/10/2025,125,Bata Kisii Kiango,Kenya,Nyanza,Kisii,0,520,-100.00%,0,113,-100.00%,0.00%,0.22
01/31/2025,125,Bata Kisii Kiango,Kenya,Nyanza,Kisii,0,244,-100.00%,0,54,-100.00%,0.00%,0.22
01/21/2025,125,Bata Kisii Kiango,Kenya,Nyanza,Kisii,0,363,-100.00%,0,56,-100.00%,0.00%,0.15
01/11/2025,125,Bata Kisii Kiango,Kenya,Nyanza,Kisii,0,590,-100.00%,0,148,-100.00%,0.00%,0.25
01/12/2025,125,Bata Kisii Kiango,Kenya,Nyanza,Kisii,0,450,-100.00%,0,152,-100.00%,0.00%,0.34
01/27/2025,125,Bata Kisii Kiango,Kenya,Nyanza,Kisii,0,217,-100.00%,0,0,0.00%,0.00%,0.00
01/26/2025,125,Bata Kisii Kiango,Kenya,Nyanza,Kisii,0,176,-100.00%,0,46,-100.00%,0.00%,0.26
01/17/2025,125,Bata Kisii Kiango,Kenya,Nyanza,Kisii,0,219,-100.00%,0,57,-100.00%,0.00%,0.26
01/14/2025,125,Bata Kisii Kiango,Kenya,Nyanza,Kisii,0,323,-100.00%,0,93,-100.00%,0.00%,0.29
02/02/2025,125,Bata Kisii Kiango,Kenya,Nyanza,Kisii,0,282,-100.00%,0,56,-100.00%,0.00%,0.20
01/29/2025,125,Bata Kisii Kiango,Kenya,Nyanza,Kisii,0,231,-100.00%,0,55,-100.00%,0.00%,0.24
01/13/2025,125,Bata Kisii Kiango,Kenya,Nyanza,Kisii,0,446,-100.00%,0,125,-100.00%,0.00%,0.28
01/15/2025,125,Bata Kisii Kiango,Kenya,Nyanza,Kisii,0,283,-100.00%,0,69,-100.00%,0.00%,0.24
02/03/2025,125,Bata Kisii Kiango,Kenya,Nyanza,Kisii,0,252,-100.00%,0,48,-100.00%,0.00%,0.19
02/01/2025,125,Bata Kisii Kiango,Kenya,Nyanza,Kisii,0,435,-100.00%,0,72,-100.00%,0.00%,0.17
01/20/2025,125,Bata Kisii Kiango,Kenya,Nyanza,Kisii,0,280,-100.00%,0,60,-100.00%,0.00%,0.21
01/22/2025,125,Bata Kisii Kiango,Kenya,Nyanza,Kisii,0,216,-100.00%,0,53,-100.00%,0.00%,0.25
02/08/2025,125,Bata Kisii Kiango,Kenya,Nyanza,Kisii,0,205,-100.00%,0,45,-100.00%,0.00%,0.22
02/04/2025,125,Bata Kisii Kiango,Kenya,Nyanza,Kisii,0,255,-100.00%,0,47,-100.00%,0.00%,0.18
01/16/2025,125,Bata Kisii Kiango,Kenya,Nyanza,Kisii,0,322,-100.00%,0,59,-100.00%,0.00%,0.18
01/25/2025,125,Bata Kisii Kiango,Kenya,Nyanza,Kisii,0,243,-100.00%,0,55,-100.00%,0.00%,0.23
02/06/2025,125,Bata Kisii Kiango,Kenya,Nyanza,Kisii,0,241,-100.00%,0,45,-100.00%,0.00%,0.19
02/14/2025,125,Bata Kisii Kiango,Kenya,Nyanza,Kisii,0,287,-100.00%,0,61,-100.00%,0.00%,0.21
01/23/2025,125,Bata Kisii Kiango,Kenya,Nyanza,Kisii,0,253,-100.00%,0,58,-100.00%,0.00%,0.23
02/05/2025,125,Bata Kisii Kiango,Kenya,Nyanza,Kisii,0,227,-100.00%,0,43,-100.00%,0.00%,0.19
02/21/2025,125,Bata Kisii Kiango,Kenya,Nyanza,Kisii,0,241,-100.00%,0,24,-100.00%,0.00%,0.10
02/17/2025,125,Bata Kisii Kiango,Kenya,Nyanza,Kisii,0,205,-100.00%,0,34,-100.00%,0.00%,0.17
01/18/2025,125,Bata Kisii Kiango,Kenya,Nyanza,Kisii,0,330,-100.00%,0,92,-100.00%,0.00%,0.28
02/07/2025,125,Bata Kisii Kiango,Kenya,Nyanza,Kisii,0,281,-100.00%,0,59,-100.00%,0.00%,0.21
02/09/2025,125,Bata Kisii Kiango,Kenya,Nyanza,Kisii,0,139,-100.00%,0,20,-100.00%,0.00%,0.14
02/25/2025,125,Bata Kisii Kiango,Kenya,Nyanza,Kisii,0,191,-100.00%,0,33,-100.00%,0.00%,0.17
01/28/2025,125,Bata Kisii Kiango,Kenya,Nyanza,Kisii,0,224,-100.00%,0,60,-100.00%,0.00%,0.27
02/13/2025,125,Bata Kisii Kiango,Kenya,Nyanza,Kisii,0,354,-100.00%,0,45,-100.00%,0.00%,0.13
03/03/2025,125,Bata Kisii Kiango,Kenya,Nyanza,Kisii,0,552,-100.00%,0,157,-100.00%,0.00%,0.28
02/28/2025,125,Bata Kisii Kiango,Kenya,Nyanza,Kisii,0,364,-100.00%,0,88,-100.00%,0.00%,0.24
01/19/2025,125,Bata Kisii Kiango,Kenya,Nyanza,Kisii,0,244,-100.00%,0,49,-100.00%,0.00%,0.20
02/23/2025,125,Bata Kisii Kiango,Kenya,Nyanza,Kisii,0,169,-100.00%,0,18,-100.00%,0.00%,0.11
02/12/2025,125,Bata Kisii Kiango,Kenya,Nyanza,Kisii,0,287,-100.00%,0,44,-100.00%,0.00%,0.15
03/05/2025,125,Bata Kisii Kiango,Kenya,Nyanza,Kisii,0,289,-100.00%,0,48,-100.00%,0.00%,0.17
01/30/2025,125,Bata Kisii Kiango,Kenya,Nyanza,Kisii,0,316,-100.00%,0,50,-100.00%,0.00%,0.16
02/24/2025,125,Bata Kisii Kiango,Kenya,Nyanza,Kisii,0,210,-100.00%,0,22,-100.00%,0.00%,0.10
03/06/2025,125,Bata Kisii Kiango,Kenya,Nyanza,Kisii,0,270,-100.00%,0,50,-100.00%,0.00%,0.19
01/06/2026,125,Bata Kisii Kiango,Kenya,Nyanza,Kisii,1207,0,0.00%,292,0,0.00%,24.19%,0.00
02/11/2025,125,Bata Kisii Kiango,Kenya,Nyanza,Kisii,0,281,-100.00%,0,45,-100.00%,0.00%,0.16
03/01/2025,125,Bata Kisii Kiango,Kenya,Nyanza,Kisii,0,341,-100.00%,0,90,-100.00%,0.00%,0.26
03/02/2025,125,Bata Kisii Kiango,Kenya,Nyanza,Kisii,0,411,-100.00%,0,82,-100.00%,0.00%,0.20
01/11/2026,125,Bata Kisii Kiango,Kenya,Nyanza,Kisii,828,0,0.00%,211,0,0.00%,25.48%,0.00
02/10/2025,125,Bata Kisii Kiango,Kenya,Nyanza,Kisii,0,225,-100.00%,0,54,-100.00%,0.00%,0.24
03/09/2025,125,Bata Kisii Kiango,Kenya,Nyanza,Kisii,0,169,-100.00%,0,33,-100.00%,0.00%,0.20
03/08/2025,125,Bata Kisii Kiango,Kenya,Nyanza,Kisii,0,244,-100.00%,0,49,-100.00%,0.00%,0.20
01/16/2026,125,Bata Kisii Kiango,Kenya,Nyanza,Kisii,394,0,0.00%,69,0,0.00%,17.53%,0.00
02/19/2025,125,Bata Kisii Kiango,Kenya,Nyanza,Kisii,0,217,-100.00%,0,40,-100.00%,0.00%,0.18
01/04/2026,125,Bata Kisii Kiango,Kenya,Nyanza,Kisii,966,0,0.00%,200,0,0.00%,20.70%,0.00
03/04/2025,125,Bata Kisii Kiango,Kenya,Nyanza,Kisii,0,436,-100.00%,0,107,-100.00%,0.00%,0.25
01/17/2026,125,Bata Kisii Kiango,Kenya,Nyanza,Kisii,359,0,0.00%,69,0,0.00%,19.22%,0.00
02/15/2025,125,Bata Kisii Kiango,Kenya,Nyanza,Kisii,0,260,-100.00%,0,65,-100.00%,0.00%,0.25
01/05/2026,125,Bata Kisii Kiango,Kenya,Nyanza,Kisii,1506,0,0.00%,391,0,0.00%,25.97%,0.00
01/02/2026,125,Bata Kisii Kiango,Kenya,Nyanza,Kisii,1199,0,0.00%,303,0,0.00%,25.28%,0.00
01/19/2026,125,Bata Kisii Kiango,Kenya,Nyanza,Kisii,335,0,0.00%,67,0,0.00%,20.03%,0.00
02/20/2025,125,Bata Kisii Kiango,Kenya,Nyanza,Kisii,0,220,-100.00%,0,45,-100.00%,0.00%,0.20
01/12/2026,125,Bata Kisii Kiango,Kenya,Nyanza,Kisii,1115,0,0.00%,123,0,0.00%,11.04%,0.00
01/03/2026,125,Bata Kisii Kiango,Kenya,Nyanza,Kisii,1072,0,0.00%,275,0,0.00%,25.65%,0.00
01/22/2026,125,Bata Kisii Kiango,Kenya,Nyanza,Kisii,266,0,0.00%,51,0,0.00%,19.17%,0.00
02/16/2025,125,Bata Kisii Kiango,Kenya,Nyanza,Kisii,0,187,-100.00%,0,26,-100.00%,0.00%,0.14
01/13/2026,125,Bata Kisii Kiango,Kenya,Nyanza,Kisii,679,0,0.00%,147,0,0.00%,21.65%,0.00
01/07/2026,125,Bata Kisii Kiango,Kenya,Nyanza,Kisii,1132,0,0.00%,278,0,0.00%,24.57%,0.00
01/27/2026,125,Bata Kisii Kiango,Kenya,Nyanza,Kisii,227,0,0.00%,46,0,0.00%,20.31%,0.00
02/22/2025,125,Bata Kisii Kiango,Kenya,Nyanza,Kisii,0,229,-100.00%,0,45,-100.00%,0.00%,0.20
01/18/2026,125,Bata Kisii Kiango,Kenya,Nyanza,Kisii,266,0,0.00%,76,0,0.00%,28.63%,0.00
01/08/2026,125,Bata Kisii Kiango,Kenya,Nyanza,Kisii,915,0,0.00%,251,0,0.00%,27.45%,0.00
01/30/2026,125,Bata Kisii Kiango,Kenya,Nyanza,Kisii,237,0,0.00%,41,0,0.00%,17.34%,0.00
02/18/2025,125,Bata Kisii Kiango,Kenya,Nyanza,Kisii,0,271,-100.00%,0,44,-100.00%,0.00%,0.16
01/20/2026,125,Bata Kisii Kiango,Kenya,Nyanza,Kisii,261,0,0.00%,42,0,0.00%,16.12%,0.00
01/29/2026,125,Bata Kisii Kiango,Kenya,Nyanza,Kisii,240,0,0.00%,35,0,0.00%,14.61%,0.00
02/09/2026,125,Bata Kisii Kiango,Kenya,Nyanza,Kisii,221,0,0.00%,25,0,0.00%,11.31%,0.00
02/27/2025,125,Bata Kisii Kiango,Kenya,Nyanza,Kisii,0,407,-100.00%,0,84,-100.00%,0.00%,0.21
01/23/2026,125,Bata Kisii Kiango,Kenya,Nyanza,Kisii,330,0,0.00%,45,0,0.00%,13.64%,0.00
01/09/2026,125,Bata Kisii Kiango,Kenya,Nyanza,Kisii,753,0,0.00%,211,0,0.00%,28.02%,0.00
02/15/2026,125,Bata Kisii Kiango,Kenya,Nyanza,Kisii,122,0,0.00%,27,0,0.00%,22.22%,0.00
02/26/2025,125,Bata Kisii Kiango,Kenya,Nyanza,Kisii,0,272,-100.00%,0,58,-100.00%,0.00%,0.21
02/19/2026,125,Bata Kisii Kiango,Kenya,Nyanza,Kisii,174,0,0.00%,41,0,0.00%,23.56%,0.00
01/31/2026,125,Bata Kisii Kiango,Kenya,Nyanza,Kisii,286,0,0.00%,66,0,0.00%,23.08%,0.00
03/08/2026,125,Bata Kisii Kiango,Kenya,Nyanza,Kisii,265,0,0.00%,36,0,0.00%,13.58%,0.00
03/07/2025,125,Bata Kisii Kiango,Kenya,Nyanza,Kisii,0,213,-100.00%,0,50,-100.00%,0.00%,0.23
02/24/2026,125,Bata Kisii Kiango,Kenya,Nyanza,Kisii,315,0,0.00%,46,0,0.00%,14.63%,0.00
01/24/2026,125,Bata Kisii Kiango,Kenya,Nyanza,Kisii,342,0,0.00%,69,0,0.00%,20.20%,0.00
02/26/2026,125,Bata Kisii Kiango,Kenya,Nyanza,Kisii,397,0,0.00%,82,0,0.00%,20.65%,0.00
01/10/2026,125,Bata Kisii Kiango,Kenya,Nyanza,Kisii,1001,0,0.00%,235,0,0.00%,23.49%,0.00
03/07/2026,125,Bata Kisii Kiango,Kenya,Nyanza,Kisii,338,0,0.00%,62,0,0.00%,18.34%,0.00
02/05/2026,125,Bata Kisii Kiango,Kenya,Nyanza,Kisii,199,0,0.00%,39,0,0.00%,19.60%,0.00
01/01/2026,125,Bata Kisii Kiango,Kenya,Nyanza,Kisii,382,0,0.00%,12,0,0.00%,3.14%,0.00
02/02/2026,125,Bata Kisii Kiango,Kenya,Nyanza,Kisii,257,0,0.00%,41,0,0.00%,15.98%,0.00
01/15/2026,125,Bata Kisii Kiango,Kenya,Nyanza,Kisii,508,0,0.00%,108,0,0.00%,21.26%,0.00
02/08/2026,125,Bata Kisii Kiango,Kenya,Nyanza,Kisii,160,0,0.00%,27,0,0.00%,16.88%,0.00
01/14/2026,125,Bata Kisii Kiango,Kenya,Nyanza,Kisii,578,0,0.00%,130,0,0.00%,22.49%,0.00
02/06/2026,125,Bata Kisii Kiango,Kenya,Nyanza,Kisii,268,0,0.00%,39,0,0.00%,14.55%,0.00
01/21/2026,125,Bata Kisii Kiango,Kenya,Nyanza,Kisii,285,0,0.00%,45,0,0.00%,15.82%,0.00
02/10/2026,125,Bata Kisii Kiango,Kenya,Nyanza,Kisii,199,0,0.00%,45,0,0.00%,22.67%,0.00
01/25/2026,125,Bata Kisii Kiango,Kenya,Nyanza,Kisii,241,0,0.00%,37,0,0.00%,15.38%,0.00
02/12/2026,125,Bata Kisii Kiango,Kenya,Nyanza,Kisii,190,0,0.00%,45,0,0.00%,23.68%,0.00
01/26/2026,125,Bata Kisii Kiango,Kenya,Nyanza,Kisii,254,0,0.00%,0,0,0.00%,0.00%,0.00
02/11/2026,125,Bata Kisii Kiango,Kenya,Nyanza,Kisii,271,0,0.00%,54,0,0.00%,19.96%,0.00
02/01/2026,125,Bata Kisii Kiango,Kenya,Nyanza,Kisii,137,0,0.00%,27,0,0.00%,19.78%,0.00
02/17/2026,125,Bata Kisii Kiango,Kenya,Nyanza,Kisii,157,0,0.00%,36,0,0.00%,22.93%,0.00
01/28/2026,125,Bata Kisii Kiango,Kenya,Nyanza,Kisii,203,0,0.00%,37,0,0.00%,18.23%,0.00
02/13/2026,125,Bata Kisii Kiango,Kenya,Nyanza,Kisii,223,0,0.00%,50,0,0.00%,22.47%,0.00
02/04/2026,125,Bata Kisii Kiango,Kenya,Nyanza,Kisii,220,0,0.00%,43,0,0.00%,19.59%,0.00
02/20/2026,125,Bata Kisii Kiango,Kenya,Nyanza,Kisii,201,0,0.00%,35,0,0.00%,17.46%,0.00
02/03/2026,125,Bata Kisii Kiango,Kenya,Nyanza,Kisii,215,0,0.00%,45,0,0.00%,20.93%,0.00
02/18/2026,125,Bata Kisii Kiango,Kenya,Nyanza,Kisii,148,0,0.00%,23,0,0.00%,15.59%,0.00
02/07/2026,125,Bata Kisii Kiango,Kenya,Nyanza,Kisii,283,0,0.00%,38,0,0.00%,13.45%,0.00
02/22/2026,125,Bata Kisii Kiango,Kenya,Nyanza,Kisii,238,0,0.00%,22,0,0.00%,9.26%,0.00
02/16/2026,125,Bata Kisii Kiango,Kenya,Nyanza,Kisii,200,0,0.00%,25,0,0.00%,12.50%,0.00
03/04/2026,125,Bata Kisii Kiango,Kenya,Nyanza,Kisii,277,0,0.00%,74,0,0.00%,26.71%,0.00
02/14/2026,125,Bata Kisii Kiango,Kenya,Nyanza,Kisii,142,0,0.00%,27,0,0.00%,19.08%,0.00
02/25/2026,125,Bata Kisii Kiango,Kenya,Nyanza,Kisii,276,0,0.00%,38,0,0.00%,13.79%,0.00
02/21/2026,125,Bata Kisii Kiango,Kenya,Nyanza,Kisii,267,0,0.00%,34,0,0.00%,12.76%,0.00
03/09/2026,125,Bata Kisii Kiango,Kenya,Nyanza,Kisii,52,0,0.00%,0,0,0.00%,0.00%,0.00
02/23/2026,125,Bata Kisii Kiango,Kenya,Nyanza,Kisii,111,0,0.00%,3,0,0.00%,2.71%,0.00
02/28/2026,125,Bata Kisii Kiango,Kenya,Nyanza,Kisii,472,0,0.00%,75,0,0.00%,15.91%,0.00
02/27/2026,125,Bata Kisii Kiango,Kenya,Nyanza,Kisii,463,0,0.00%,80,0,0.00%,17.30%,0.00
03/02/2026,125,Bata Kisii Kiango,Kenya,Nyanza,Kisii,637,0,0.00%,173,0,0.00%,27.18%,0.00
03/05/2026,125,Bata Kisii Kiango,Kenya,Nyanza,Kisii,249,0,0.00%,55,0,0.00%,22.13%,0.00
03/03/2026,125,Bata Kisii Kiango,Kenya,Nyanza,Kisii,468,0,0.00%,129,0,0.00%,27.56%,0.00
03/01/2026,125,Bata Kisii Kiango,Kenya,Nyanza,Kisii,459,0,0.00%,104,0,0.00%,22.66%,0.00
03/06/2026,125,Bata Kisii Kiango,Kenya,Nyanza,Kisii,290,0,0.00%,52,0,0.00%,17.93%,0.00
01/05/2025,132,Bata Kisumu One,Kenya,Nyanza,Kisumu,0,409,-100.00%,0,173,-100.00%,0.00%,0.42
01/03/2025,132,Bata Kisumu One,Kenya,Nyanza,Kisumu,0,573,-100.00%,0,221,-100.00%,0.00%,0.39
01/12/2025,132,Bata Kisumu One,Kenya,Nyanza,Kisumu,0,184,-100.00%,0,41,-100.00%,0.00%,0.22
01/08/2025,132,Bata Kisumu One,Kenya,Nyanza,Kisumu,0,392,-100.00%,0,124,-100.00%,0.00%,0.32
01/13/2025,132,Bata Kisumu One,Kenya,Nyanza,Kisumu,0,205,-100.00%,0,62,-100.00%,0.00%,0.30
01/02/2025,132,Bata Kisumu One,Kenya,Nyanza,Kisumu,0,438,-100.00%,0,56,-100.00%,0.00%,0.13
01/20/2025,132,Bata Kisumu One,Kenya,Nyanza,Kisumu,0,134,-100.00%,0,29,-100.00%,0.00%,0.22
01/01/2025,132,Bata Kisumu One,Kenya,Nyanza,Kisumu,0,163,-100.00%,0,0,0.00%,0.00%,0.00
01/16/2025,132,Bata Kisumu One,Kenya,Nyanza,Kisumu,0,169,-100.00%,0,23,-100.00%,0.00%,0.14
01/04/2025,132,Bata Kisumu One,Kenya,Nyanza,Kisumu,0,569,-100.00%,0,204,-100.00%,0.00%,0.36
01/22/2025,132,Bata Kisumu One,Kenya,Nyanza,Kisumu,0,144,-100.00%,0,27,-100.00%,0.00%,0.19
01/15/2025,132,Bata Kisumu One,Kenya,Nyanza,Kisumu,0,171,-100.00%,0,43,-100.00%,0.00%,0.25
01/21/2025,132,Bata Kisumu One,Kenya,Nyanza,Kisumu,0,119,-100.00%,0,21,-100.00%,0.00%,0.18
01/07/2025,132,Bata Kisumu One,Kenya,Nyanza,Kisumu,0,630,-100.00%,0,260,-100.00%,0.00%,0.41
01/25/2025,132,Bata Kisumu One,Kenya,Nyanza,Kisumu,0,189,-100.00%,0,58,-100.00%,0.00%,0.31
01/11/2025,132,Bata Kisumu One,Kenya,Nyanza,Kisumu,0,334,-100.00%,0,81,-100.00%,0.00%,0.24
01/24/2025,132,Bata Kisumu One,Kenya,Nyanza,Kisumu,0,149,-100.00%,0,27,-100.00%,0.00%,0.18
01/06/2025,132,Bata Kisumu One,Kenya,Nyanza,Kisumu,0,738,-100.00%,0,314,-100.00%,0.00%,0.43
01/28/2025,132,Bata Kisumu One,Kenya,Nyanza,Kisumu,0,203,-100.00%,0,38,-100.00%,0.00%,0.19
01/26/2025,132,Bata Kisumu One,Kenya,Nyanza,Kisumu,0,86,-100.00%,0,15,-100.00%,0.00%,0.17
02/03/2025,132,Bata Kisumu One,Kenya,Nyanza,Kisumu,0,168,-100.00%,0,31,-100.00%,0.00%,0.18
01/10/2025,132,Bata Kisumu One,Kenya,Nyanza,Kisumu,0,219,-100.00%,0,73,-100.00%,0.00%,0.33
02/02/2025,132,Bata Kisumu One,Kenya,Nyanza,Kisumu,0,82,-100.00%,0,15,-100.00%,0.00%,0.18
01/14/2025,132,Bata Kisumu One,Kenya,Nyanza,Kisumu,0,234,-100.00%,0,71,-100.00%,0.00%,0.30
02/06/2025,132,Bata Kisumu One,Kenya,Nyanza,Kisumu,0,163,-100.00%,0,34,-100.00%,0.00%,0.21
01/09/2025,132,Bata Kisumu One,Kenya,Nyanza,Kisumu,0,269,-100.00%,0,86,-100.00%,0.00%,0.32
02/10/2025,132,Bata Kisumu One,Kenya,Nyanza,Kisumu,0,155,-100.00%,0,17,-100.00%,0.00%,0.11
01/31/2025,132,Bata Kisumu One,Kenya,Nyanza,Kisumu,0,131,-100.00%,0,28,-100.00%,0.00%,0.21
02/08/2025,132,Bata Kisumu One,Kenya,Nyanza,Kisumu,0,156,-100.00%,0,40,-100.00%,0.00%,0.26
01/18/2025,132,Bata Kisumu One,Kenya,Nyanza,Kisumu,0,202,-100.00%,0,63,-100.00%,0.00%,0.31
02/15/2025,132,Bata Kisumu One,Kenya,Nyanza,Kisumu,0,139,-100.00%,0,32,-100.00%,0.00%,0.23
01/17/2025,132,Bata Kisumu One,Kenya,Nyanza,Kisumu,0,150,-100.00%,0,28,-100.00%,0.00%,0.19
02/09/2025,132,Bata Kisumu One,Kenya,Nyanza,Kisumu,0,66,-100.00%,0,11,-100.00%,0.00%,0.17
01/19/2025,132,Bata Kisumu One,Kenya,Nyanza,Kisumu,0,75,-100.00%,0,25,-100.00%,0.00%,0.33
02/20/2025,132,Bata Kisumu One,Kenya,Nyanza,Kisumu,0,163,-100.00%,0,24,-100.00%,0.00%,0.15
02/11/2025,132,Bata Kisumu One,Kenya,Nyanza,Kisumu,0,165,-100.00%,0,29,-100.00%,0.00%,0.18
02/14/2025,132,Bata Kisumu One,Kenya,Nyanza,Kisumu,0,171,-100.00%,0,33,-100.00%,0.00%,0.19
01/23/2025,132,Bata Kisumu One,Kenya,Nyanza,Kisumu,0,107,-100.00%,0,23,-100.00%,0.00%,0.21
02/23/2025,132,Bata Kisumu One,Kenya,Nyanza,Kisumu,0,61,-100.00%,0,7,-100.00%,0.00%,0.11
02/04/2025,132,Bata Kisumu One,Kenya,Nyanza,Kisumu,0,171,-100.00%,0,32,-100.00%,0.00%,0.19
02/16/2025,132,Bata Kisumu One,Kenya,Nyanza,Kisumu,0,67,-100.00%,0,10,-100.00%,0.00%,0.15
01/27/2025,132,Bata Kisumu One,Kenya,Nyanza,Kisumu,0,129,-100.00%,0,6,-100.00%,0.00%,0.05
03/05/2025,132,Bata Kisumu One,Kenya,Nyanza,Kisumu,0,147,-100.00%,0,34,-100.00%,0.00%,0.23
02/21/2025,132,Bata Kisumu One,Kenya,Nyanza,Kisumu,0,124,-100.00%,0,24,-100.00%,0.00%,0.19
02/19/2025,132,Bata Kisumu One,Kenya,Nyanza,Kisumu,0,126,-100.00%,0,19,-100.00%,0.00%,0.15
01/29/2025,132,Bata Kisumu One,Kenya,Nyanza,Kisumu,0,176,-100.00%,0,49,-100.00%,0.00%,0.28
01/09/2026,132,Bata Kisumu One,Kenya,Nyanza,Kisumu,558,0,0.00%,181,0,0.00%,32.47%,0.00
02/05/2025,132,Bata Kisumu One,Kenya,Nyanza,Kisumu,0,152,-100.00%,0,22,-100.00%,0.00%,0.14
03/01/2025,132,Bata Kisumu One,Kenya,Nyanza,Kisumu,0,228,-100.00%,0,50,-100.00%,0.00%,0.22
01/30/2025,132,Bata Kisumu One,Kenya,Nyanza,Kisumu,0,147,-100.00%,0,35,-100.00%,0.00%,0.24
01/12/2026,132,Bata Kisumu One,Kenya,Nyanza,Kisumu,431,0,0.00%,133,0,0.00%,30.86%,0.00
02/24/2025,132,Bata Kisumu One,Kenya,Nyanza,Kisumu,0,158,-100.00%,0,26,-100.00%,0.00%,0.16
03/04/2025,132,Bata Kisumu One,Kenya,Nyanza,Kisumu,0,175,-100.00%,0,51,-100.00%,0.00%,0.29
02/01/2025,132,Bata Kisumu One,Kenya,Nyanza,Kisumu,0,201,-100.00%,0,50,-100.00%,0.00%,0.25
01/15/2026,132,Bata Kisumu One,Kenya,Nyanza,Kisumu,297,0,0.00%,73,0,0.00%,24.62%,0.00
02/07/2025,132,Bata Kisumu One,Kenya,Nyanza,Kisumu,0,137,-100.00%,0,24,-100.00%,0.00%,0.18
03/09/2025,132,Bata Kisumu One,Kenya,Nyanza,Kisumu,0,75,-100.00%,0,17,-100.00%,0.00%,0.23
02/12/2025,132,Bata Kisumu One,Kenya,Nyanza,Kisumu,0,187,-100.00%,0,31,-100.00%,0.00%,0.17
01/20/2026,132,Bata Kisumu One,Kenya,Nyanza,Kisumu,172,0,0.00%,31,0,0.00%,18.02%,0.00
03/07/2025,132,Bata Kisumu One,Kenya,Nyanza,Kisumu,0,127,-100.00%,0,19,-100.00%,0.00%,0.15
01/03/2026,132,Bata Kisumu One,Kenya,Nyanza,Kisumu,561,0,0.00%,161,0,0.00%,28.70%,0.00
02/22/2025,132,Bata Kisumu One,Kenya,Nyanza,Kisumu,0,115,-100.00%,0,22,-100.00%,0.00%,0.19
01/25/2026,132,Bata Kisumu One,Kenya,Nyanza,Kisumu,97,0,0.00%,19,0,0.00%,19.59%,0.00
02/13/2025,132,Bata Kisumu One,Kenya,Nyanza,Kisumu,0,143,-100.00%,0,25,-100.00%,0.00%,0.17
01/16/2026,132,Bata Kisumu One,Kenya,Nyanza,Kisumu,233,0,0.00%,53,0,0.00%,22.80%,0.00
02/17/2025,132,Bata Kisumu One,Kenya,Nyanza,Kisumu,0,174,-100.00%,0,20,-100.00%,0.00%,0.11
01/31/2026,132,Bata Kisumu One,Kenya,Nyanza,Kisumu,156,0,0.00%,33,0,0.00%,21.22%,0.00
01/05/2026,132,Bata Kisumu One,Kenya,Nyanza,Kisumu,743,0,0.00%,223,0,0.00%,30.01%,0.00
02/01/2026,132,Bata Kisumu One,Kenya,Nyanza,Kisumu,78,0,0.00%,8,0,0.00%,10.32%,0.00
02/27/2025,132,Bata Kisumu One,Kenya,Nyanza,Kisumu,0,182,-100.00%,0,38,-100.00%,0.00%,0.21
02/05/2026,132,Bata Kisumu One,Kenya,Nyanza,Kisumu,137,0,0.00%,12,0,0.00%,8.79%,0.00
02/18/2025,132,Bata Kisumu One,Kenya,Nyanza,Kisumu,0,159,-100.00%,0,34,-100.00%,0.00%,0.21
02/03/2026,132,Bata Kisumu One,Kenya,Nyanza,Kisumu,126,0,0.00%,21,0,0.00%,16.73%,0.00
02/25/2025,132,Bata Kisumu One,Kenya,Nyanza,Kisumu,0,128,-100.00%,0,27,-100.00%,0.00%,0.21
02/07/2026,132,Bata Kisumu One,Kenya,Nyanza,Kisumu,145,0,0.00%,34,0,0.00%,23.53%,0.00
01/06/2026,132,Bata Kisumu One,Kenya,Nyanza,Kisumu,239,0,0.00%,214,0,0.00%,89.54%,0.00
02/17/2026,132,Bata Kisumu One,Kenya,Nyanza,Kisumu,100,0,0.00%,12,0,0.00%,12.00%,0.00
03/02/2025,132,Bata Kisumu One,Kenya,Nyanza,Kisumu,0,173,-100.00%,0,43,-100.00%,0.00%,0.25
02/08/2026,132,Bata Kisumu One,Kenya,Nyanza,Kisumu,75,0,0.00%,11,0,0.00%,14.77%,0.00
02/28/2025,132,Bata Kisumu One,Kenya,Nyanza,Kisumu,0,228,-100.00%,0,63,-100.00%,0.00%,0.28
02/20/2026,132,Bata Kisumu One,Kenya,Nyanza,Kisumu,119,0,0.00%,19,0,0.00%,16.03%,0.00
02/26/2025,132,Bata Kisumu One,Kenya,Nyanza,Kisumu,0,164,-100.00%,0,31,-100.00%,0.00%,0.19
02/10/2026,132,Bata Kisumu One,Kenya,Nyanza,Kisumu,122,0,0.00%,22,0,0.00%,18.03%,0.00
01/13/2026,132,Bata Kisumu One,Kenya,Nyanza,Kisumu,451,0,0.00%,136,0,0.00%,30.16%,0.00
02/22/2026,132,Bata Kisumu One,Kenya,Nyanza,Kisumu,73,0,0.00%,10,0,0.00%,13.70%,0.00
01/08/2026,132,Bata Kisumu One,Kenya,Nyanza,Kisumu,358,0,0.00%,132,0,0.00%,36.87%,0.00
02/16/2026,132,Bata Kisumu One,Kenya,Nyanza,Kisumu,124,0,0.00%,20,0,0.00%,16.19%,0.00
03/08/2025,132,Bata Kisumu One,Kenya,Nyanza,Kisumu,0,133,-100.00%,0,29,-100.00%,0.00%,0.22
02/28/2026,132,Bata Kisumu One,Kenya,Nyanza,Kisumu,264,0,0.00%,45,0,0.00%,17.08%,0.00
03/03/2025,132,Bata Kisumu One,Kenya,Nyanza,Kisumu,0,233,-100.00%,0,56,-100.00%,0.00%,0.24
02/18/2026,132,Bata Kisumu One,Kenya,Nyanza,Kisumu,121,0,0.00%,14,0,0.00%,11.62%,0.00
01/14/2026,132,Bata Kisumu One,Kenya,Nyanza,Kisumu,358,0,0.00%,98,0,0.00%,27.37%,0.00
03/05/2026,132,Bata Kisumu One,Kenya,Nyanza,Kisumu,121,0,0.00%,15,0,0.00%,12.45%,0.00
01/11/2026,132,Bata Kisumu One,Kenya,Nyanza,Kisumu,234,0,0.00%,82,0,0.00%,35.12%,0.00
02/21/2026,132,Bata Kisumu One,Kenya,Nyanza,Kisumu,97,0,0.00%,21,0,0.00%,21.65%,0.00
01/17/2026,132,Bata Kisumu One,Kenya,Nyanza,Kisumu,252,0,0.00%,60,0,0.00%,23.81%,0.00
03/07/2026,132,Bata Kisumu One,Kenya,Nyanza,Kisumu,163,0,0.00%,0,0,0.00%,0.00%,0.00
03/06/2025,132,Bata Kisumu One,Kenya,Nyanza,Kisumu,0,170,-100.00%,0,37,-100.00%,0.00%,0.22
02/24/2026,132,Bata Kisumu One,Kenya,Nyanza,Kisumu,129,0,0.00%,19,0,0.00%,14.73%,0.00
01/21/2026,132,Bata Kisumu One,Kenya,Nyanza,Kisumu,161,0,0.00%,27,0,0.00%,16.82%,0.00
03/08/2026,132,Bata Kisumu One,Kenya,Nyanza,Kisumu,82,0,0.00%,0,0,0.00%,0.00%,0.00
01/19/2026,132,Bata Kisumu One,Kenya,Nyanza,Kisumu,234,0,0.00%,43,0,0.00%,18.38%,0.00
03/04/2026,132,Bata Kisumu One,Kenya,Nyanza,Kisumu,111,0,0.00%,25,0,0.00%,22.62%,0.00
01/18/2026,132,Bata Kisumu One,Kenya,Nyanza,Kisumu,138,0,0.00%,27,0,0.00%,19.64%,0.00
03/09/2026,132,Bata Kisumu One,Kenya,Nyanza,Kisumu,22,0,0.00%,0,0,0.00%,0.00%,0.00
01/01/2026,132,Bata Kisumu One,Kenya,Nyanza,Kisumu,189,0,0.00%,0,0,0.00%,0.00%,0.00
01/24/2026,132,Bata Kisumu One,Kenya,Nyanza,Kisumu,170,0,0.00%,23,0,0.00%,13.57%,0.00
01/26/2026,132,Bata Kisumu One,Kenya,Nyanza,Kisumu,89,0,0.00%,27,0,0.00%,30.34%,0.00
01/28/2026,132,Bata Kisumu One,Kenya,Nyanza,Kisumu,92,0,0.00%,21,0,0.00%,22.83%,0.00
01/02/2026,132,Bata Kisumu One,Kenya,Nyanza,Kisumu,546,0,0.00%,161,0,0.00%,29.51%,0.00
01/27/2026,132,Bata Kisumu One,Kenya,Nyanza,Kisumu,0,0,0.00%,18,0,0.00%,0.00%,0.00
01/29/2026,132,Bata Kisumu One,Kenya,Nyanza,Kisumu,150,0,0.00%,22,0,0.00%,14.72%,0.00
01/30/2026,132,Bata Kisumu One,Kenya,Nyanza,Kisumu,121,0,0.00%,30,0,0.00%,24.79%,0.00
01/04/2026,132,Bata Kisumu One,Kenya,Nyanza,Kisumu,507,0,0.00%,109,0,0.00%,21.50%,0.00
02/14/2026,132,Bata Kisumu One,Kenya,Nyanza,Kisumu,124,0,0.00%,20,0,0.00%,16.19%,0.00
02/04/2026,132,Bata Kisumu One,Kenya,Nyanza,Kisumu,139,0,0.00%,31,0,0.00%,22.30%,0.00
02/02/2026,132,Bata Kisumu One,Kenya,Nyanza,Kisumu,138,0,0.00%,39,0,0.00%,28.36%,0.00
01/07/2026,132,Bata Kisumu One,Kenya,Nyanza,Kisumu,0,0,0.00%,142,0,0.00%,0.00%,0.00
02/23/2026,132,Bata Kisumu One,Kenya,Nyanza,Kisumu,128,0,0.00%,21,0,0.00%,16.47%,0.00
02/06/2026,132,Bata Kisumu One,Kenya,Nyanza,Kisumu,148,0,0.00%,25,0,0.00%,16.89%,0.00
01/10/2026,132,Bata Kisumu One,Kenya,Nyanza,Kisumu,663,0,0.00%,191,0,0.00%,28.83%,0.00
02/09/2026,132,Bata Kisumu One,Kenya,Nyanza,Kisumu,124,0,0.00%,22,0,0.00%,17.81%,0.00
01/22/2026,132,Bata Kisumu One,Kenya,Nyanza,Kisumu,162,0,0.00%,46,0,0.00%,28.48%,0.00
02/11/2026,132,Bata Kisumu One,Kenya,Nyanza,Kisumu,127,0,0.00%,20,0,0.00%,15.81%,0.00
01/23/2026,132,Bata Kisumu One,Kenya,Nyanza,Kisumu,183,0,0.00%,39,0,0.00%,21.37%,0.00
02/12/2026,132,Bata Kisumu One,Kenya,Nyanza,Kisumu,112,0,0.00%,10,0,0.00%,8.97%,0.00
02/13/2026,132,Bata Kisumu One,Kenya,Nyanza,Kisumu,113,0,0.00%,16,0,0.00%,14.16%,0.00
02/19/2026,132,Bata Kisumu One,Kenya,Nyanza,Kisumu,101,0,0.00%,10,0,0.00%,9.90%,0.00
02/15/2026,132,Bata Kisumu One,Kenya,Nyanza,Kisumu,58,0,0.00%,9,0,0.00%,15.52%,0.00
02/25/2026,132,Bata Kisumu One,Kenya,Nyanza,Kisumu,165,0,0.00%,28,0,0.00%,16.97%,0.00
02/26/2026,132,Bata Kisumu One,Kenya,Nyanza,Kisumu,172,0,0.00%,35,0,0.00%,20.35%,0.00
02/27/2026,132,Bata Kisumu One,Kenya,Nyanza,Kisumu,198,0,0.00%,32,0,0.00%,16.16%,0.00
03/01/2026,132,Bata Kisumu One,Kenya,Nyanza,Kisumu,154,0,0.00%,25,0,0.00%,16.29%,0.00
03/02/2026,132,Bata Kisumu One,Kenya,Nyanza,Kisumu,218,0,0.00%,73,0,0.00%,33.56%,0.00
03/03/2026,132,Bata Kisumu One,Kenya,Nyanza,Kisumu,187,0,0.00%,40,0,0.00%,21.39%,0.00
03/06/2026,132,Bata Kisumu One,Kenya,Nyanza,Kisumu,146,0,0.00%,0,0,0.00%,0.00%,0.00
01/02/2025,24,Bata Kisumu Three,Kenya,Nyanza,Kisumu,0,582,-100.00%,0,180,-100.00%,0.00%,0.31
01/08/2025,24,Bata Kisumu Three,Kenya,Nyanza,Kisumu,0,601,-100.00%,0,212,-100.00%,0.00%,0.35
01/01/2025,24,Bata Kisumu Three,Kenya,Nyanza,Kisumu,0,224,-100.00%,0,30,-100.00%,0.00%,0.13
01/03/2025,24,Bata Kisumu Three,Kenya,Nyanza,Kisumu,0,902,-100.00%,0,308,-100.00%,0.00%,0.34
01/05/2025,24,Bata Kisumu Three,Kenya,Nyanza,Kisumu,0,626,-100.00%,0,225,-100.00%,0.00%,0.36
01/06/2025,24,Bata Kisumu Three,Kenya,Nyanza,Kisumu,0,1104,-100.00%,0,403,-100.00%,0.00%,0.37
01/04/2025,24,Bata Kisumu Three,Kenya,Nyanza,Kisumu,0,861,-100.00%,0,302,-100.00%,0.00%,0.35
01/09/2025,24,Bata Kisumu Three,Kenya,Nyanza,Kisumu,0,399,-100.00%,0,120,-100.00%,0.00%,0.30
01/11/2025,24,Bata Kisumu Three,Kenya,Nyanza,Kisumu,0,429,-100.00%,0,156,-100.00%,0.00%,0.36
01/18/2025,24,Bata Kisumu Three,Kenya,Nyanza,Kisumu,0,229,-100.00%,0,64,-100.00%,0.00%,0.28
01/07/2025,24,Bata Kisumu Three,Kenya,Nyanza,Kisumu,0,987,-100.00%,0,343,-100.00%,0.00%,0.35
01/10/2025,24,Bata Kisumu Three,Kenya,Nyanza,Kisumu,0,343,-100.00%,0,108,-100.00%,0.00%,0.31
01/13/2025,24,Bata Kisumu Three,Kenya,Nyanza,Kisumu,0,262,-100.00%,0,108,-100.00%,0.00%,0.41
01/17/2025,24,Bata Kisumu Three,Kenya,Nyanza,Kisumu,0,198,-100.00%,0,66,-100.00%,0.00%,0.33
01/12/2025,24,Bata Kisumu Three,Kenya,Nyanza,Kisumu,0,273,-100.00%,0,84,-100.00%,0.00%,0.31
01/14/2025,24,Bata Kisumu Three,Kenya,Nyanza,Kisumu,0,249,-100.00%,0,67,-100.00%,0.00%,0.27
01/26/2025,24,Bata Kisumu Three,Kenya,Nyanza,Kisumu,0,96,-100.00%,0,22,-100.00%,0.00%,0.23
01/21/2025,24,Bata Kisumu Three,Kenya,Nyanza,Kisumu,0,142,-100.00%,0,38,-100.00%,0.00%,0.27
01/15/2025,24,Bata Kisumu Three,Kenya,Nyanza,Kisumu,0,214,-100.00%,0,59,-100.00%,0.00%,0.28
01/16/2025,24,Bata Kisumu Three,Kenya,Nyanza,Kisumu,0,192,-100.00%,0,64,-100.00%,0.00%,0.33
02/01/2025,24,Bata Kisumu Three,Kenya,Nyanza,Kisumu,0,253,-100.00%,0,69,-100.00%,0.00%,0.27
01/20/2025,24,Bata Kisumu Three,Kenya,Nyanza,Kisumu,0,186,-100.00%,0,48,-100.00%,0.00%,0.26
01/22/2025,24,Bata Kisumu Three,Kenya,Nyanza,Kisumu,0,162,-100.00%,0,31,-100.00%,0.00%,0.19
01/25/2025,24,Bata Kisumu Three,Kenya,Nyanza,Kisumu,0,137,-100.00%,0,31,-100.00%,0.00%,0.23
02/03/2025,24,Bata Kisumu Three,Kenya,Nyanza,Kisumu,0,239,-100.00%,0,47,-100.00%,0.00%,0.20
01/24/2025,24,Bata Kisumu Three,Kenya,Nyanza,Kisumu,0,170,-100.00%,0,32,-100.00%,0.00%,0.19
01/23/2025,24,Bata Kisumu Three,Kenya,Nyanza,Kisumu,0,134,-100.00%,0,31,-100.00%,0.00%,0.23
01/19/2025,24,Bata Kisumu Three,Kenya,Nyanza,Kisumu,0,133,-100.00%,0,35,-100.00%,0.00%,0.26
02/06/2025,24,Bata Kisumu Three,Kenya,Nyanza,Kisumu,0,190,-100.00%,0,46,-100.00%,0.00%,0.24
02/02/2025,24,Bata Kisumu Three,Kenya,Nyanza,Kisumu,0,122,-100.00%,0,30,-100.00%,0.00%,0.25
01/27/2025,24,Bata Kisumu Three,Kenya,Nyanza,Kisumu,0,156,-100.00%,0,43,-100.00%,0.00%,0.28
01/28/2025,24,Bata Kisumu Three,Kenya,Nyanza,Kisumu,0,152,-100.00%,0,33,-100.00%,0.00%,0.22
02/11/2025,24,Bata Kisumu Three,Kenya,Nyanza,Kisumu,0,176,-100.00%,0,40,-100.00%,0.00%,0.23
01/29/2025,24,Bata Kisumu Three,Kenya,Nyanza,Kisumu,0,156,-100.00%,0,48,-100.00%,0.00%,0.31
01/30/2025,24,Bata Kisumu Three,Kenya,Nyanza,Kisumu,0,204,-100.00%,0,52,-100.00%,0.00%,0.25
01/31/2025,24,Bata Kisumu Three,Kenya,Nyanza,Kisumu,0,202,-100.00%,0,38,-100.00%,0.00%,0.19
02/16/2025,24,Bata Kisumu Three,Kenya,Nyanza,Kisumu,0,148,-100.00%,0,23,-100.00%,0.00%,0.16
02/04/2025,24,Bata Kisumu Three,Kenya,Nyanza,Kisumu,0,198,-100.00%,0,42,-100.00%,0.00%,0.21
02/10/2025,24,Bata Kisumu Three,Kenya,Nyanza,Kisumu,0,162,-100.00%,0,30,-100.00%,0.00%,0.19
02/05/2025,24,Bata Kisumu Three,Kenya,Nyanza,Kisumu,0,197,-100.00%,0,40,-100.00%,0.00%,0.20
02/17/2025,24,Bata Kisumu Three,Kenya,Nyanza,Kisumu,0,215,-100.00%,0,41,-100.00%,0.00%,0.19
02/08/2025,24,Bata Kisumu Three,Kenya,Nyanza,Kisumu,0,245,-100.00%,0,53,-100.00%,0.00%,0.22
02/13/2025,24,Bata Kisumu Three,Kenya,Nyanza,Kisumu,0,166,-100.00%,0,36,-100.00%,0.00%,0.22
02/22/2025,24,Bata Kisumu Three,Kenya,Nyanza,Kisumu,0,227,-100.00%,0,39,-100.00%,0.00%,0.17
02/19/2025,24,Bata Kisumu Three,Kenya,Nyanza,Kisumu,0,186,-100.00%,0,29,-100.00%,0.00%,0.16
02/07/2025,24,Bata Kisumu Three,Kenya,Nyanza,Kisumu,0,213,-100.00%,0,34,-100.00%,0.00%,0.16
02/15/2025,24,Bata Kisumu Three,Kenya,Nyanza,Kisumu,0,190,-100.00%,0,38,-100.00%,0.00%,0.20
02/12/2025,24,Bata Kisumu Three,Kenya,Nyanza,Kisumu,0,196,-100.00%,0,30,-100.00%,0.00%,0.15
02/27/2025,24,Bata Kisumu Three,Kenya,Nyanza,Kisumu,0,282,-100.00%,0,51,-100.00%,0.00%,0.18
02/09/2025,24,Bata Kisumu Three,Kenya,Nyanza,Kisumu,0,117,-100.00%,0,24,-100.00%,0.00%,0.21
02/23/2025,24,Bata Kisumu Three,Kenya,Nyanza,Kisumu,0,147,-100.00%,0,21,-100.00%,0.00%,0.14
02/24/2025,24,Bata Kisumu Three,Kenya,Nyanza,Kisumu,0,193,-100.00%,0,39,-100.00%,0.00%,0.20
01/08/2026,24,Bata Kisumu Three,Kenya,Nyanza,Kisumu,886,0,0.00%,236,0,0.00%,26.64%,0.00
02/20/2025,24,Bata Kisumu Three,Kenya,Nyanza,Kisumu,0,196,-100.00%,0,26,-100.00%,0.00%,0.13
03/01/2025,24,Bata Kisumu Three,Kenya,Nyanza,Kisumu,0,309,-100.00%,0,77,-100.00%,0.00%,0.25
02/18/2025,24,Bata Kisumu Three,Kenya,Nyanza,Kisumu,0,234,-100.00%,0,33,-100.00%,0.00%,0.14
01/11/2026,24,Bata Kisumu Three,Kenya,Nyanza,Kisumu,371,0,0.00%,128,0,0.00%,34.50%,0.00
02/14/2025,24,Bata Kisumu Three,Kenya,Nyanza,Kisumu,0,212,-100.00%,0,33,-100.00%,0.00%,0.16
03/08/2025,24,Bata Kisumu Three,Kenya,Nyanza,Kisumu,0,239,-100.00%,0,51,-100.00%,0.00%,0.21
03/07/2025,24,Bata Kisumu Three,Kenya,Nyanza,Kisumu,0,203,-100.00%,0,44,-100.00%,0.00%,0.22
01/19/2026,24,Bata Kisumu Three,Kenya,Nyanza,Kisumu,305,0,0.00%,76,0,0.00%,24.96%,0.00
01/09/2026,24,Bata Kisumu Three,Kenya,Nyanza,Kisumu,705,0,0.00%,180,0,0.00%,25.55%,0.00
03/09/2025,24,Bata Kisumu Three,Kenya,Nyanza,Kisumu,0,121,-100.00%,0,23,-100.00%,0.00%,0.19
02/21/2025,24,Bata Kisumu Three,Kenya,Nyanza,Kisumu,0,171,-100.00%,0,33,-100.00%,0.00%,0.19
01/30/2026,24,Bata Kisumu Three,Kenya,Nyanza,Kisumu,155,0,0.00%,32,0,0.00%,20.65%,0.00
02/25/2025,24,Bata Kisumu Three,Kenya,Nyanza,Kisumu,0,178,-100.00%,0,28,-100.00%,0.00%,0.16
01/02/2026,24,Bata Kisumu Three,Kenya,Nyanza,Kisumu,811,0,0.00%,257,0,0.00%,31.71%,0.00
01/01/2026,24,Bata Kisumu Three,Kenya,Nyanza,Kisumu,266,0,0.00%,0,0,0.00%,0.00%,0.00
02/22/2026,24,Bata Kisumu Three,Kenya,Nyanza,Kisumu,74,0,0.00%,17,0,0.00%,23.13%,0.00
01/12/2026,24,Bata Kisumu Three,Kenya,Nyanza,Kisumu,771,0,0.00%,294,0,0.00%,38.16%,0.00
01/04/2026,24,Bata Kisumu Three,Kenya,Nyanza,Kisumu,662,0,0.00%,204,0,0.00%,30.84%,0.00
02/26/2025,24,Bata Kisumu Three,Kenya,Nyanza,Kisumu,0,236,-100.00%,0,60,-100.00%,0.00%,0.25
02/27/2026,24,Bata Kisumu Three,Kenya,Nyanza,Kisumu,239,0,0.00%,56,0,0.00%,23.43%,0.00
03/02/2025,24,Bata Kisumu Three,Kenya,Nyanza,Kisumu,0,222,-100.00%,0,46,-100.00%,0.00%,0.21
01/15/2026,24,Bata Kisumu Three,Kenya,Nyanza,Kisumu,446,0,0.00%,122,0,0.00%,27.38%,0.00
01/05/2026,24,Bata Kisumu Three,Kenya,Nyanza,Kisumu,1154,0,0.00%,376,0,0.00%,32.60%,0.00
02/28/2026,24,Bata Kisumu Three,Kenya,Nyanza,Kisumu,375,0,0.00%,97,0,0.00%,25.90%,0.00
01/26/2026,24,Bata Kisumu Three,Kenya,Nyanza,Kisumu,194,0,0.00%,4,0,0.00%,2.06%,0.00
01/18/2026,24,Bata Kisumu Three,Kenya,Nyanza,Kisumu,199,0,0.00%,35,0,0.00%,17.63%,0.00
02/28/2025,24,Bata Kisumu Three,Kenya,Nyanza,Kisumu,0,293,-100.00%,0,81,-100.00%,0.00%,0.28
03/02/2026,24,Bata Kisumu Three,Kenya,Nyanza,Kisumu,465,0,0.00%,130,0,0.00%,27.96%,0.00
03/04/2025,24,Bata Kisumu Three,Kenya,Nyanza,Kisumu,0,321,-100.00%,0,88,-100.00%,0.00%,0.27
01/23/2026,24,Bata Kisumu Three,Kenya,Nyanza,Kisumu,176,0,0.00%,33,0,0.00%,18.80%,0.00
01/06/2026,24,Bata Kisumu Three,Kenya,Nyanza,Kisumu,888,0,0.00%,296,0,0.00%,33.33%,0.00
03/05/2026,24,Bata Kisumu Three,Kenya,Nyanza,Kisumu,208,0,0.00%,39,0,0.00%,18.80%,0.00
02/10/2026,24,Bata Kisumu Three,Kenya,Nyanza,Kisumu,186,0,0.00%,36,0,0.00%,19.41%,0.00
01/25/2026,24,Bata Kisumu Three,Kenya,Nyanza,Kisumu,114,0,0.00%,22,0,0.00%,19.38%,0.00
03/03/2025,24,Bata Kisumu Three,Kenya,Nyanza,Kisumu,0,387,-100.00%,0,114,-100.00%,0.00%,0.29
03/08/2026,24,Bata Kisumu Three,Kenya,Nyanza,Kisumu,121,0,0.00%,18,0,0.00%,14.88%,0.00
03/05/2025,24,Bata Kisumu Three,Kenya,Nyanza,Kisumu,0,254,-100.00%,0,57,-100.00%,0.00%,0.22
01/31/2026,24,Bata Kisumu Three,Kenya,Nyanza,Kisumu,183,0,0.00%,40,0,0.00%,21.86%,0.00
01/21/2026,24,Bata Kisumu Three,Kenya,Nyanza,Kisumu,177,0,0.00%,45,0,0.00%,25.42%,0.00
02/03/2026,24,Bata Kisumu Three,Kenya,Nyanza,Kisumu,154,0,0.00%,31,0,0.00%,20.20%,0.00
02/18/2026,24,Bata Kisumu Three,Kenya,Nyanza,Kisumu,122,0,0.00%,25,0,0.00%,20.49%,0.00
02/08/2026,24,Bata Kisumu Three,Kenya,Nyanza,Kisumu,67,0,0.00%,24,0,0.00%,35.82%,0.00
03/06/2025,24,Bata Kisumu Three,Kenya,Nyanza,Kisumu,0,205,-100.00%,0,42,-100.00%,0.00%,0.20
02/13/2026,24,Bata Kisumu Three,Kenya,Nyanza,Kisumu,126,0,0.00%,31,0,0.00%,24.70%,0.00
01/03/2026,24,Bata Kisumu Three,Kenya,Nyanza,Kisumu,895,0,0.00%,265,0,0.00%,29.61%,0.00
02/16/2026,24,Bata Kisumu Three,Kenya,Nyanza,Kisumu,98,0,0.00%,23,0,0.00%,23.59%,0.00
01/24/2026,24,Bata Kisumu Three,Kenya,Nyanza,Kisumu,203,0,0.00%,54,0,0.00%,26.67%,0.00
03/03/2026,24,Bata Kisumu Three,Kenya,Nyanza,Kisumu,331,0,0.00%,73,0,0.00%,22.05%,0.00
02/21/2026,24,Bata Kisumu Three,Kenya,Nyanza,Kisumu,110,0,0.00%,31,0,0.00%,28.31%,0.00
03/06/2026,24,Bata Kisumu Three,Kenya,Nyanza,Kisumu,191,0,0.00%,39,0,0.00%,20.42%,0.00
01/07/2026,24,Bata Kisumu Three,Kenya,Nyanza,Kisumu,772,0,0.00%,268,0,0.00%,34.72%,0.00
01/13/2026,24,Bata Kisumu Three,Kenya,Nyanza,Kisumu,637,0,0.00%,213,0,0.00%,33.46%,0.00
01/29/2026,24,Bata Kisumu Three,Kenya,Nyanza,Kisumu,163,0,0.00%,31,0,0.00%,19.08%,0.00
03/09/2026,24,Bata Kisumu Three,Kenya,Nyanza,Kisumu,41,0,0.00%,0,0,0.00%,0.00%,0.00
01/10/2026,24,Bata Kisumu Three,Kenya,Nyanza,Kisumu,1023,0,0.00%,315,0,0.00%,30.81%,0.00
01/14/2026,24,Bata Kisumu Three,Kenya,Nyanza,Kisumu,495,0,0.00%,150,0,0.00%,30.30%,0.00
02/06/2026,24,Bata Kisumu Three,Kenya,Nyanza,Kisumu,178,0,0.00%,49,0,0.00%,27.61%,0.00
01/16/2026,24,Bata Kisumu Three,Kenya,Nyanza,Kisumu,311,0,0.00%,82,0,0.00%,26.37%,0.00
01/17/2026,24,Bata Kisumu Three,Kenya,Nyanza,Kisumu,293,0,0.00%,76,0,0.00%,25.98%,0.00
01/22/2026,24,Bata Kisumu Three,Kenya,Nyanza,Kisumu,175,0,0.00%,39,0,0.00%,22.35%,0.00
02/07/2026,24,Bata Kisumu Three,Kenya,Nyanza,Kisumu,178,0,0.00%,57,0,0.00%,32.11%,0.00
01/27/2026,24,Bata Kisumu Three,Kenya,Nyanza,Kisumu,175,0,0.00%,34,0,0.00%,19.43%,0.00
01/20/2026,24,Bata Kisumu Three,Kenya,Nyanza,Kisumu,184,0,0.00%,33,0,0.00%,17.93%,0.00
02/01/2026,24,Bata Kisumu Three,Kenya,Nyanza,Kisumu,98,0,0.00%,19,0,0.00%,19.39%,0.00
02/12/2026,24,Bata Kisumu Three,Kenya,Nyanza,Kisumu,153,0,0.00%,34,0,0.00%,22.30%,0.00
02/04/2026,24,Bata Kisumu Three,Kenya,Nyanza,Kisumu,159,0,0.00%,34,0,0.00%,21.45%,0.00
01/28/2026,24,Bata Kisumu Three,Kenya,Nyanza,Kisumu,184,0,0.00%,38,0,0.00%,20.71%,0.00
02/09/2026,24,Bata Kisumu Three,Kenya,Nyanza,Kisumu,187,0,0.00%,44,0,0.00%,23.53%,0.00
02/17/2026,24,Bata Kisumu Three,Kenya,Nyanza,Kisumu,128,0,0.00%,21,0,0.00%,16.41%,0.00
02/14/2026,24,Bata Kisumu Three,Kenya,Nyanza,Kisumu,166,0,0.00%,45,0,0.00%,27.11%,0.00
02/02/2026,24,Bata Kisumu Three,Kenya,Nyanza,Kisumu,166,0,0.00%,31,0,0.00%,18.67%,0.00
02/15/2026,24,Bata Kisumu Three,Kenya,Nyanza,Kisumu,74,0,0.00%,12,0,0.00%,16.33%,0.00
02/19/2026,24,Bata Kisumu Three,Kenya,Nyanza,Kisumu,129,0,0.00%,27,0,0.00%,21.01%,0.00
02/20/2026,24,Bata Kisumu Three,Kenya,Nyanza,Kisumu,107,0,0.00%,21,0,0.00%,19.72%,0.00
02/05/2026,24,Bata Kisumu Three,Kenya,Nyanza,Kisumu,167,0,0.00%,43,0,0.00%,25.83%,0.00
02/25/2026,24,Bata Kisumu Three,Kenya,Nyanza,Kisumu,202,0,0.00%,58,0,0.00%,28.78%,0.00
02/11/2026,24,Bata Kisumu Three,Kenya,Nyanza,Kisumu,106,0,0.00%,35,0,0.00%,33.02%,0.00
03/07/2026,24,Bata Kisumu Three,Kenya,Nyanza,Kisumu,201,0,0.00%,44,0,0.00%,21.95%,0.00
02/23/2026,24,Bata Kisumu Three,Kenya,Nyanza,Kisumu,125,0,0.00%,26,0,0.00%,20.88%,0.00
02/24/2026,24,Bata Kisumu Three,Kenya,Nyanza,Kisumu,136,0,0.00%,31,0,0.00%,22.88%,0.00
02/26/2026,24,Bata Kisumu Three,Kenya,Nyanza,Kisumu,212,0,0.00%,53,0,0.00%,25.00%,0.00
03/01/2026,24,Bata Kisumu Three,Kenya,Nyanza,Kisumu,604,0,0.00%,73,0,0.00%,12.09%,0.00
03/04/2026,24,Bata Kisumu Three,Kenya,Nyanza,Kisumu,190,0,0.00%,47,0,0.00%,24.80%,0.00
01/18/2025,57,Bata Kitengela One,Kenya,Nairobi East,Kitengela,0,251,-100.00%,0,80,-100.00%,0.00%,0.32
01/11/2025,57,Bata Kitengela One,Kenya,Nairobi East,Kitengela,0,531,-100.00%,0,237,-100.00%,0.00%,0.45
01/04/2025,57,Bata Kitengela One,Kenya,Nairobi East,Kitengela,0,959,-100.00%,0,368,-100.00%,0.00%,0.38
01/02/2025,57,Bata Kitengela One,Kenya,Nairobi East,Kitengela,0,541,-100.00%,0,133,-100.00%,0.00%,0.25
01/29/2025,57,Bata Kitengela One,Kenya,Nairobi East,Kitengela,0,148,-100.00%,0,46,-100.00%,0.00%,0.31
01/05/2025,57,Bata Kitengela One,Kenya,Nairobi East,Kitengela,0,1041,-100.00%,0,344,-100.00%,0.00%,0.33
01/06/2025,57,Bata Kitengela One,Kenya,Nairobi East,Kitengela,0,1388,-100.00%,0,502,-100.00%,0.00%,0.36
01/01/2025,57,Bata Kitengela One,Kenya,Nairobi East,Kitengela,0,255,-100.00%,0,0,0.00%,0.00%,0.00
01/31/2025,57,Bata Kitengela One,Kenya,Nairobi East,Kitengela,0,161,-100.00%,0,67,-100.00%,0.00%,0.42
01/14/2025,57,Bata Kitengela One,Kenya,Nairobi East,Kitengela,0,285,-100.00%,0,120,-100.00%,0.00%,0.42
01/09/2025,57,Bata Kitengela One,Kenya,Nairobi East,Kitengela,0,392,-100.00%,0,179,-100.00%,0.00%,0.46
01/03/2025,57,Bata Kitengela One,Kenya,Nairobi East,Kitengela,0,694,-100.00%,0,254,-100.00%,0.00%,0.37
02/01/2025,57,Bata Kitengela One,Kenya,Nairobi East,Kitengela,0,191,-100.00%,0,96,-100.00%,0.00%,0.50
01/13/2025,57,Bata Kitengela One,Kenya,Nairobi East,Kitengela,0,340,-100.00%,0,169,-100.00%,0.00%,0.50
01/17/2025,57,Bata Kitengela One,Kenya,Nairobi East,Kitengela,0,138,-100.00%,0,52,-100.00%,0.00%,0.38
01/12/2025,57,Bata Kitengela One,Kenya,Nairobi East,Kitengela,0,656,-100.00%,0,252,-100.00%,0.00%,0.38
02/03/2025,57,Bata Kitengela One,Kenya,Nairobi East,Kitengela,0,129,-100.00%,0,72,-100.00%,0.00%,0.56
01/22/2025,57,Bata Kitengela One,Kenya,Nairobi East,Kitengela,0,174,-100.00%,0,80,-100.00%,0.00%,0.46
01/19/2025,57,Bata Kitengela One,Kenya,Nairobi East,Kitengela,0,304,-100.00%,0,62,-100.00%,0.00%,0.20
01/07/2025,57,Bata Kitengela One,Kenya,Nairobi East,Kitengela,0,1097,-100.00%,0,441,-100.00%,0.00%,0.40
02/11/2025,57,Bata Kitengela One,Kenya,Nairobi East,Kitengela,0,118,-100.00%,0,71,-100.00%,0.00%,0.60
01/24/2025,57,Bata Kitengela One,Kenya,Nairobi East,Kitengela,0,150,-100.00%,0,54,-100.00%,0.00%,0.36
01/20/2025,57,Bata Kitengela One,Kenya,Nairobi East,Kitengela,0,165,-100.00%,0,45,-100.00%,0.00%,0.27
02/07/2025,57,Bata Kitengela One,Kenya,Nairobi East,Kitengela,0,149,-100.00%,0,56,-100.00%,0.00%,0.38
02/14/2025,57,Bata Kitengela One,Kenya,Nairobi East,Kitengela,0,122,-100.00%,0,50,-100.00%,0.00%,0.41
01/25/2025,57,Bata Kitengela One,Kenya,Nairobi East,Kitengela,0,263,-100.00%,0,87,-100.00%,0.00%,0.33
01/28/2025,57,Bata Kitengela One,Kenya,Nairobi East,Kitengela,0,130,-100.00%,0,62,-100.00%,0.00%,0.48
01/08/2025,57,Bata Kitengela One,Kenya,Nairobi East,Kitengela,0,668,-100.00%,0,248,-100.00%,0.00%,0.37
02/17/2025,57,Bata Kitengela One,Kenya,Nairobi East,Kitengela,0,101,-100.00%,0,41,-100.00%,0.00%,0.41
01/26/2025,57,Bata Kitengela One,Kenya,Nairobi East,Kitengela,0,215,-100.00%,0,73,-100.00%,0.00%,0.34
01/30/2025,57,Bata Kitengela One,Kenya,Nairobi East,Kitengela,0,164,-100.00%,0,72,-100.00%,0.00%,0.44
02/13/2025,57,Bata Kitengela One,Kenya,Nairobi East,Kitengela,0,105,-100.00%,0,64,-100.00%,0.00%,0.61
02/22/2025,57,Bata Kitengela One,Kenya,Nairobi East,Kitengela,0,155,-100.00%,0,59,-100.00%,0.00%,0.38
01/27/2025,57,Bata Kitengela One,Kenya,Nairobi East,Kitengela,0,209,-100.00%,0,0,0.00%,0.00%,0.00
02/05/2025,57,Bata Kitengela One,Kenya,Nairobi East,Kitengela,0,147,-100.00%,0,53,-100.00%,0.00%,0.36
01/10/2025,57,Bata Kitengela One,Kenya,Nairobi East,Kitengela,0,363,-100.00%,0,128,-100.00%,0.00%,0.35
01/05/2026,57,Bata Kitengela One,Kenya,Nairobi East,Kitengela,1394,0,0.00%,430,0,0.00%,30.86%,0.00
02/08/2025,57,Bata Kitengela One,Kenya,Nairobi East,Kitengela,0,187,-100.00%,0,81,-100.00%,0.00%,0.43
02/10/2025,57,Bata Kitengela One,Kenya,Nairobi East,Kitengela,0,122,-100.00%,0,47,-100.00%,0.00%,0.39
02/18/2025,57,Bata Kitengela One,Kenya,Nairobi East,Kitengela,0,112,-100.00%,0,28,-100.00%,0.00%,0.25
01/13/2026,57,Bata Kitengela One,Kenya,Nairobi East,Kitengela,522,0,0.00%,140,0,0.00%,26.82%,0.00
02/02/2025,57,Bata Kitengela One,Kenya,Nairobi East,Kitengela,0,206,-100.00%,0,81,-100.00%,0.00%,0.39
02/12/2025,57,Bata Kitengela One,Kenya,Nairobi East,Kitengela,0,106,-100.00%,0,51,-100.00%,0.00%,0.48
01/15/2025,57,Bata Kitengela One,Kenya,Nairobi East,Kitengela,0,235,-100.00%,0,91,-100.00%,0.00%,0.39
01/14/2026,57,Bata Kitengela One,Kenya,Nairobi East,Kitengela,368,0,0.00%,92,0,0.00%,25.03%,0.00
03/01/2025,57,Bata Kitengela One,Kenya,Nairobi East,Kitengela,0,217,-100.00%,0,131,-100.00%,0.00%,0.60
02/21/2025,57,Bata Kitengela One,Kenya,Nairobi East,Kitengela,0,100,-100.00%,0,44,-100.00%,0.00%,0.44
02/25/2025,57,Bata Kitengela One,Kenya,Nairobi East,Kitengela,0,98,-100.00%,0,45,-100.00%,0.00%,0.46
01/16/2026,57,Bata Kitengela One,Kenya,Nairobi East,Kitengela,257,0,0.00%,86,0,0.00%,33.46%,0.00
02/04/2025,57,Bata Kitengela One,Kenya,Nairobi East,Kitengela,0,141,-100.00%,0,55,-100.00%,0.00%,0.39
02/23/2025,57,Bata Kitengela One,Kenya,Nairobi East,Kitengela,0,59,-100.00%,0,15,-100.00%,0.00%,0.25
01/16/2025,57,Bata Kitengela One,Kenya,Nairobi East,Kitengela,0,176,-100.00%,0,76,-100.00%,0.00%,0.43
01/21/2026,57,Bata Kitengela One,Kenya,Nairobi East,Kitengela,188,0,0.00%,40,0,0.00%,21.28%,0.00
03/02/2025,57,Bata Kitengela One,Kenya,Nairobi East,Kitengela,0,324,-100.00%,0,131,-100.00%,0.00%,0.40
02/26/2025,57,Bata Kitengela One,Kenya,Nairobi East,Kitengela,0,115,-100.00%,0,47,-100.00%,0.00%,0.41
03/06/2025,57,Bata Kitengela One,Kenya,Nairobi East,Kitengela,0,150,-100.00%,0,72,-100.00%,0.00%,0.48
01/22/2026,57,Bata Kitengela One,Kenya,Nairobi East,Kitengela,151,0,0.00%,55,0,0.00%,36.42%,0.00
02/15/2025,57,Bata Kitengela One,Kenya,Nairobi East,Kitengela,0,159,-100.00%,0,68,-100.00%,0.00%,0.43
02/28/2025,57,Bata Kitengela One,Kenya,Nairobi East,Kitengela,0,159,-100.00%,0,63,-100.00%,0.00%,0.40
01/21/2025,57,Bata Kitengela One,Kenya,Nairobi East,Kitengela,0,196,-100.00%,0,63,-100.00%,0.00%,0.32
01/24/2026,57,Bata Kitengela One,Kenya,Nairobi East,Kitengela,228,0,0.00%,51,0,0.00%,22.42%,0.00
03/04/2025,57,Bata Kitengela One,Kenya,Nairobi East,Kitengela,0,207,-100.00%,0,127,-100.00%,0.00%,0.61
03/03/2025,57,Bata Kitengela One,Kenya,Nairobi East,Kitengela,0,292,-100.00%,0,161,-100.00%,0.00%,0.55
01/02/2026,57,Bata Kitengela One,Kenya,Nairobi East,Kitengela,876,0,0.00%,229,0,0.00%,26.16%,0.00
01/29/2026,57,Bata Kitengela One,Kenya,Nairobi East,Kitengela,179,0,0.00%,43,0,0.00%,24.02%,0.00
02/20/2025,57,Bata Kitengela One,Kenya,Nairobi East,Kitengela,0,125,-100.00%,0,49,-100.00%,0.00%,0.39
01/07/2026,57,Bata Kitengela One,Kenya,Nairobi East,Kitengela,804,0,0.00%,202,0,0.00%,25.14%,0.00
01/23/2025,57,Bata Kitengela One,Kenya,Nairobi East,Kitengela,0,199,-100.00%,0,69,-100.00%,0.00%,0.35
02/01/2026,57,Bata Kitengela One,Kenya,Nairobi East,Kitengela,340,0,0.00%,78,0,0.00%,22.94%,0.00
03/07/2025,57,Bata Kitengela One,Kenya,Nairobi East,Kitengela,0,97,-100.00%,0,50,-100.00%,0.00%,0.52
01/12/2026,57,Bata Kitengela One,Kenya,Nairobi East,Kitengela,669,0,0.00%,175,0,0.00%,26.16%,0.00
01/04/2026,57,Bata Kitengela One,Kenya,Nairobi East,Kitengela,1101,0,0.00%,288,0,0.00%,26.17%,0.00
02/04/2026,57,Bata Kitengela One,Kenya,Nairobi East,Kitengela,149,0,0.00%,45,0,0.00%,30.30%,0.00
03/05/2025,57,Bata Kitengela One,Kenya,Nairobi East,Kitengela,0,135,-100.00%,0,69,-100.00%,0.00%,0.51
01/17/2026,57,Bata Kitengela One,Kenya,Nairobi East,Kitengela,301,0,0.00%,80,0,0.00%,26.62%,0.00
02/06/2025,57,Bata Kitengela One,Kenya,Nairobi East,Kitengela,0,171,-100.00%,0,79,-100.00%,0.00%,0.46
02/09/2026,57,Bata Kitengela One,Kenya,Nairobi East,Kitengela,138,0,0.00%,46,0,0.00%,33.45%,0.00
03/09/2025,57,Bata Kitengela One,Kenya,Nairobi East,Kitengela,0,158,-100.00%,0,71,-100.00%,0.00%,0.45
01/18/2026,57,Bata Kitengela One,Kenya,Nairobi East,Kitengela,352,0,0.00%,85,0,0.00%,24.18%,0.00
01/20/2026,57,Bata Kitengela One,Kenya,Nairobi East,Kitengela,220,0,0.00%,63,0,0.00%,28.70%,0.00
02/17/2026,57,Bata Kitengela One,Kenya,Nairobi East,Kitengela,138,0,0.00%,44,0,0.00%,31.88%,0.00
03/08/2025,57,Bata Kitengela One,Kenya,Nairobi East,Kitengela,0,197,-100.00%,0,80,-100.00%,0.00%,0.41
01/31/2026,57,Bata Kitengela One,Kenya,Nairobi East,Kitengela,233,0,0.00%,66,0,0.00%,28.39%,0.00
02/09/2025,57,Bata Kitengela One,Kenya,Nairobi East,Kitengela,0,166,-100.00%,0,70,-100.00%,0.00%,0.42
02/25/2026,57,Bata Kitengela One,Kenya,Nairobi East,Kitengela,187,0,0.00%,52,0,0.00%,27.88%,0.00
01/06/2026,57,Bata Kitengela One,Kenya,Nairobi East,Kitengela,1474,0,0.00%,437,0,0.00%,29.65%,0.00
02/21/2026,57,Bata Kitengela One,Kenya,Nairobi East,Kitengela,219,0,0.00%,67,0,0.00%,30.66%,0.00
01/25/2026,57,Bata Kitengela One,Kenya,Nairobi East,Kitengela,212,0,0.00%,43,0,0.00%,20.33%,0.00
03/02/2026,57,Bata Kitengela One,Kenya,Nairobi East,Kitengela,412,0,0.00%,162,0,0.00%,39.37%,0.00
01/01/2026,57,Bata Kitengela One,Kenya,Nairobi East,Kitengela,374,0,0.00%,0,0,0.00%,0.00%,0.00
03/06/2026,57,Bata Kitengela One,Kenya,Nairobi East,Kitengela,149,0,0.00%,47,0,0.00%,31.65%,0.00
02/16/2025,57,Bata Kitengela One,Kenya,Nairobi East,Kitengela,0,168,-100.00%,0,71,-100.00%,0.00%,0.42
03/08/2026,57,Bata Kitengela One,Kenya,Nairobi East,Kitengela,239,0,0.00%,67,0,0.00%,28.09%,0.00
01/08/2026,57,Bata Kitengela One,Kenya,Nairobi East,Kitengela,692,0,0.00%,180,0,0.00%,26.01%,0.00
03/09/2026,57,Bata Kitengela One,Kenya,Nairobi East,Kitengela,25,0,0.00%,0,0,0.00%,0.00%,0.00
01/28/2026,57,Bata Kitengela One,Kenya,Nairobi East,Kitengela,171,0,0.00%,44,0,0.00%,25.73%,0.00
01/09/2026,57,Bata Kitengela One,Kenya,Nairobi East,Kitengela,612,0,0.00%,192,0,0.00%,31.40%,0.00
02/19/2025,57,Bata Kitengela One,Kenya,Nairobi East,Kitengela,0,116,-100.00%,0,36,-100.00%,0.00%,0.31
01/11/2026,57,Bata Kitengela One,Kenya,Nairobi East,Kitengela,1002,0,0.00%,265,0,0.00%,26.46%,0.00
02/02/2026,57,Bata Kitengela One,Kenya,Nairobi East,Kitengela,163,0,0.00%,45,0,0.00%,27.69%,0.00
01/10/2026,57,Bata Kitengela One,Kenya,Nairobi East,Kitengela,974,0,0.00%,278,0,0.00%,28.56%,0.00
02/24/2025,57,Bata Kitengela One,Kenya,Nairobi East,Kitengela,0,124,-100.00%,0,39,-100.00%,0.00%,0.31
01/27/2026,57,Bata Kitengela One,Kenya,Nairobi East,Kitengela,214,0,0.00%,44,0,0.00%,20.56%,0.00
02/05/2026,57,Bata Kitengela One,Kenya,Nairobi East,Kitengela,170,0,0.00%,55,0,0.00%,32.45%,0.00
01/15/2026,57,Bata Kitengela One,Kenya,Nairobi East,Kitengela,374,0,0.00%,104,0,0.00%,27.84%,0.00
02/27/2025,57,Bata Kitengela One,Kenya,Nairobi East,Kitengela,0,150,-100.00%,0,66,-100.00%,0.00%,0.44
02/06/2026,57,Bata Kitengela One,Kenya,Nairobi East,Kitengela,141,0,0.00%,39,0,0.00%,27.66%,0.00
02/07/2026,57,Bata Kitengela One,Kenya,Nairobi East,Kitengela,178,0,0.00%,61,0,0.00%,34.37%,0.00
01/23/2026,57,Bata Kitengela One,Kenya,Nairobi East,Kitengela,173,0,0.00%,35,0,0.00%,20.29%,0.00
01/03/2026,57,Bata Kitengela One,Kenya,Nairobi East,Kitengela,930,0,0.00%,272,0,0.00%,29.26%,0.00
02/12/2026,57,Bata Kitengela One,Kenya,Nairobi East,Kitengela,138,0,0.00%,54,0,0.00%,39.13%,0.00
02/23/2026,57,Bata Kitengela One,Kenya,Nairobi East,Kitengela,128,0,0.00%,44,0,0.00%,34.51%,0.00
01/26/2026,57,Bata Kitengela One,Kenya,Nairobi East,Kitengela,208,0,0.00%,0,0,0.00%,0.00%,0.00
01/19/2026,57,Bata Kitengela One,Kenya,Nairobi East,Kitengela,236,0,0.00%,72,0,0.00%,30.57%,0.00
02/19/2026,57,Bata Kitengela One,Kenya,Nairobi East,Kitengela,146,0,0.00%,56,0,0.00%,38.36%,0.00
02/24/2026,57,Bata Kitengela One,Kenya,Nairobi East,Kitengela,139,0,0.00%,45,0,0.00%,32.49%,0.00
02/08/2026,57,Bata Kitengela One,Kenya,Nairobi East,Kitengela,224,0,0.00%,55,0,0.00%,24.55%,0.00
01/30/2026,57,Bata Kitengela One,Kenya,Nairobi East,Kitengela,150,0,0.00%,50,0,0.00%,33.33%,0.00
02/27/2026,57,Bata Kitengela One,Kenya,Nairobi East,Kitengela,255,0,0.00%,102,0,0.00%,40.00%,0.00
03/03/2026,57,Bata Kitengela One,Kenya,Nairobi East,Kitengela,255,0,0.00%,102,0,0.00%,40.00%,0.00
02/10/2026,57,Bata Kitengela One,Kenya,Nairobi East,Kitengela,139,0,0.00%,42,0,0.00%,30.22%,0.00
02/03/2026,57,Bata Kitengela One,Kenya,Nairobi East,Kitengela,159,0,0.00%,44,0,0.00%,27.76%,0.00
03/07/2026,57,Bata Kitengela One,Kenya,Nairobi East,Kitengela,226,0,0.00%,71,0,0.00%,31.42%,0.00
02/11/2026,57,Bata Kitengela One,Kenya,Nairobi East,Kitengela,127,0,0.00%,29,0,0.00%,22.83%,0.00
02/13/2026,57,Bata Kitengela One,Kenya,Nairobi East,Kitengela,182,0,0.00%,47,0,0.00%,25.90%,0.00
02/14/2026,57,Bata Kitengela One,Kenya,Nairobi East,Kitengela,185,0,0.00%,47,0,0.00%,25.47%,0.00
02/15/2026,57,Bata Kitengela One,Kenya,Nairobi East,Kitengela,93,0,0.00%,16,0,0.00%,17.20%,0.00
02/20/2026,57,Bata Kitengela One,Kenya,Nairobi East,Kitengela,45,0,0.00%,3,0,0.00%,6.67%,0.00
02/16/2026,57,Bata Kitengela One,Kenya,Nairobi East,Kitengela,137,0,0.00%,34,0,0.00%,24.91%,0.00
02/22/2026,57,Bata Kitengela One,Kenya,Nairobi East,Kitengela,175,0,0.00%,40,0,0.00%,22.86%,0.00
02/18/2026,57,Bata Kitengela One,Kenya,Nairobi East,Kitengela,62,0,0.00%,7,0,0.00%,11.38%,0.00
02/28/2026,57,Bata Kitengela One,Kenya,Nairobi East,Kitengela,335,0,0.00%,130,0,0.00%,38.86%,0.00
02/26/2026,57,Bata Kitengela One,Kenya,Nairobi East,Kitengela,127,0,0.00%,52,0,0.00%,41.11%,0.00
03/05/2026,57,Bata Kitengela One,Kenya,Nairobi East,Kitengela,148,0,0.00%,54,0,0.00%,36.49%,0.00
03/01/2026,57,Bata Kitengela One,Kenya,Nairobi East,Kitengela,439,0,0.00%,134,0,0.00%,30.52%,0.00
03/04/2026,57,Bata Kitengela One,Kenya,Nairobi East,Kitengela,170,0,0.00%,75,0,0.00%,44.12%,0.00
01/04/2025,55,Bata Likat,Kenya,Nairobi East,Nairobi,0,0,0.00%,0,504,-100.00%,0.00%,0.00
01/16/2025,55,Bata Likat,Kenya,Nairobi East,Nairobi,0,529,-100.00%,0,147,-100.00%,0.00%,0.28
01/03/2025,55,Bata Likat,Kenya,Nairobi East,Nairobi,0,0,0.00%,0,465,-100.00%,0.00%,0.00
01/02/2025,55,Bata Likat,Kenya,Nairobi East,Nairobi,0,0,0.00%,0,79,-100.00%,0.00%,0.00
01/05/2025,55,Bata Likat,Kenya,Nairobi East,Nairobi,0,0,0.00%,0,240,-100.00%,0.00%,0.00
01/10/2025,55,Bata Likat,Kenya,Nairobi East,Nairobi,0,693,-100.00%,0,160,-100.00%,0.00%,0.23
01/08/2025,55,Bata Likat,Kenya,Nairobi East,Nairobi,0,1048,-100.00%,0,317,-100.00%,0.00%,0.30
01/07/2025,55,Bata Likat,Kenya,Nairobi East,Nairobi,0,1495,-100.00%,0,516,-100.00%,0.00%,0.35
02/04/2025,55,Bata Likat,Kenya,Nairobi East,Nairobi,0,415,-100.00%,0,108,-100.00%,0.00%,0.26
01/09/2025,55,Bata Likat,Kenya,Nairobi East,Nairobi,0,756,-100.00%,0,208,-100.00%,0.00%,0.28
01/12/2025,55,Bata Likat,Kenya,Nairobi East,Nairobi,0,601,-100.00%,0,128,-100.00%,0.00%,0.21
01/15/2025,55,Bata Likat,Kenya,Nairobi East,Nairobi,0,12,-100.00%,0,139,-100.00%,0.00%,11.58
01/20/2025,55,Bata Likat,Kenya,Nairobi East,Nairobi,0,388,-100.00%,0,105,-100.00%,0.00%,0.27
01/13/2025,55,Bata Likat,Kenya,Nairobi East,Nairobi,0,156,-100.00%,0,156,-100.00%,0.00%,1.00
01/06/2025,55,Bata Likat,Kenya,Nairobi East,Nairobi,0,1494,-100.00%,0,447,-100.00%,0.00%,0.30
01/17/2025,55,Bata Likat,Kenya,Nairobi East,Nairobi,0,403,-100.00%,0,112,-100.00%,0.00%,0.28
02/07/2025,55,Bata Likat,Kenya,Nairobi East,Nairobi,0,25,-100.00%,0,87,-100.00%,0.00%,3.48
01/14/2025,55,Bata Likat,Kenya,Nairobi East,Nairobi,0,332,-100.00%,0,153,-100.00%,0.00%,0.46
01/18/2025,55,Bata Likat,Kenya,Nairobi East,Nairobi,0,31,-100.00%,0,126,-100.00%,0.00%,4.06
01/28/2025,55,Bata Likat,Kenya,Nairobi East,Nairobi,0,401,-100.00%,0,0,0.00%,0.00%,0.00
01/23/2025,55,Bata Likat,Kenya,Nairobi East,Nairobi,0,385,-100.00%,0,119,-100.00%,0.00%,0.31
01/19/2025,55,Bata Likat,Kenya,Nairobi East,Nairobi,0,134,-100.00%,0,56,-100.00%,0.00%,0.42
01/11/2025,55,Bata Likat,Kenya,Nairobi East,Nairobi,0,975,-100.00%,0,236,-100.00%,0.00%,0.24
02/02/2025,55,Bata Likat,Kenya,Nairobi East,Nairobi,0,353,-100.00%,0,71,-100.00%,0.00%,0.20
02/14/2025,55,Bata Likat,Kenya,Nairobi East,Nairobi,0,479,-100.00%,0,133,-100.00%,0.00%,0.28
01/21/2025,55,Bata Likat,Kenya,Nairobi East,Nairobi,0,96,-100.00%,0,102,-100.00%,0.00%,1.06
02/05/2025,55,Bata Likat,Kenya,Nairobi East,Nairobi,0,399,-100.00%,0,107,-100.00%,0.00%,0.27
02/03/2025,55,Bata Likat,Kenya,Nairobi East,Nairobi,0,491,-100.00%,0,135,-100.00%,0.00%,0.27
01/25/2025,55,Bata Likat,Kenya,Nairobi East,Nairobi,0,488,-100.00%,0,125,-100.00%,0.00%,0.26
01/22/2025,55,Bata Likat,Kenya,Nairobi East,Nairobi,0,391,-100.00%,0,115,-100.00%,0.00%,0.29
01/27/2025,55,Bata Likat,Kenya,Nairobi East,Nairobi,0,371,-100.00%,0,0,0.00%,0.00%,0.00
02/21/2025,55,Bata Likat,Kenya,Nairobi East,Nairobi,0,0,0.00%,0,112,-100.00%,0.00%,0.00
02/22/2025,55,Bata Likat,Kenya,Nairobi East,Nairobi,0,0,0.00%,0,104,-100.00%,0.00%,0.00
01/24/2025,55,Bata Likat,Kenya,Nairobi East,Nairobi,0,504,-100.00%,0,135,-100.00%,0.00%,0.27
02/10/2025,55,Bata Likat,Kenya,Nairobi East,Nairobi,0,11,-100.00%,0,97,-100.00%,0.00%,8.82
03/01/2025,55,Bata Likat,Kenya,Nairobi East,Nairobi,0,745,-100.00%,0,204,-100.00%,0.00%,0.27
01/26/2025,55,Bata Likat,Kenya,Nairobi East,Nairobi,0,295,-100.00%,0,49,-100.00%,0.00%,0.17
01/29/2025,55,Bata Likat,Kenya,Nairobi East,Nairobi,0,471,-100.00%,0,243,-100.00%,0.00%,0.52
02/01/2025,55,Bata Likat,Kenya,Nairobi East,Nairobi,0,517,-100.00%,0,156,-100.00%,0.00%,0.30
03/03/2025,55,Bata Likat,Kenya,Nairobi East,Nairobi,0,790,-100.00%,0,270,-100.00%,0.00%,0.34
02/25/2025,55,Bata Likat,Kenya,Nairobi East,Nairobi,0,0,0.00%,0,86,-100.00%,0.00%,0.00
01/30/2025,55,Bata Likat,Kenya,Nairobi East,Nairobi,0,429,-100.00%,0,142,-100.00%,0.00%,0.33
02/16/2025,55,Bata Likat,Kenya,Nairobi East,Nairobi,0,157,-100.00%,0,41,-100.00%,0.00%,0.26
01/05/2026,55,Bata Likat,Kenya,Nairobi East,Nairobi,1776,0,0.00%,492,0,0.00%,27.70%,0.00
01/31/2025,55,Bata Likat,Kenya,Nairobi East,Nairobi,0,509,-100.00%,0,150,-100.00%,0.00%,0.29
02/09/2025,55,Bata Likat,Kenya,Nairobi East,Nairobi,0,321,-100.00%,0,60,-100.00%,0.00%,0.19
02/06/2025,55,Bata Likat,Kenya,Nairobi East,Nairobi,0,476,-100.00%,0,120,-100.00%,0.00%,0.25
01/16/2026,55,Bata Likat,Kenya,Nairobi East,Nairobi,617,0,0.00%,123,0,0.00%,19.95%,0.00
03/02/2025,55,Bata Likat,Kenya,Nairobi East,Nairobi,0,469,-100.00%,0,120,-100.00%,0.00%,0.26
02/23/2025,55,Bata Likat,Kenya,Nairobi East,Nairobi,0,0,0.00%,0,56,-100.00%,0.00%,0.00
02/18/2025,55,Bata Likat,Kenya,Nairobi East,Nairobi,0,492,-100.00%,0,89,-100.00%,0.00%,0.18
01/31/2026,55,Bata Likat,Kenya,Nairobi East,Nairobi,462,0,0.00%,87,0,0.00%,18.83%,0.00
02/08/2025,55,Bata Likat,Kenya,Nairobi East,Nairobi,0,0,0.00%,0,117,-100.00%,0.00%,0.00
02/28/2025,55,Bata Likat,Kenya,Nairobi East,Nairobi,0,736,-100.00%,0,162,-100.00%,0.00%,0.22
02/12/2025,55,Bata Likat,Kenya,Nairobi East,Nairobi,0,309,-100.00%,0,95,-100.00%,0.00%,0.31
02/03/2026,55,Bata Likat,Kenya,Nairobi East,Nairobi,361,0,0.00%,86,0,0.00%,23.82%,0.00
01/03/2026,55,Bata Likat,Kenya,Nairobi East,Nairobi,1597,0,0.00%,425,0,0.00%,26.61%,0.00
03/05/2025,55,Bata Likat,Kenya,Nairobi East,Nairobi,0,524,-100.00%,0,139,-100.00%,0.00%,0.27
02/24/2025,55,Bata Likat,Kenya,Nairobi East,Nairobi,0,0,0.00%,0,90,-100.00%,0.00%,0.00
02/05/2026,55,Bata Likat,Kenya,Nairobi East,Nairobi,417,0,0.00%,87,0,0.00%,20.89%,0.00
02/11/2025,55,Bata Likat,Kenya,Nairobi East,Nairobi,0,467,-100.00%,0,122,-100.00%,0.00%,0.26
03/08/2025,55,Bata Likat,Kenya,Nairobi East,Nairobi,0,513,-100.00%,0,122,-100.00%,0.00%,0.24
02/15/2025,55,Bata Likat,Kenya,Nairobi East,Nairobi,0,488,-100.00%,0,95,-100.00%,0.00%,0.19
02/11/2026,55,Bata Likat,Kenya,Nairobi East,Nairobi,346,0,0.00%,87,0,0.00%,25.18%,0.00
01/09/2026,55,Bata Likat,Kenya,Nairobi East,Nairobi,1445,0,0.00%,379,0,0.00%,26.23%,0.00
01/04/2026,55,Bata Likat,Kenya,Nairobi East,Nairobi,1114,0,0.00%,219,0,0.00%,19.66%,0.00
02/26/2025,55,Bata Likat,Kenya,Nairobi East,Nairobi,0,0,0.00%,0,123,-100.00%,0.00%,0.00
02/14/2026,55,Bata Likat,Kenya,Nairobi East,Nairobi,477,0,0.00%,93,0,0.00%,19.52%,0.00
02/13/2025,55,Bata Likat,Kenya,Nairobi East,Nairobi,0,185,-100.00%,0,133,-100.00%,0.00%,0.72
01/20/2026,55,Bata Likat,Kenya,Nairobi East,Nairobi,507,0,0.00%,110,0,0.00%,21.72%,0.00
02/17/2025,55,Bata Likat,Kenya,Nairobi East,Nairobi,0,125,-100.00%,0,98,-100.00%,0.00%,0.78
02/24/2026,55,Bata Likat,Kenya,Nairobi East,Nairobi,347,0,0.00%,61,0,0.00%,17.60%,0.00
01/11/2026,55,Bata Likat,Kenya,Nairobi East,Nairobi,1233,0,0.00%,213,0,0.00%,17.28%,0.00
01/22/2026,55,Bata Likat,Kenya,Nairobi East,Nairobi,414,0,0.00%,76,0,0.00%,18.36%,0.00
03/04/2025,55,Bata Likat,Kenya,Nairobi East,Nairobi,0,643,-100.00%,0,207,-100.00%,0.00%,0.32
03/01/2026,55,Bata Likat,Kenya,Nairobi East,Nairobi,428,0,0.00%,92,0,0.00%,21.52%,0.00
02/19/2025,55,Bata Likat,Kenya,Nairobi East,Nairobi,0,0,0.00%,0,89,-100.00%,0.00%,0.00
01/27/2026,55,Bata Likat,Kenya,Nairobi East,Nairobi,453,0,0.00%,53,0,0.00%,11.70%,0.00
02/20/2025,55,Bata Likat,Kenya,Nairobi East,Nairobi,0,0,0.00%,0,92,-100.00%,0.00%,0.00
03/02/2026,55,Bata Likat,Kenya,Nairobi East,Nairobi,740,0,0.00%,210,0,0.00%,28.38%,0.00
01/12/2026,55,Bata Likat,Kenya,Nairobi East,Nairobi,1351,0,0.00%,267,0,0.00%,19.77%,0.00
02/23/2026,55,Bata Likat,Kenya,Nairobi East,Nairobi,351,0,0.00%,68,0,0.00%,19.37%,0.00
03/09/2025,55,Bata Likat,Kenya,Nairobi East,Nairobi,0,323,-100.00%,0,56,-100.00%,0.00%,0.17
03/04/2026,55,Bata Likat,Kenya,Nairobi East,Nairobi,422,0,0.00%,0,0,0.00%,0.00%,0.00
02/27/2025,55,Bata Likat,Kenya,Nairobi East,Nairobi,0,316,-100.00%,0,157,-100.00%,0.00%,0.50
02/28/2026,55,Bata Likat,Kenya,Nairobi East,Nairobi,876,0,0.00%,223,0,0.00%,25.46%,0.00
03/07/2025,55,Bata Likat,Kenya,Nairobi East,Nairobi,0,492,-100.00%,0,132,-100.00%,0.00%,0.27
03/05/2026,55,Bata Likat,Kenya,Nairobi East,Nairobi,389,0,0.00%,65,0,0.00%,16.71%,0.00
01/14/2026,55,Bata Likat,Kenya,Nairobi East,Nairobi,968,0,0.00%,206,0,0.00%,21.29%,0.00
03/08/2026,55,Bata Likat,Kenya,Nairobi East,Nairobi,323,0,0.00%,57,0,0.00%,17.67%,0.00
01/07/2026,55,Bata Likat,Kenya,Nairobi East,Nairobi,1352,0,0.00%,378,0,0.00%,27.96%,0.00
03/06/2025,55,Bata Likat,Kenya,Nairobi East,Nairobi,0,494,-100.00%,0,108,-100.00%,0.00%,0.22
01/01/2026,55,Bata Likat,Kenya,Nairobi East,Nairobi,418,0,0.00%,0,0,0.00%,0.00%,0.00
02/04/2026,55,Bata Likat,Kenya,Nairobi East,Nairobi,348,0,0.00%,71,0,0.00%,20.43%,0.00
01/08/2026,55,Bata Likat,Kenya,Nairobi East,Nairobi,1226,0,0.00%,331,0,0.00%,27.00%,0.00
01/02/2026,55,Bata Likat,Kenya,Nairobi East,Nairobi,1121,0,0.00%,216,0,0.00%,19.27%,0.00
01/06/2026,55,Bata Likat,Kenya,Nairobi East,Nairobi,1604,0,0.00%,451,0,0.00%,28.13%,0.00
02/10/2026,55,Bata Likat,Kenya,Nairobi East,Nairobi,384,0,0.00%,75,0,0.00%,19.56%,0.00
01/23/2026,55,Bata Likat,Kenya,Nairobi East,Nairobi,529,0,0.00%,81,0,0.00%,15.33%,0.00
01/10/2026,55,Bata Likat,Kenya,Nairobi East,Nairobi,2074,0,0.00%,474,0,0.00%,22.86%,0.00
01/17/2026,55,Bata Likat,Kenya,Nairobi East,Nairobi,672,0,0.00%,134,0,0.00%,19.94%,0.00
02/12/2026,55,Bata Likat,Kenya,Nairobi East,Nairobi,400,0,0.00%,98,0,0.00%,24.50%,0.00
02/06/2026,55,Bata Likat,Kenya,Nairobi East,Nairobi,564,0,0.00%,77,0,0.00%,13.65%,0.00
01/13/2026,55,Bata Likat,Kenya,Nairobi East,Nairobi,1230,0,0.00%,279,0,0.00%,22.68%,0.00
01/19/2026,55,Bata Likat,Kenya,Nairobi East,Nairobi,508,0,0.00%,115,0,0.00%,22.66%,0.00
02/17/2026,55,Bata Likat,Kenya,Nairobi East,Nairobi,332,0,0.00%,64,0,0.00%,19.28%,0.00
02/08/2026,55,Bata Likat,Kenya,Nairobi East,Nairobi,373,0,0.00%,51,0,0.00%,13.69%,0.00
01/15/2026,55,Bata Likat,Kenya,Nairobi East,Nairobi,862,0,0.00%,178,0,0.00%,20.66%,0.00
01/25/2026,55,Bata Likat,Kenya,Nairobi East,Nairobi,389,0,0.00%,51,0,0.00%,13.11%,0.00
02/25/2026,55,Bata Likat,Kenya,Nairobi East,Nairobi,412,0,0.00%,86,0,0.00%,20.90%,0.00
02/16/2026,55,Bata Likat,Kenya,Nairobi East,Nairobi,355,0,0.00%,61,0,0.00%,17.21%,0.00
01/18/2026,55,Bata Likat,Kenya,Nairobi East,Nairobi,424,0,0.00%,77,0,0.00%,18.16%,0.00
01/28/2026,55,Bata Likat,Kenya,Nairobi East,Nairobi,411,0,0.00%,74,0,0.00%,18.00%,0.00
03/03/2026,55,Bata Likat,Kenya,Nairobi East,Nairobi,483,0,0.00%,149,0,0.00%,30.88%,0.00
02/21/2026,55,Bata Likat,Kenya,Nairobi East,Nairobi,385,0,0.00%,80,0,0.00%,20.78%,0.00
01/21/2026,55,Bata Likat,Kenya,Nairobi East,Nairobi,428,0,0.00%,100,0,0.00%,23.39%,0.00
01/30/2026,55,Bata Likat,Kenya,Nairobi East,Nairobi,417,0,0.00%,77,0,0.00%,18.49%,0.00
03/06/2026,55,Bata Likat,Kenya,Nairobi East,Nairobi,575,0,0.00%,137,0,0.00%,23.85%,0.00
02/22/2026,55,Bata Likat,Kenya,Nairobi East,Nairobi,239,0,0.00%,45,0,0.00%,18.87%,0.00
01/24/2026,55,Bata Likat,Kenya,Nairobi East,Nairobi,685,0,0.00%,106,0,0.00%,15.49%,0.00
02/02/2026,55,Bata Likat,Kenya,Nairobi East,Nairobi,352,0,0.00%,66,0,0.00%,18.75%,0.00
01/26/2026,55,Bata Likat,Kenya,Nairobi East,Nairobi,407,0,0.00%,0,0,0.00%,0.00%,0.00
03/09/2026,55,Bata Likat,Kenya,Nairobi East,Nairobi,27,0,0.00%,0,0,0.00%,0.00%,0.00
01/29/2026,55,Bata Likat,Kenya,Nairobi East,Nairobi,436,0,0.00%,80,0,0.00%,18.35%,0.00
02/07/2026,55,Bata Likat,Kenya,Nairobi East,Nairobi,660,0,0.00%,97,0,0.00%,14.71%,0.00
02/01/2026,55,Bata Likat,Kenya,Nairobi East,Nairobi,295,0,0.00%,51,0,0.00%,17.32%,0.00
02/09/2026,55,Bata Likat,Kenya,Nairobi East,Nairobi,359,0,0.00%,82,0,0.00%,22.87%,0.00
02/13/2026,55,Bata Likat,Kenya,Nairobi East,Nairobi,429,0,0.00%,83,0,0.00%,19.35%,0.00
02/15/2026,55,Bata Likat,Kenya,Nairobi East,Nairobi,252,0,0.00%,43,0,0.00%,17.06%,0.00
02/19/2026,55,Bata Likat,Kenya,Nairobi East,Nairobi,321,0,0.00%,67,0,0.00%,20.90%,0.00
02/18/2026,55,Bata Likat,Kenya,Nairobi East,Nairobi,356,0,0.00%,57,0,0.00%,16.01%,0.00
02/27/2026,55,Bata Likat,Kenya,Nairobi East,Nairobi,699,0,0.00%,156,0,0.00%,22.32%,0.00
02/20/2026,55,Bata Likat,Kenya,Nairobi East,Nairobi,334,0,0.00%,64,0,0.00%,19.16%,0.00
03/07/2026,55,Bata Likat,Kenya,Nairobi East,Nairobi,637,0,0.00%,100,0,0.00%,15.70%,0.00
02/26/2026,55,Bata Likat,Kenya,Nairobi East,Nairobi,410,0,0.00%,79,0,0.00%,19.27%,0.00
01/07/2025,81,Bata Machakos Two,Kenya,Nairobi East,Machakos,0,1458,-100.00%,0,474,-100.00%,0.00%,0.33
01/09/2025,81,Bata Machakos Two,Kenya,Nairobi East,Machakos,0,644,-100.00%,0,173,-100.00%,0.00%,0.27
01/01/2025,81,Bata Machakos Two,Kenya,Nairobi East,Machakos,0,303,-100.00%,0,0,0.00%,0.00%,0.00
01/05/2025,81,Bata Machakos Two,Kenya,Nairobi East,Machakos,0,1029,-100.00%,0,281,-100.00%,0.00%,0.27
01/10/2025,81,Bata Machakos Two,Kenya,Nairobi East,Machakos,0,583,-100.00%,0,179,-100.00%,0.00%,0.31
01/02/2025,81,Bata Machakos Two,Kenya,Nairobi East,Machakos,0,1209,-100.00%,0,248,-100.00%,0.00%,0.21
01/03/2025,81,Bata Machakos Two,Kenya,Nairobi East,Machakos,0,1578,-100.00%,0,386,-100.00%,0.00%,0.24
01/04/2025,81,Bata Machakos Two,Kenya,Nairobi East,Machakos,0,1493,-100.00%,0,399,-100.00%,0.00%,0.27
01/12/2025,81,Bata Machakos Two,Kenya,Nairobi East,Machakos,0,258,-100.00%,0,87,-100.00%,0.00%,0.34
01/11/2025,81,Bata Machakos Two,Kenya,Nairobi East,Machakos,0,623,-100.00%,0,191,-100.00%,0.00%,0.31
01/22/2025,81,Bata Machakos Two,Kenya,Nairobi East,Machakos,0,258,-100.00%,0,58,-100.00%,0.00%,0.22
01/15/2025,81,Bata Machakos Two,Kenya,Nairobi East,Machakos,0,397,-100.00%,0,93,-100.00%,0.00%,0.23
01/13/2025,81,Bata Machakos Two,Kenya,Nairobi East,Machakos,0,566,-100.00%,0,167,-100.00%,0.00%,0.30
01/23/2025,81,Bata Machakos Two,Kenya,Nairobi East,Machakos,0,279,-100.00%,0,56,-100.00%,0.00%,0.20
01/24/2025,81,Bata Machakos Two,Kenya,Nairobi East,Machakos,0,276,-100.00%,0,74,-100.00%,0.00%,0.27
01/06/2025,81,Bata Machakos Two,Kenya,Nairobi East,Machakos,0,1615,-100.00%,0,437,-100.00%,0.00%,0.27
01/28/2025,81,Bata Machakos Two,Kenya,Nairobi East,Machakos,0,271,-100.00%,0,92,-100.00%,0.00%,0.34
01/14/2025,81,Bata Machakos Two,Kenya,Nairobi East,Machakos,0,470,-100.00%,0,119,-100.00%,0.00%,0.25
01/30/2025,81,Bata Machakos Two,Kenya,Nairobi East,Machakos,0,305,-100.00%,0,93,-100.00%,0.00%,0.30
01/18/2025,81,Bata Machakos Two,Kenya,Nairobi East,Machakos,0,396,-100.00%,0,90,-100.00%,0.00%,0.23
01/29/2025,81,Bata Machakos Two,Kenya,Nairobi East,Machakos,0,277,-100.00%,0,57,-100.00%,0.00%,0.21
02/06/2025,81,Bata Machakos Two,Kenya,Nairobi East,Machakos,0,283,-100.00%,0,51,-100.00%,0.00%,0.18
02/01/2025,81,Bata Machakos Two,Kenya,Nairobi East,Machakos,0,439,-100.00%,0,123,-100.00%,0.00%,0.28
01/08/2025,81,Bata Machakos Two,Kenya,Nairobi East,Machakos,0,903,-100.00%,0,281,-100.00%,0.00%,0.31
02/11/2025,81,Bata Machakos Two,Kenya,Nairobi East,Machakos,0,307,-100.00%,0,58,-100.00%,0.00%,0.19
01/16/2025,81,Bata Machakos Two,Kenya,Nairobi East,Machakos,0,275,-100.00%,0,72,-100.00%,0.00%,0.26
02/07/2025,81,Bata Machakos Two,Kenya,Nairobi East,Machakos,0,349,-100.00%,0,92,-100.00%,0.00%,0.26
01/20/2025,81,Bata Machakos Two,Kenya,Nairobi East,Machakos,0,395,-100.00%,0,91,-100.00%,0.00%,0.23
02/16/2025,81,Bata Machakos Two,Kenya,Nairobi East,Machakos,0,120,-100.00%,0,23,-100.00%,0.00%,0.19
02/19/2025,81,Bata Machakos Two,Kenya,Nairobi East,Machakos,0,262,-100.00%,0,60,-100.00%,0.00%,0.23
02/09/2025,81,Bata Machakos Two,Kenya,Nairobi East,Machakos,0,146,-100.00%,0,31,-100.00%,0.00%,0.21
01/19/2025,81,Bata Machakos Two,Kenya,Nairobi East,Machakos,0,175,-100.00%,0,35,-100.00%,0.00%,0.20
02/24/2025,81,Bata Machakos Two,Kenya,Nairobi East,Machakos,0,249,-100.00%,0,47,-100.00%,0.00%,0.19
01/17/2025,81,Bata Machakos Two,Kenya,Nairobi East,Machakos,0,347,-100.00%,0,90,-100.00%,0.00%,0.26
02/20/2025,81,Bata Machakos Two,Kenya,Nairobi East,Machakos,0,236,-100.00%,0,54,-100.00%,0.00%,0.23
01/21/2025,81,Bata Machakos Two,Kenya,Nairobi East,Machakos,0,310,-100.00%,0,63,-100.00%,0.00%,0.20
03/01/2025,81,Bata Machakos Two,Kenya,Nairobi East,Machakos,0,485,-100.00%,0,114,-100.00%,0.00%,0.24
02/26/2025,81,Bata Machakos Two,Kenya,Nairobi East,Machakos,0,306,-100.00%,0,68,-100.00%,0.00%,0.22
02/23/2025,81,Bata Machakos Two,Kenya,Nairobi East,Machakos,0,154,-100.00%,0,20,-100.00%,0.00%,0.13
01/25/2025,81,Bata Machakos Two,Kenya,Nairobi East,Machakos,0,300,-100.00%,0,78,-100.00%,0.00%,0.26
03/04/2025,81,Bata Machakos Two,Kenya,Nairobi East,Machakos,0,448,-100.00%,0,139,-100.00%,0.00%,0.31
01/27/2025,81,Bata Machakos Two,Kenya,Nairobi East,Machakos,0,302,-100.00%,0,0,0.00%,0.00%,0.00
01/01/2026,81,Bata Machakos Two,Kenya,Nairobi East,Machakos,345,0,0.00%,0,0,0.00%,0.00%,0.00
01/26/2025,81,Bata Machakos Two,Kenya,Nairobi East,Machakos,0,180,-100.00%,0,26,-100.00%,0.00%,0.14
03/09/2025,81,Bata Machakos Two,Kenya,Nairobi East,Machakos,0,165,-100.00%,0,37,-100.00%,0.00%,0.22
03/07/2025,81,Bata Machakos Two,Kenya,Nairobi East,Machakos,0,333,-100.00%,0,92,-100.00%,0.00%,0.28
01/14/2026,81,Bata Machakos Two,Kenya,Nairobi East,Machakos,736,0,0.00%,158,0,0.00%,21.47%,0.00
02/02/2025,81,Bata Machakos Two,Kenya,Nairobi East,Machakos,0,185,-100.00%,0,53,-100.00%,0.00%,0.29
01/02/2026,81,Bata Machakos Two,Kenya,Nairobi East,Machakos,1451,0,0.00%,352,0,0.00%,24.27%,0.00
02/10/2025,81,Bata Machakos Two,Kenya,Nairobi East,Machakos,0,327,-100.00%,0,79,-100.00%,0.00%,0.24
01/20/2026,81,Bata Machakos Two,Kenya,Nairobi East,Machakos,316,0,0.00%,55,0,0.00%,17.41%,0.00
01/31/2025,81,Bata Machakos Two,Kenya,Nairobi East,Machakos,0,329,-100.00%,0,81,-100.00%,0.00%,0.25
01/08/2026,81,Bata Machakos Two,Kenya,Nairobi East,Machakos,972,0,0.00%,271,0,0.00%,27.90%,0.00
01/03/2026,81,Bata Machakos Two,Kenya,Nairobi East,Machakos,1674,0,0.00%,390,0,0.00%,23.30%,0.00
01/22/2026,81,Bata Machakos Two,Kenya,Nairobi East,Machakos,267,0,0.00%,56,0,0.00%,21.01%,0.00
02/04/2025,81,Bata Machakos Two,Kenya,Nairobi East,Machakos,0,332,-100.00%,0,81,-100.00%,0.00%,0.24
01/16/2026,81,Bata Machakos Two,Kenya,Nairobi East,Machakos,478,0,0.00%,115,0,0.00%,24.06%,0.00
02/12/2025,81,Bata Machakos Two,Kenya,Nairobi East,Machakos,0,276,-100.00%,0,55,-100.00%,0.00%,0.20
01/28/2026,81,Bata Machakos Two,Kenya,Nairobi East,Machakos,219,0,0.00%,43,0,0.00%,19.63%,0.00
02/03/2025,81,Bata Machakos Two,Kenya,Nairobi East,Machakos,0,317,-100.00%,0,68,-100.00%,0.00%,0.21
02/06/2026,81,Bata Machakos Two,Kenya,Nairobi East,Machakos,261,0,0.00%,52,0,0.00%,19.96%,0.00
01/10/2026,81,Bata Machakos Two,Kenya,Nairobi East,Machakos,1228,0,0.00%,310,0,0.00%,25.25%,0.00
01/30/2026,81,Bata Machakos Two,Kenya,Nairobi East,Machakos,276,0,0.00%,69,0,0.00%,25.05%,0.00
02/15/2025,81,Bata Machakos Two,Kenya,Nairobi East,Machakos,0,311,-100.00%,0,85,-100.00%,0.00%,0.27
02/11/2026,81,Bata Machakos Two,Kenya,Nairobi East,Machakos,204,0,0.00%,59,0,0.00%,28.92%,0.00
02/25/2025,81,Bata Machakos Two,Kenya,Nairobi East,Machakos,0,220,-100.00%,0,55,-100.00%,0.00%,0.25
02/04/2026,81,Bata Machakos Two,Kenya,Nairobi East,Machakos,231,0,0.00%,52,0,0.00%,22.56%,0.00
02/05/2025,81,Bata Machakos Two,Kenya,Nairobi East,Machakos,0,303,-100.00%,0,81,-100.00%,0.00%,0.27
02/14/2026,81,Bata Machakos Two,Kenya,Nairobi East,Machakos,254,0,0.00%,52,0,0.00%,20.47%,0.00
01/18/2026,81,Bata Machakos Two,Kenya,Nairobi East,Machakos,211,0,0.00%,42,0,0.00%,19.91%,0.00
02/12/2026,81,Bata Machakos Two,Kenya,Nairobi East,Machakos,184,0,0.00%,28,0,0.00%,15.26%,0.00
02/17/2025,81,Bata Machakos Two,Kenya,Nairobi East,Machakos,0,287,-100.00%,0,69,-100.00%,0.00%,0.24
02/19/2026,81,Bata Machakos Two,Kenya,Nairobi East,Machakos,172,0,0.00%,40,0,0.00%,23.26%,0.00
03/02/2025,81,Bata Machakos Two,Kenya,Nairobi East,Machakos,0,314,-100.00%,0,78,-100.00%,0.00%,0.25
02/18/2026,81,Bata Machakos Two,Kenya,Nairobi East,Machakos,189,0,0.00%,46,0,0.00%,24.34%,0.00
02/08/2025,81,Bata Machakos Two,Kenya,Nairobi East,Machakos,0,345,-100.00%,0,89,-100.00%,0.00%,0.26
03/07/2026,81,Bata Machakos Two,Kenya,Nairobi East,Machakos,284,0,0.00%,80,0,0.00%,28.22%,0.00
01/19/2026,81,Bata Machakos Two,Kenya,Nairobi East,Machakos,412,0,0.00%,85,0,0.00%,20.66%,0.00
02/20/2026,81,Bata Machakos Two,Kenya,Nairobi East,Machakos,145,0,0.00%,36,0,0.00%,24.83%,0.00
02/18/2025,81,Bata Machakos Two,Kenya,Nairobi East,Machakos,0,247,-100.00%,0,58,-100.00%,0.00%,0.23
02/23/2026,81,Bata Machakos Two,Kenya,Nairobi East,Machakos,222,0,0.00%,57,0,0.00%,25.73%,0.00
03/05/2025,81,Bata Machakos Two,Kenya,Nairobi East,Machakos,0,292,-100.00%,0,80,-100.00%,0.00%,0.27
03/03/2026,81,Bata Machakos Two,Kenya,Nairobi East,Machakos,412,0,0.00%,109,0,0.00%,26.49%,0.00
02/13/2025,81,Bata Machakos Two,Kenya,Nairobi East,Machakos,0,230,-100.00%,0,43,-100.00%,0.00%,0.19
03/08/2026,81,Bata Machakos Two,Kenya,Nairobi East,Machakos,225,0,0.00%,44,0,0.00%,19.60%,0.00
01/21/2026,81,Bata Machakos Two,Kenya,Nairobi East,Machakos,224,0,0.00%,56,0,0.00%,25.06%,0.00
02/22/2025,81,Bata Machakos Two,Kenya,Nairobi East,Machakos,0,280,-100.00%,0,72,-100.00%,0.00%,0.26
01/06/2026,81,Bata Machakos Two,Kenya,Nairobi East,Machakos,1405,0,0.00%,342,0,0.00%,24.35%,0.00
02/14/2025,81,Bata Machakos Two,Kenya,Nairobi East,Machakos,0,333,-100.00%,0,69,-100.00%,0.00%,0.21
02/01/2026,81,Bata Machakos Two,Kenya,Nairobi East,Machakos,169,0,0.00%,42,0,0.00%,24.93%,0.00
02/28/2025,81,Bata Machakos Two,Kenya,Nairobi East,Machakos,0,479,-100.00%,0,116,-100.00%,0.00%,0.24
01/09/2026,81,Bata Machakos Two,Kenya,Nairobi East,Machakos,1116,0,0.00%,252,0,0.00%,22.58%,0.00
02/21/2025,81,Bata Machakos Two,Kenya,Nairobi East,Machakos,0,269,-100.00%,0,57,-100.00%,0.00%,0.21
02/08/2026,81,Bata Machakos Two,Kenya,Nairobi East,Machakos,181,0,0.00%,32,0,0.00%,17.68%,0.00
03/03/2025,81,Bata Machakos Two,Kenya,Nairobi East,Machakos,0,720,-100.00%,0,226,-100.00%,0.00%,0.31
01/12/2026,81,Bata Machakos Two,Kenya,Nairobi East,Machakos,1445,0,0.00%,310,0,0.00%,21.46%,0.00
02/27/2025,81,Bata Machakos Two,Kenya,Nairobi East,Machakos,0,336,-100.00%,0,88,-100.00%,0.00%,0.26
02/16/2026,81,Bata Machakos Two,Kenya,Nairobi East,Machakos,219,0,0.00%,46,0,0.00%,21.05%,0.00
03/08/2025,81,Bata Machakos Two,Kenya,Nairobi East,Machakos,0,253,-100.00%,0,66,-100.00%,0.00%,0.26
01/25/2026,81,Bata Machakos Two,Kenya,Nairobi East,Machakos,167,0,0.00%,39,0,0.00%,23.42%,0.00
03/06/2025,81,Bata Machakos Two,Kenya,Nairobi East,Machakos,0,271,-100.00%,0,68,-100.00%,0.00%,0.25
02/17/2026,81,Bata Machakos Two,Kenya,Nairobi East,Machakos,220,0,0.00%,55,0,0.00%,25.06%,0.00
01/04/2026,81,Bata Machakos Two,Kenya,Nairobi East,Machakos,1062,0,0.00%,239,0,0.00%,22.52%,0.00
02/15/2026,81,Bata Machakos Two,Kenya,Nairobi East,Machakos,129,0,0.00%,20,0,0.00%,15.56%,0.00
01/05/2026,81,Bata Machakos Two,Kenya,Nairobi East,Machakos,1673,0,0.00%,399,0,0.00%,23.86%,0.00
02/24/2026,81,Bata Machakos Two,Kenya,Nairobi East,Machakos,212,0,0.00%,42,0,0.00%,19.86%,0.00
01/07/2026,81,Bata Machakos Two,Kenya,Nairobi East,Machakos,1195,0,0.00%,326,0,0.00%,27.28%,0.00
02/21/2026,81,Bata Machakos Two,Kenya,Nairobi East,Machakos,207,0,0.00%,45,0,0.00%,21.79%,0.00
01/11/2026,81,Bata Machakos Two,Kenya,Nairobi East,Machakos,546,0,0.00%,122,0,0.00%,22.36%,0.00
02/27/2026,81,Bata Machakos Two,Kenya,Nairobi East,Machakos,406,0,0.00%,98,0,0.00%,24.14%,0.00
01/15/2026,81,Bata Machakos Two,Kenya,Nairobi East,Machakos,628,0,0.00%,148,0,0.00%,23.57%,0.00
02/26/2026,81,Bata Machakos Two,Kenya,Nairobi East,Machakos,246,0,0.00%,62,0,0.00%,25.25%,0.00
01/13/2026,81,Bata Machakos Two,Kenya,Nairobi East,Machakos,994,0,0.00%,233,0,0.00%,23.45%,0.00
03/02/2026,81,Bata Machakos Two,Kenya,Nairobi East,Machakos,653,0,0.00%,182,0,0.00%,27.89%,0.00
01/17/2026,81,Bata Machakos Two,Kenya,Nairobi East,Machakos,456,0,0.00%,112,0,0.00%,24.56%,0.00
03/01/2026,81,Bata Machakos Two,Kenya,Nairobi East,Machakos,256,0,0.00%,51,0,0.00%,19.92%,0.00
01/24/2026,81,Bata Machakos Two,Kenya,Nairobi East,Machakos,328,0,0.00%,72,0,0.00%,21.95%,0.00
03/09/2026,81,Bata Machakos Two,Kenya,Nairobi East,Machakos,25,0,0.00%,0,0,0.00%,0.00%,0.00
01/23/2026,81,Bata Machakos Two,Kenya,Nairobi East,Machakos,324,0,0.00%,71,0,0.00%,21.91%,0.00
01/26/2026,81,Bata Machakos Two,Kenya,Nairobi East,Machakos,289,0,0.00%,18,0,0.00%,6.23%,0.00
02/02/2026,81,Bata Machakos Two,Kenya,Nairobi East,Machakos,276,0,0.00%,77,0,0.00%,27.95%,0.00
01/27/2026,81,Bata Machakos Two,Kenya,Nairobi East,Machakos,246,0,0.00%,52,0,0.00%,21.18%,0.00
02/05/2026,81,Bata Machakos Two,Kenya,Nairobi East,Machakos,240,0,0.00%,43,0,0.00%,17.95%,0.00
01/29/2026,81,Bata Machakos Two,Kenya,Nairobi East,Machakos,282,0,0.00%,39,0,0.00%,13.85%,0.00
02/07/2026,81,Bata Machakos Two,Kenya,Nairobi East,Machakos,345,0,0.00%,72,0,0.00%,20.90%,0.00
01/31/2026,81,Bata Machakos Two,Kenya,Nairobi East,Machakos,336,0,0.00%,76,0,0.00%,22.65%,0.00
02/10/2026,81,Bata Machakos Two,Kenya,Nairobi East,Machakos,230,0,0.00%,42,0,0.00%,18.30%,0.00
02/03/2026,81,Bata Machakos Two,Kenya,Nairobi East,Machakos,279,0,0.00%,51,0,0.00%,18.31%,0.00
02/13/2026,81,Bata Machakos Two,Kenya,Nairobi East,Machakos,227,0,0.00%,49,0,0.00%,21.59%,0.00
02/09/2026,81,Bata Machakos Two,Kenya,Nairobi East,Machakos,278,0,0.00%,71,0,0.00%,25.54%,0.00
02/28/2026,81,Bata Machakos Two,Kenya,Nairobi East,Machakos,376,0,0.00%,115,0,0.00%,30.63%,0.00
02/22/2026,81,Bata Machakos Two,Kenya,Nairobi East,Machakos,86,0,0.00%,16,0,0.00%,18.71%,0.00
03/06/2026,81,Bata Machakos Two,Kenya,Nairobi East,Machakos,252,0,0.00%,71,0,0.00%,28.17%,0.00
02/25/2026,81,Bata Machakos Two,Kenya,Nairobi East,Machakos,268,0,0.00%,72,0,0.00%,26.87%,0.00
03/04/2026,81,Bata Machakos Two,Kenya,Nairobi East,Machakos,276,0,0.00%,81,0,0.00%,29.35%,0.00
03/05/2026,81,Bata Machakos Two,Kenya,Nairobi East,Machakos,219,0,0.00%,49,0,0.00%,22.43%,0.00
01/03/2025,161,Bata Meru Three,Kenya,Mountain,Meru,0,527,-100.00%,0,180,-100.00%,0.00%,0.34
01/17/2025,161,Bata Meru Three,Kenya,Mountain,Meru,0,101,-100.00%,0,24,-100.00%,0.00%,0.24
01/10/2025,161,Bata Meru Three,Kenya,Mountain,Meru,0,165,-100.00%,0,45,-100.00%,0.00%,0.27
01/07/2025,161,Bata Meru Three,Kenya,Mountain,Meru,0,442,-100.00%,0,156,-100.00%,0.00%,0.35
01/14/2025,161,Bata Meru Three,Kenya,Mountain,Meru,0,98,-100.00%,0,21,-100.00%,0.00%,0.21
01/02/2025,161,Bata Meru Three,Kenya,Mountain,Meru,0,313,-100.00%,0,41,-100.00%,0.00%,0.13
01/21/2025,161,Bata Meru Three,Kenya,Mountain,Meru,0,87,-100.00%,0,25,-100.00%,0.00%,0.29
01/01/2025,161,Bata Meru Three,Kenya,Mountain,Meru,0,64,-100.00%,0,1,-100.00%,0.00%,0.02
01/25/2025,161,Bata Meru Three,Kenya,Mountain,Meru,0,109,-100.00%,0,22,-100.00%,0.00%,0.20
01/19/2025,161,Bata Meru Three,Kenya,Mountain,Meru,0,26,-100.00%,0,3,-100.00%,0.00%,0.12
01/23/2025,161,Bata Meru Three,Kenya,Mountain,Meru,0,71,-100.00%,0,25,-100.00%,0.00%,0.35
01/16/2025,161,Bata Meru Three,Kenya,Mountain,Meru,0,114,-100.00%,0,34,-100.00%,0.00%,0.30
01/27/2025,161,Bata Meru Three,Kenya,Mountain,Meru,0,102,-100.00%,0,9,-100.00%,0.00%,0.09
01/05/2025,161,Bata Meru Three,Kenya,Mountain,Meru,0,115,-100.00%,0,29,-100.00%,0.00%,0.25
01/24/2025,161,Bata Meru Three,Kenya,Mountain,Meru,0,71,-100.00%,0,16,-100.00%,0.00%,0.23
01/04/2025,161,Bata Meru Three,Kenya,Mountain,Meru,0,417,-100.00%,0,163,-100.00%,0.00%,0.39
02/02/2025,161,Bata Meru Three,Kenya,Mountain,Meru,0,44,-100.00%,0,10,-100.00%,0.00%,0.23
01/30/2025,161,Bata Meru Three,Kenya,Mountain,Meru,0,86,-100.00%,0,18,-100.00%,0.00%,0.21
02/03/2025,161,Bata Meru Three,Kenya,Mountain,Meru,0,120,-100.00%,0,17,-100.00%,0.00%,0.14
01/18/2025,161,Bata Meru Three,Kenya,Mountain,Meru,0,143,-100.00%,0,37,-100.00%,0.00%,0.26
02/10/2025,161,Bata Meru Three,Kenya,Mountain,Meru,0,109,-100.00%,0,26,-100.00%,0.00%,0.24
01/08/2025,161,Bata Meru Three,Kenya,Mountain,Meru,0,329,-100.00%,0,97,-100.00%,0.00%,0.29
02/05/2025,161,Bata Meru Three,Kenya,Mountain,Meru,0,86,-100.00%,0,18,-100.00%,0.00%,0.21
01/06/2025,161,Bata Meru Three,Kenya,Mountain,Meru,0,675,-100.00%,0,213,-100.00%,0.00%,0.32
02/15/2025,161,Bata Meru Three,Kenya,Mountain,Meru,0,109,-100.00%,0,24,-100.00%,0.00%,0.22
02/04/2025,161,Bata Meru Three,Kenya,Mountain,Meru,0,92,-100.00%,0,16,-100.00%,0.00%,0.17
02/11/2025,161,Bata Meru Three,Kenya,Mountain,Meru,0,62,-100.00%,0,15,-100.00%,0.00%,0.24
01/26/2025,161,Bata Meru Three,Kenya,Mountain,Meru,0,32,-100.00%,0,4,-100.00%,0.00%,0.13
02/26/2025,161,Bata Meru Three,Kenya,Mountain,Meru,0,136,-100.00%,0,30,-100.00%,0.00%,0.22
01/13/2025,161,Bata Meru Three,Kenya,Mountain,Meru,0,152,-100.00%,0,42,-100.00%,0.00%,0.28
02/24/2025,161,Bata Meru Three,Kenya,Mountain,Meru,0,70,-100.00%,0,7,-100.00%,0.00%,0.10
01/09/2025,161,Bata Meru Three,Kenya,Mountain,Meru,0,177,-100.00%,0,53,-100.00%,0.00%,0.30
02/28/2025,161,Bata Meru Three,Kenya,Mountain,Meru,0,161,-100.00%,0,41,-100.00%,0.00%,0.25
02/07/2025,161,Bata Meru Three,Kenya,Mountain,Meru,0,128,-100.00%,0,30,-100.00%,0.00%,0.23
02/27/2025,161,Bata Meru Three,Kenya,Mountain,Meru,0,82,-100.00%,0,23,-100.00%,0.00%,0.28
01/29/2025,161,Bata Meru Three,Kenya,Mountain,Meru,0,95,-100.00%,0,17,-100.00%,0.00%,0.18
01/04/2026,161,Bata Meru Three,Kenya,Mountain,Meru,0,0,0.00%,18,0,0.00%,0.00%,0.00
01/15/2025,161,Bata Meru Three,Kenya,Mountain,Meru,0,93,-100.00%,0,28,-100.00%,0.00%,0.30
03/09/2025,161,Bata Meru Three,Kenya,Mountain,Meru,0,47,-100.00%,0,3,-100.00%,0.00%,0.06
01/11/2025,161,Bata Meru Three,Kenya,Mountain,Meru,0,200,-100.00%,0,62,-100.00%,0.00%,0.31
01/07/2026,161,Bata Meru Three,Kenya,Mountain,Meru,388,0,0.00%,110,0,0.00%,28.35%,0.00
02/12/2025,161,Bata Meru Three,Kenya,Mountain,Meru,0,57,-100.00%,0,20,-100.00%,0.00%,0.35
01/18/2026,161,Bata Meru Three,Kenya,Mountain,Meru,54,0,0.00%,4,0,0.00%,7.48%,0.00
02/06/2025,161,Bata Meru Three,Kenya,Mountain,Meru,0,100,-100.00%,0,21,-100.00%,0.00%,0.21
01/23/2026,161,Bata Meru Three,Kenya,Mountain,Meru,94,0,0.00%,21,0,0.00%,22.46%,0.00
01/31/2025,161,Bata Meru Three,Kenya,Mountain,Meru,0,127,-100.00%,0,24,-100.00%,0.00%,0.19
01/19/2026,161,Bata Meru Three,Kenya,Mountain,Meru,62,0,0.00%,20,0,0.00%,32.52%,0.00
01/12/2025,161,Bata Meru Three,Kenya,Mountain,Meru,0,36,-100.00%,0,3,-100.00%,0.00%,0.08
01/28/2026,161,Bata Meru Three,Kenya,Mountain,Meru,76,0,0.00%,15,0,0.00%,19.87%,0.00
02/18/2025,161,Bata Meru Three,Kenya,Mountain,Meru,0,71,-100.00%,0,14,-100.00%,0.00%,0.20
02/01/2026,161,Bata Meru Three,Kenya,Mountain,Meru,26,0,0.00%,5,0,0.00%,19.23%,0.00
02/13/2025,161,Bata Meru Three,Kenya,Mountain,Meru,0,83,-100.00%,0,12,-100.00%,0.00%,0.14
01/30/2026,161,Bata Meru Three,Kenya,Mountain,Meru,74,0,0.00%,17,0,0.00%,22.97%,0.00
02/01/2025,161,Bata Meru Three,Kenya,Mountain,Meru,0,131,-100.00%,0,34,-100.00%,0.00%,0.26
02/03/2026,161,Bata Meru Three,Kenya,Mountain,Meru,41,0,0.00%,14,0,0.00%,34.57%,0.00
01/20/2025,161,Bata Meru Three,Kenya,Mountain,Meru,0,88,-100.00%,0,23,-100.00%,0.00%,0.26
01/31/2026,161,Bata Meru Three,Kenya,Mountain,Meru,104,0,0.00%,28,0,0.00%,26.92%,0.00
02/23/2025,161,Bata Meru Three,Kenya,Mountain,Meru,0,42,-100.00%,0,3,-100.00%,0.00%,0.07
02/11/2026,161,Bata Meru Three,Kenya,Mountain,Meru,72,0,0.00%,13,0,0.00%,18.06%,0.00
02/14/2025,161,Bata Meru Three,Kenya,Mountain,Meru,0,99,-100.00%,0,21,-100.00%,0.00%,0.21
02/07/2026,161,Bata Meru Three,Kenya,Mountain,Meru,85,0,0.00%,26,0,0.00%,30.59%,0.00
02/08/2025,161,Bata Meru Three,Kenya,Mountain,Meru,0,87,-100.00%,0,17,-100.00%,0.00%,0.20
02/14/2026,161,Bata Meru Three,Kenya,Mountain,Meru,97,0,0.00%,17,0,0.00%,17.53%,0.00
01/22/2025,161,Bata Meru Three,Kenya,Mountain,Meru,0,88,-100.00%,0,18,-100.00%,0.00%,0.20
02/13/2026,161,Bata Meru Three,Kenya,Mountain,Meru,87,0,0.00%,15,0,0.00%,17.24%,0.00
03/06/2025,161,Bata Meru Three,Kenya,Mountain,Meru,0,81,-100.00%,0,24,-100.00%,0.00%,0.30
02/25/2026,161,Bata Meru Three,Kenya,Mountain,Meru,42,0,0.00%,18,0,0.00%,42.86%,0.00
02/19/2025,161,Bata Meru Three,Kenya,Mountain,Meru,0,83,-100.00%,0,10,-100.00%,0.00%,0.12
02/16/2026,161,Bata Meru Three,Kenya,Mountain,Meru,97,0,0.00%,19,0,0.00%,19.59%,0.00
02/16/2025,161,Bata Meru Three,Kenya,Mountain,Meru,0,29,-100.00%,0,2,-100.00%,0.00%,0.07
03/02/2026,161,Bata Meru Three,Kenya,Mountain,Meru,223,0,0.00%,83,0,0.00%,37.30%,0.00
01/28/2025,161,Bata Meru Three,Kenya,Mountain,Meru,0,71,-100.00%,0,14,-100.00%,0.00%,0.20
02/18/2026,161,Bata Meru Three,Kenya,Mountain,Meru,83,0,0.00%,11,0,0.00%,13.33%,0.00
03/08/2025,161,Bata Meru Three,Kenya,Mountain,Meru,0,123,-100.00%,0,44,-100.00%,0.00%,0.36
02/21/2026,161,Bata Meru Three,Kenya,Mountain,Meru,65,0,0.00%,18,0,0.00%,27.69%,0.00
02/21/2025,161,Bata Meru Three,Kenya,Mountain,Meru,0,92,-100.00%,0,27,-100.00%,0.00%,0.29
02/23/2026,161,Bata Meru Three,Kenya,Mountain,Meru,100,0,0.00%,16,0,0.00%,16.00%,0.00
02/22/2025,161,Bata Meru Three,Kenya,Mountain,Meru,0,72,-100.00%,0,24,-100.00%,0.00%,0.33
02/26/2026,161,Bata Meru Three,Kenya,Mountain,Meru,53,0,0.00%,35,0,0.00%,66.67%,0.00
02/09/2025,161,Bata Meru Three,Kenya,Mountain,Meru,0,39,-100.00%,0,6,-100.00%,0.00%,0.15
01/12/2026,161,Bata Meru Three,Kenya,Mountain,Meru,309,0,0.00%,64,0,0.00%,20.75%,0.00
03/04/2025,161,Bata Meru Three,Kenya,Mountain,Meru,0,189,-100.00%,0,64,-100.00%,0.00%,0.34
03/01/2025,161,Bata Meru Three,Kenya,Mountain,Meru,0,189,-100.00%,0,48,-100.00%,0.00%,0.25
02/17/2025,161,Bata Meru Three,Kenya,Mountain,Meru,0,86,-100.00%,0,19,-100.00%,0.00%,0.22
01/15/2026,161,Bata Meru Three,Kenya,Mountain,Meru,90,0,0.00%,33,0,0.00%,36.67%,0.00
03/07/2025,161,Bata Meru Three,Kenya,Mountain,Meru,0,91,-100.00%,0,18,-100.00%,0.00%,0.20
03/02/2025,161,Bata Meru Three,Kenya,Mountain,Meru,0,42,-100.00%,0,5,-100.00%,0.00%,0.12
02/20/2025,161,Bata Meru Three,Kenya,Mountain,Meru,0,81,-100.00%,0,12,-100.00%,0.00%,0.15
01/17/2026,161,Bata Meru Three,Kenya,Mountain,Meru,106,0,0.00%,28,0,0.00%,26.54%,0.00
01/05/2026,161,Bata Meru Three,Kenya,Mountain,Meru,479,0,0.00%,178,0,0.00%,37.16%,0.00
01/03/2026,161,Bata Meru Three,Kenya,Mountain,Meru,391,0,0.00%,105,0,0.00%,26.85%,0.00
02/25/2025,161,Bata Meru Three,Kenya,Mountain,Meru,0,76,-100.00%,0,16,-100.00%,0.00%,0.21
01/20/2026,161,Bata Meru Three,Kenya,Mountain,Meru,96,0,0.00%,16,0,0.00%,16.75%,0.00
01/08/2026,161,Bata Meru Three,Kenya,Mountain,Meru,332,0,0.00%,99,0,0.00%,29.82%,0.00
01/06/2026,161,Bata Meru Three,Kenya,Mountain,Meru,362,0,0.00%,101,0,0.00%,27.94%,0.00
03/03/2025,161,Bata Meru Three,Kenya,Mountain,Meru,0,179,-100.00%,0,68,-100.00%,0.00%,0.38
01/22/2026,161,Bata Meru Three,Kenya,Mountain,Meru,36,0,0.00%,19,0,0.00%,52.78%,0.00
01/11/2026,161,Bata Meru Three,Kenya,Mountain,Meru,85,0,0.00%,20,0,0.00%,23.67%,0.00
01/10/2026,161,Bata Meru Three,Kenya,Mountain,Meru,376,0,0.00%,118,0,0.00%,31.42%,0.00
03/05/2025,161,Bata Meru Three,Kenya,Mountain,Meru,0,88,-100.00%,0,20,-100.00%,0.00%,0.23
02/10/2026,161,Bata Meru Three,Kenya,Mountain,Meru,0,0,0.00%,18,0,0.00%,0.00%,0.00
01/16/2026,161,Bata Meru Three,Kenya,Mountain,Meru,79,0,0.00%,22,0,0.00%,28.03%,0.00
01/13/2026,161,Bata Meru Three,Kenya,Mountain,Meru,231,0,0.00%,53,0,0.00%,22.99%,0.00
01/01/2026,161,Bata Meru Three,Kenya,Mountain,Meru,49,0,0.00%,1,0,0.00%,2.04%,0.00
02/24/2026,161,Bata Meru Three,Kenya,Mountain,Meru,93,0,0.00%,24,0,0.00%,25.95%,0.00
01/24/2026,161,Bata Meru Three,Kenya,Mountain,Meru,104,0,0.00%,20,0,0.00%,19.23%,0.00
01/21/2026,161,Bata Meru Three,Kenya,Mountain,Meru,58,0,0.00%,20,0,0.00%,34.78%,0.00
01/02/2026,161,Bata Meru Three,Kenya,Mountain,Meru,494,0,0.00%,60,0,0.00%,12.15%,0.00
03/08/2026,161,Bata Meru Three,Kenya,Mountain,Meru,38,0,0.00%,6,0,0.00%,16.00%,0.00
02/04/2026,161,Bata Meru Three,Kenya,Mountain,Meru,99,0,0.00%,23,0,0.00%,23.35%,0.00
01/26/2026,161,Bata Meru Three,Kenya,Mountain,Meru,18,0,0.00%,0,0,0.00%,0.00%,0.00
01/09/2026,161,Bata Meru Three,Kenya,Mountain,Meru,323,0,0.00%,79,0,0.00%,24.46%,0.00
03/09/2026,161,Bata Meru Three,Kenya,Mountain,Meru,17,0,0.00%,0,0,0.00%,0.00%,0.00
02/12/2026,161,Bata Meru Three,Kenya,Mountain,Meru,41,0,0.00%,10,0,0.00%,24.39%,0.00
01/27/2026,161,Bata Meru Three,Kenya,Mountain,Meru,31,0,0.00%,16,0,0.00%,52.46%,0.00
01/14/2026,161,Bata Meru Three,Kenya,Mountain,Meru,191,0,0.00%,43,0,0.00%,22.51%,0.00
01/29/2026,161,Bata Meru Three,Kenya,Mountain,Meru,82,0,0.00%,12,0,0.00%,14.72%,0.00
02/20/2026,161,Bata Meru Three,Kenya,Mountain,Meru,101,0,0.00%,23,0,0.00%,22.89%,0.00
02/06/2026,161,Bata Meru Three,Kenya,Mountain,Meru,103,0,0.00%,24,0,0.00%,23.41%,0.00
01/25/2026,161,Bata Meru Three,Kenya,Mountain,Meru,71,0,0.00%,7,0,0.00%,9.86%,0.00
02/09/2026,161,Bata Meru Three,Kenya,Mountain,Meru,33,0,0.00%,14,0,0.00%,43.08%,0.00
02/22/2026,161,Bata Meru Three,Kenya,Mountain,Meru,41,0,0.00%,2,0,0.00%,4.94%,0.00
02/17/2026,161,Bata Meru Three,Kenya,Mountain,Meru,42,0,0.00%,12,0,0.00%,28.92%,0.00
02/02/2026,161,Bata Meru Three,Kenya,Mountain,Meru,95,0,0.00%,25,0,0.00%,26.46%,0.00
02/19/2026,161,Bata Meru Three,Kenya,Mountain,Meru,106,0,0.00%,14,0,0.00%,13.21%,0.00
03/07/2026,161,Bata Meru Three,Kenya,Mountain,Meru,0,0,0.00%,25,0,0.00%,0.00%,0.00
02/27/2026,161,Bata Meru Three,Kenya,Mountain,Meru,108,0,0.00%,35,0,0.00%,32.56%,0.00
02/05/2026,161,Bata Meru Three,Kenya,Mountain,Meru,71,0,0.00%,22,0,0.00%,31.21%,0.00
03/04/2026,161,Bata Meru Three,Kenya,Mountain,Meru,87,0,0.00%,14,0,0.00%,16.18%,0.00
02/08/2026,161,Bata Meru Three,Kenya,Mountain,Meru,27,0,0.00%,7,0,0.00%,26.42%,0.00
03/05/2026,161,Bata Meru Three,Kenya,Mountain,Meru,74,0,0.00%,18,0,0.00%,24.32%,0.00
02/15/2026,161,Bata Meru Three,Kenya,Mountain,Meru,16,0,0.00%,3,0,0.00%,18.75%,0.00
02/28/2026,161,Bata Meru Three,Kenya,Mountain,Meru,135,0,0.00%,18,0,0.00%,13.33%,0.00
03/03/2026,161,Bata Meru Three,Kenya,Mountain,Meru,135,0,0.00%,51,0,0.00%,37.92%,0.00
03/06/2026,161,Bata Meru Three,Kenya,Mountain,Meru,70,0,0.00%,19,0,0.00%,27.14%,0.00
01/03/2025,121,Bata Migori One,Kenya,Nyanza,Migori,0,498,-100.00%,0,163,-100.00%,0.00%,0.33
01/02/2025,121,Bata Migori One,Kenya,Nyanza,Migori,0,281,-100.00%,0,35,-100.00%,0.00%,0.12
01/07/2025,121,Bata Migori One,Kenya,Nyanza,Migori,0,568,-100.00%,0,179,-100.00%,0.00%,0.32
01/08/2025,121,Bata Migori One,Kenya,Nyanza,Migori,0,441,-100.00%,0,153,-100.00%,0.00%,0.35
01/13/2025,121,Bata Migori One,Kenya,Nyanza,Migori,0,358,-100.00%,0,93,-100.00%,0.00%,0.26
01/05/2025,121,Bata Migori One,Kenya,Nyanza,Migori,0,345,-100.00%,0,142,-100.00%,0.00%,0.41
01/09/2025,121,Bata Migori One,Kenya,Nyanza,Migori,0,298,-100.00%,0,92,-100.00%,0.00%,0.31
01/01/2025,121,Bata Migori One,Kenya,Nyanza,Migori,0,94,-100.00%,0,0,0.00%,0.00%,0.00
01/14/2025,121,Bata Migori One,Kenya,Nyanza,Migori,0,178,-100.00%,0,49,-100.00%,0.00%,0.28
01/04/2025,121,Bata Migori One,Kenya,Nyanza,Migori,0,405,-100.00%,0,114,-100.00%,0.00%,0.28
01/10/2025,121,Bata Migori One,Kenya,Nyanza,Migori,0,269,-100.00%,0,85,-100.00%,0.00%,0.32
01/11/2025,121,Bata Migori One,Kenya,Nyanza,Migori,0,276,-100.00%,0,95,-100.00%,0.00%,0.34
01/16/2025,121,Bata Migori One,Kenya,Nyanza,Migori,0,116,-100.00%,0,42,-100.00%,0.00%,0.36
01/06/2025,121,Bata Migori One,Kenya,Nyanza,Migori,0,783,-100.00%,0,234,-100.00%,0.00%,0.30
01/22/2025,121,Bata Migori One,Kenya,Nyanza,Migori,0,99,-100.00%,0,29,-100.00%,0.00%,0.29
01/12/2025,121,Bata Migori One,Kenya,Nyanza,Migori,0,211,-100.00%,0,60,-100.00%,0.00%,0.28
01/27/2025,121,Bata Migori One,Kenya,Nyanza,Migori,0,115,-100.00%,0,0,0.00%,0.00%,0.00
01/15/2025,121,Bata Migori One,Kenya,Nyanza,Migori,0,195,-100.00%,0,81,-100.00%,0.00%,0.42
01/23/2025,121,Bata Migori One,Kenya,Nyanza,Migori,0,123,-100.00%,0,23,-100.00%,0.00%,0.19
01/21/2025,121,Bata Migori One,Kenya,Nyanza,Migori,0,76,-100.00%,0,20,-100.00%,0.00%,0.26
01/29/2025,121,Bata Migori One,Kenya,Nyanza,Migori,0,142,-100.00%,0,31,-100.00%,0.00%,0.22
01/19/2025,121,Bata Migori One,Kenya,Nyanza,Migori,0,92,-100.00%,0,26,-100.00%,0.00%,0.28
01/25/2025,121,Bata Migori One,Kenya,Nyanza,Migori,0,143,-100.00%,0,34,-100.00%,0.00%,0.24
01/30/2025,121,Bata Migori One,Kenya,Nyanza,Migori,0,141,-100.00%,0,35,-100.00%,0.00%,0.25
02/06/2025,121,Bata Migori One,Kenya,Nyanza,Migori,0,0,0.00%,0,22,-100.00%,0.00%,0.00
01/17/2025,121,Bata Migori One,Kenya,Nyanza,Migori,0,153,-100.00%,0,54,-100.00%,0.00%,0.35
02/10/2025,121,Bata Migori One,Kenya,Nyanza,Migori,0,0,0.00%,0,30,-100.00%,0.00%,0.00
01/24/2025,121,Bata Migori One,Kenya,Nyanza,Migori,0,125,-100.00%,0,40,-100.00%,0.00%,0.32
02/11/2025,121,Bata Migori One,Kenya,Nyanza,Migori,0,0,0.00%,0,14,-100.00%,0.00%,0.00
01/26/2025,121,Bata Migori One,Kenya,Nyanza,Migori,0,78,-100.00%,0,15,-100.00%,0.00%,0.19
02/13/2025,121,Bata Migori One,Kenya,Nyanza,Migori,0,119,-100.00%,0,20,-100.00%,0.00%,0.17
01/31/2025,121,Bata Migori One,Kenya,Nyanza,Migori,0,140,-100.00%,0,43,-100.00%,0.00%,0.31
02/19/2025,121,Bata Migori One,Kenya,Nyanza,Migori,0,101,-100.00%,0,16,-100.00%,0.00%,0.16
01/18/2025,121,Bata Migori One,Kenya,Nyanza,Migori,0,200,-100.00%,0,57,-100.00%,0.00%,0.29
02/15/2025,121,Bata Migori One,Kenya,Nyanza,Migori,0,149,-100.00%,0,25,-100.00%,0.00%,0.17
02/04/2025,121,Bata Migori One,Kenya,Nyanza,Migori,0,0,0.00%,0,26,-100.00%,0.00%,0.00
02/20/2025,121,Bata Migori One,Kenya,Nyanza,Migori,0,102,-100.00%,0,19,-100.00%,0.00%,0.19
02/01/2025,121,Bata Migori One,Kenya,Nyanza,Migori,0,187,-100.00%,0,39,-100.00%,0.00%,0.21
02/23/2025,121,Bata Migori One,Kenya,Nyanza,Migori,0,106,-100.00%,0,8,-100.00%,0.00%,0.08
02/05/2025,121,Bata Migori One,Kenya,Nyanza,Migori,0,0,0.00%,0,37,-100.00%,0.00%,0.00
02/27/2025,121,Bata Migori One,Kenya,Nyanza,Migori,0,196,-100.00%,0,30,-100.00%,0.00%,0.15
01/20/2025,121,Bata Migori One,Kenya,Nyanza,Migori,0,131,-100.00%,0,49,-100.00%,0.00%,0.37
03/01/2025,121,Bata Migori One,Kenya,Nyanza,Migori,0,200,-100.00%,0,23,-100.00%,0.00%,0.12
02/09/2025,121,Bata Migori One,Kenya,Nyanza,Migori,0,0,0.00%,0,18,-100.00%,0.00%,0.00
03/02/2025,121,Bata Migori One,Kenya,Nyanza,Migori,0,172,-100.00%,0,21,-100.00%,0.00%,0.12
02/03/2025,121,Bata Migori One,Kenya,Nyanza,Migori,0,0,0.00%,0,24,-100.00%,0.00%,0.00
03/09/2025,121,Bata Migori One,Kenya,Nyanza,Migori,0,92,-100.00%,0,15,-100.00%,0.00%,0.16
02/24/2025,121,Bata Migori One,Kenya,Nyanza,Migori,0,130,-100.00%,0,21,-100.00%,0.00%,0.16
03/07/2025,121,Bata Migori One,Kenya,Nyanza,Migori,0,155,-100.00%,0,30,-100.00%,0.00%,0.19
01/28/2025,121,Bata Migori One,Kenya,Nyanza,Migori,0,120,-100.00%,0,37,-100.00%,0.00%,0.31
01/18/2026,121,Bata Migori One,Kenya,Nyanza,Migori,193,0,0.00%,26,0,0.00%,13.51%,0.00
02/12/2025,121,Bata Migori One,Kenya,Nyanza,Migori,0,0,0.00%,0,30,-100.00%,0.00%,0.00
03/08/2025,121,Bata Migori One,Kenya,Nyanza,Migori,0,103,-100.00%,0,30,-100.00%,0.00%,0.29
02/14/2025,121,Bata Migori One,Kenya,Nyanza,Migori,0,150,-100.00%,0,21,-100.00%,0.00%,0.14
01/20/2026,121,Bata Migori One,Kenya,Nyanza,Migori,194,0,0.00%,24,0,0.00%,12.40%,0.00
02/26/2025,121,Bata Migori One,Kenya,Nyanza,Migori,0,147,-100.00%,0,38,-100.00%,0.00%,0.26
01/01/2026,121,Bata Migori One,Kenya,Nyanza,Migori,202,0,0.00%,15,0,0.00%,7.44%,0.00
02/02/2025,121,Bata Migori One,Kenya,Nyanza,Migori,0,26,-100.00%,0,22,-100.00%,0.00%,0.85
01/23/2026,121,Bata Migori One,Kenya,Nyanza,Migori,171,0,0.00%,35,0,0.00%,20.47%,0.00
02/22/2025,121,Bata Migori One,Kenya,Nyanza,Migori,0,97,-100.00%,0,18,-100.00%,0.00%,0.19
01/03/2026,121,Bata Migori One,Kenya,Nyanza,Migori,533,0,0.00%,126,0,0.00%,23.64%,0.00
02/17/2025,121,Bata Migori One,Kenya,Nyanza,Migori,0,122,-100.00%,0,23,-100.00%,0.00%,0.19
01/29/2026,121,Bata Migori One,Kenya,Nyanza,Migori,149,0,0.00%,29,0,0.00%,19.46%,0.00
03/03/2025,121,Bata Migori One,Kenya,Nyanza,Migori,0,286,-100.00%,0,54,-100.00%,0.00%,0.19
01/14/2026,121,Bata Migori One,Kenya,Nyanza,Migori,501,0,0.00%,93,0,0.00%,18.56%,0.00
02/07/2025,121,Bata Migori One,Kenya,Nyanza,Migori,0,0,0.00%,0,32,-100.00%,0.00%,0.00
02/03/2026,121,Bata Migori One,Kenya,Nyanza,Migori,190,0,0.00%,23,0,0.00%,12.14%,0.00
02/25/2025,121,Bata Migori One,Kenya,Nyanza,Migori,0,142,-100.00%,0,28,-100.00%,0.00%,0.20
01/17/2026,121,Bata Migori One,Kenya,Nyanza,Migori,277,0,0.00%,34,0,0.00%,12.30%,0.00
03/05/2025,121,Bata Migori One,Kenya,Nyanza,Migori,0,90,-100.00%,0,26,-100.00%,0.00%,0.29
02/05/2026,121,Bata Migori One,Kenya,Nyanza,Migori,103,0,0.00%,19,0,0.00%,18.45%,0.00
03/06/2025,121,Bata Migori One,Kenya,Nyanza,Migori,0,111,-100.00%,0,30,-100.00%,0.00%,0.27
01/27/2026,121,Bata Migori One,Kenya,Nyanza,Migori,132,0,0.00%,35,0,0.00%,26.62%,0.00
02/08/2025,121,Bata Migori One,Kenya,Nyanza,Migori,0,0,0.00%,0,24,-100.00%,0.00%,0.00
02/11/2026,121,Bata Migori One,Kenya,Nyanza,Migori,167,0,0.00%,23,0,0.00%,13.81%,0.00
02/28/2025,121,Bata Migori One,Kenya,Nyanza,Migori,0,201,-100.00%,0,42,-100.00%,0.00%,0.21
01/30/2026,121,Bata Migori One,Kenya,Nyanza,Migori,136,0,0.00%,21,0,0.00%,15.50%,0.00
01/06/2026,121,Bata Migori One,Kenya,Nyanza,Migori,855,0,0.00%,156,0,0.00%,18.25%,0.00
02/16/2026,121,Bata Migori One,Kenya,Nyanza,Migori,138,0,0.00%,20,0,0.00%,14.49%,0.00
01/05/2026,121,Bata Migori One,Kenya,Nyanza,Migori,936,0,0.00%,203,0,0.00%,21.70%,0.00
02/01/2026,121,Bata Migori One,Kenya,Nyanza,Migori,126,0,0.00%,18,0,0.00%,14.29%,0.00
02/16/2025,121,Bata Migori One,Kenya,Nyanza,Migori,0,102,-100.00%,0,9,-100.00%,0.00%,0.09
02/18/2026,121,Bata Migori One,Kenya,Nyanza,Migori,1,0,0.00%,0,0,0.00%,0.00%,0.00
01/09/2026,121,Bata Migori One,Kenya,Nyanza,Migori,837,0,0.00%,153,0,0.00%,18.28%,0.00
02/07/2026,121,Bata Migori One,Kenya,Nyanza,Migori,129,0,0.00%,34,0,0.00%,26.46%,0.00
01/08/2026,121,Bata Migori One,Kenya,Nyanza,Migori,532,0,0.00%,91,0,0.00%,17.11%,0.00
02/26/2026,121,Bata Migori One,Kenya,Nyanza,Migori,218,0,0.00%,46,0,0.00%,21.15%,0.00
01/07/2026,121,Bata Migori One,Kenya,Nyanza,Migori,566,0,0.00%,124,0,0.00%,21.93%,0.00
02/10/2026,121,Bata Migori One,Kenya,Nyanza,Migori,98,0,0.00%,19,0,0.00%,19.49%,0.00
02/18/2025,121,Bata Migori One,Kenya,Nyanza,Migori,0,113,-100.00%,0,23,-100.00%,0.00%,0.20
02/27/2026,121,Bata Migori One,Kenya,Nyanza,Migori,338,0,0.00%,44,0,0.00%,13.02%,0.00
01/11/2026,121,Bata Migori One,Kenya,Nyanza,Migori,452,0,0.00%,74,0,0.00%,16.37%,0.00
02/15/2026,121,Bata Migori One,Kenya,Nyanza,Migori,115,0,0.00%,11,0,0.00%,9.61%,0.00
01/16/2026,121,Bata Migori One,Kenya,Nyanza,Migori,395,0,0.00%,55,0,0.00%,13.94%,0.00
02/23/2026,121,Bata Migori One,Kenya,Nyanza,Migori,35,0,0.00%,4,0,0.00%,11.59%,0.00
01/10/2026,121,Bata Migori One,Kenya,Nyanza,Migori,647,0,0.00%,114,0,0.00%,17.63%,0.00
02/28/2026,121,Bata Migori One,Kenya,Nyanza,Migori,181,0,0.00%,34,0,0.00%,18.84%,0.00
02/21/2025,121,Bata Migori One,Kenya,Nyanza,Migori,0,138,-100.00%,0,26,-100.00%,0.00%,0.19
03/05/2026,121,Bata Migori One,Kenya,Nyanza,Migori,155,0,0.00%,26,0,0.00%,16.77%,0.00
01/19/2026,121,Bata Migori One,Kenya,Nyanza,Migori,308,0,0.00%,60,0,0.00%,19.51%,0.00
01/22/2026,121,Bata Migori One,Kenya,Nyanza,Migori,149,0,0.00%,25,0,0.00%,16.78%,0.00
01/12/2026,121,Bata Migori One,Kenya,Nyanza,Migori,855,0,0.00%,188,0,0.00%,22.00%,0.00
03/04/2025,121,Bata Migori One,Kenya,Nyanza,Migori,0,227,-100.00%,0,51,-100.00%,0.00%,0.22
01/24/2026,121,Bata Migori One,Kenya,Nyanza,Migori,160,0,0.00%,36,0,0.00%,22.50%,0.00
02/02/2026,121,Bata Migori One,Kenya,Nyanza,Migori,197,0,0.00%,27,0,0.00%,13.74%,0.00
01/13/2026,121,Bata Migori One,Kenya,Nyanza,Migori,582,0,0.00%,111,0,0.00%,19.07%,0.00
01/02/2026,121,Bata Migori One,Kenya,Nyanza,Migori,571,0,0.00%,125,0,0.00%,21.89%,0.00
01/25/2026,121,Bata Migori One,Kenya,Nyanza,Migori,121,0,0.00%,9,0,0.00%,7.47%,0.00
02/04/2026,121,Bata Migori One,Kenya,Nyanza,Migori,113,0,0.00%,25,0,0.00%,22.12%,0.00
01/15/2026,121,Bata Migori One,Kenya,Nyanza,Migori,340,0,0.00%,71,0,0.00%,20.91%,0.00
01/04/2026,121,Bata Migori One,Kenya,Nyanza,Migori,377,0,0.00%,74,0,0.00%,19.63%,0.00
02/09/2026,121,Bata Migori One,Kenya,Nyanza,Migori,131,0,0.00%,18,0,0.00%,13.79%,0.00
02/12/2026,121,Bata Migori One,Kenya,Nyanza,Migori,128,0,0.00%,25,0,0.00%,19.61%,0.00
01/21/2026,121,Bata Migori One,Kenya,Nyanza,Migori,207,0,0.00%,36,0,0.00%,17.39%,0.00
01/26/2026,121,Bata Migori One,Kenya,Nyanza,Migori,151,0,0.00%,0,0,0.00%,0.00%,0.00
02/17/2026,121,Bata Migori One,Kenya,Nyanza,Migori,88,0,0.00%,26,0,0.00%,29.71%,0.00
02/14/2026,121,Bata Migori One,Kenya,Nyanza,Migori,139,0,0.00%,23,0,0.00%,16.61%,0.00
02/06/2026,121,Bata Migori One,Kenya,Nyanza,Migori,129,0,0.00%,26,0,0.00%,20.16%,0.00
01/28/2026,121,Bata Migori One,Kenya,Nyanza,Migori,132,0,0.00%,19,0,0.00%,14.45%,0.00
02/25/2026,121,Bata Migori One,Kenya,Nyanza,Migori,158,0,0.00%,25,0,0.00%,15.87%,0.00
02/20/2026,121,Bata Migori One,Kenya,Nyanza,Migori,116,0,0.00%,18,0,0.00%,15.58%,0.00
02/13/2026,121,Bata Migori One,Kenya,Nyanza,Migori,149,0,0.00%,24,0,0.00%,16.11%,0.00
01/31/2026,121,Bata Migori One,Kenya,Nyanza,Migori,107,0,0.00%,36,0,0.00%,33.64%,0.00
03/03/2026,121,Bata Migori One,Kenya,Nyanza,Migori,269,0,0.00%,55,0,0.00%,20.45%,0.00
02/22/2026,121,Bata Migori One,Kenya,Nyanza,Migori,108,0,0.00%,21,0,0.00%,19.44%,0.00
02/19/2026,121,Bata Migori One,Kenya,Nyanza,Migori,138,0,0.00%,43,0,0.00%,31.27%,0.00
02/08/2026,121,Bata Migori One,Kenya,Nyanza,Migori,140,0,0.00%,23,0,0.00%,16.43%,0.00
03/08/2026,121,Bata Migori One,Kenya,Nyanza,Migori,99,0,0.00%,11,0,0.00%,11.17%,0.00
03/02/2026,121,Bata Migori One,Kenya,Nyanza,Migori,308,0,0.00%,72,0,0.00%,23.41%,0.00
03/04/2026,121,Bata Migori One,Kenya,Nyanza,Migori,171,0,0.00%,37,0,0.00%,21.64%,0.00
02/21/2026,121,Bata Migori One,Kenya,Nyanza,Migori,164,0,0.00%,31,0,0.00%,18.90%,0.00
03/06/2026,121,Bata Migori One,Kenya,Nyanza,Migori,162,0,0.00%,28,0,0.00%,17.28%,0.00
02/24/2026,121,Bata Migori One,Kenya,Nyanza,Migori,175,0,0.00%,54,0,0.00%,30.86%,0.00
03/07/2026,121,Bata Migori One,Kenya,Nyanza,Migori,224,0,0.00%,29,0,0.00%,12.95%,0.00
03/01/2026,121,Bata Migori One,Kenya,Nyanza,Migori,216,0,0.00%,34,0,0.00%,15.78%,0.00
03/09/2026,121,Bata Migori One,Kenya,Nyanza,Migori,33,0,0.00%,0,0,0.00%,0.00%,0.00
01/02/2025,66,Bata Mombasa Kinoiyo,Kenya,Coast,Mombasa,0,436,-100.00%,0,229,-100.00%,0.00%,0.53
01/01/2025,66,Bata Mombasa Kinoiyo,Kenya,Coast,Mombasa,0,98,-100.00%,0,0,0.00%,0.00%,0.00
01/06/2025,66,Bata Mombasa Kinoiyo,Kenya,Coast,Mombasa,0,768,-100.00%,0,381,-100.00%,0.00%,0.50
01/09/2025,66,Bata Mombasa Kinoiyo,Kenya,Coast,Mombasa,0,200,-100.00%,0,107,-100.00%,0.00%,0.54
01/16/2025,66,Bata Mombasa Kinoiyo,Kenya,Coast,Mombasa,0,135,-100.00%,0,88,-100.00%,0.00%,0.65
01/08/2025,66,Bata Mombasa Kinoiyo,Kenya,Coast,Mombasa,0,306,-100.00%,0,170,-100.00%,0.00%,0.56
01/14/2025,66,Bata Mombasa Kinoiyo,Kenya,Coast,Mombasa,0,191,-100.00%,0,86,-100.00%,0.00%,0.45
01/03/2025,66,Bata Mombasa Kinoiyo,Kenya,Coast,Mombasa,0,506,-100.00%,0,277,-100.00%,0.00%,0.55
01/18/2025,66,Bata Mombasa Kinoiyo,Kenya,Coast,Mombasa,0,183,-100.00%,0,120,-100.00%,0.00%,0.66
01/04/2025,66,Bata Mombasa Kinoiyo,Kenya,Coast,Mombasa,0,669,-100.00%,0,300,-100.00%,0.00%,0.45
01/20/2025,66,Bata Mombasa Kinoiyo,Kenya,Coast,Mombasa,0,129,-100.00%,0,53,-100.00%,0.00%,0.41
01/12/2025,66,Bata Mombasa Kinoiyo,Kenya,Coast,Mombasa,0,133,-100.00%,0,65,-100.00%,0.00%,0.49
01/26/2025,66,Bata Mombasa Kinoiyo,Kenya,Coast,Mombasa,0,88,-100.00%,0,29,-100.00%,0.00%,0.33
01/13/2025,66,Bata Mombasa Kinoiyo,Kenya,Coast,Mombasa,0,196,-100.00%,0,116,-100.00%,0.00%,0.59
02/05/2025,66,Bata Mombasa Kinoiyo,Kenya,Coast,Mombasa,0,205,-100.00%,0,33,-100.00%,0.00%,0.16
01/05/2025,66,Bata Mombasa Kinoiyo,Kenya,Coast,Mombasa,0,296,-100.00%,0,146,-100.00%,0.00%,0.49
01/29/2025,66,Bata Mombasa Kinoiyo,Kenya,Coast,Mombasa,0,91,-100.00%,0,95,-100.00%,0.00%,1.04
01/07/2025,66,Bata Mombasa Kinoiyo,Kenya,Coast,Mombasa,0,429,-100.00%,0,227,-100.00%,0.00%,0.53
02/18/2025,66,Bata Mombasa Kinoiyo,Kenya,Coast,Mombasa,0,195,-100.00%,0,37,-100.00%,0.00%,0.19
01/15/2025,66,Bata Mombasa Kinoiyo,Kenya,Coast,Mombasa,0,142,-100.00%,0,71,-100.00%,0.00%,0.50
02/03/2025,66,Bata Mombasa Kinoiyo,Kenya,Coast,Mombasa,0,263,-100.00%,0,58,-100.00%,0.00%,0.22
01/19/2025,66,Bata Mombasa Kinoiyo,Kenya,Coast,Mombasa,0,61,-100.00%,0,27,-100.00%,0.00%,0.44
02/26/2025,66,Bata Mombasa Kinoiyo,Kenya,Coast,Mombasa,0,198,-100.00%,0,27,-100.00%,0.00%,0.14
01/10/2025,66,Bata Mombasa Kinoiyo,Kenya,Coast,Mombasa,0,221,-100.00%,0,106,-100.00%,0.00%,0.48
02/04/2025,66,Bata Mombasa Kinoiyo,Kenya,Coast,Mombasa,0,249,-100.00%,0,51,-100.00%,0.00%,0.20
01/17/2025,66,Bata Mombasa Kinoiyo,Kenya,Coast,Mombasa,0,110,-100.00%,0,52,-100.00%,0.00%,0.47
03/03/2025,66,Bata Mombasa Kinoiyo,Kenya,Coast,Mombasa,0,196,-100.00%,0,54,-100.00%,0.00%,0.28
01/22/2025,66,Bata Mombasa Kinoiyo,Kenya,Coast,Mombasa,0,91,-100.00%,0,40,-100.00%,0.00%,0.44
02/08/2025,66,Bata Mombasa Kinoiyo,Kenya,Coast,Mombasa,0,343,-100.00%,0,55,-100.00%,0.00%,0.16
02/01/2025,66,Bata Mombasa Kinoiyo,Kenya,Coast,Mombasa,0,374,-100.00%,0,69,-100.00%,0.00%,0.18
03/09/2025,66,Bata Mombasa Kinoiyo,Kenya,Coast,Mombasa,0,180,-100.00%,0,27,-100.00%,0.00%,0.15
01/11/2025,66,Bata Mombasa Kinoiyo,Kenya,Coast,Mombasa,0,378,-100.00%,0,189,-100.00%,0.00%,0.50
02/09/2025,66,Bata Mombasa Kinoiyo,Kenya,Coast,Mombasa,0,160,-100.00%,0,24,-100.00%,0.00%,0.15
01/23/2025,66,Bata Mombasa Kinoiyo,Kenya,Coast,Mombasa,0,90,-100.00%,0,28,-100.00%,0.00%,0.31
01/02/2026,66,Bata Mombasa Kinoiyo,Kenya,Coast,Mombasa,393,0,0.00%,274,0,0.00%,69.81%,0.00
01/25/2025,66,Bata Mombasa Kinoiyo,Kenya,Coast,Mombasa,0,143,-100.00%,0,67,-100.00%,0.00%,0.47
02/17/2025,66,Bata Mombasa Kinoiyo,Kenya,Coast,Mombasa,0,222,-100.00%,0,43,-100.00%,0.00%,0.19
02/16/2025,66,Bata Mombasa Kinoiyo,Kenya,Coast,Mombasa,0,123,-100.00%,0,17,-100.00%,0.00%,0.14
01/07/2026,66,Bata Mombasa Kinoiyo,Kenya,Coast,Mombasa,884,0,0.00%,227,0,0.00%,25.68%,0.00
01/21/2025,66,Bata Mombasa Kinoiyo,Kenya,Coast,Mombasa,0,114,-100.00%,0,43,-100.00%,0.00%,0.38
02/24/2025,66,Bata Mombasa Kinoiyo,Kenya,Coast,Mombasa,0,167,-100.00%,0,29,-100.00%,0.00%,0.17
01/30/2025,66,Bata Mombasa Kinoiyo,Kenya,Coast,Mombasa,0,107,-100.00%,0,41,-100.00%,0.00%,0.38
01/10/2026,66,Bata Mombasa Kinoiyo,Kenya,Coast,Mombasa,1317,0,0.00%,289,0,0.00%,21.95%,0.00
01/28/2025,66,Bata Mombasa Kinoiyo,Kenya,Coast,Mombasa,0,113,-100.00%,0,0,0.00%,0.00%,0.00
02/25/2025,66,Bata Mombasa Kinoiyo,Kenya,Coast,Mombasa,0,205,-100.00%,0,32,-100.00%,0.00%,0.16
02/19/2025,66,Bata Mombasa Kinoiyo,Kenya,Coast,Mombasa,0,204,-100.00%,0,27,-100.00%,0.00%,0.13
01/12/2026,66,Bata Mombasa Kinoiyo,Kenya,Coast,Mombasa,923,0,0.00%,219,0,0.00%,23.73%,0.00
01/24/2025,66,Bata Mombasa Kinoiyo,Kenya,Coast,Mombasa,0,105,-100.00%,0,43,-100.00%,0.00%,0.41
02/27/2025,66,Bata Mombasa Kinoiyo,Kenya,Coast,Mombasa,0,269,-100.00%,0,55,-100.00%,0.00%,0.20
01/31/2025,66,Bata Mombasa Kinoiyo,Kenya,Coast,Mombasa,0,137,-100.00%,0,68,-100.00%,0.00%,0.50
01/17/2026,66,Bata Mombasa Kinoiyo,Kenya,Coast,Mombasa,501,0,0.00%,106,0,0.00%,21.18%,0.00
02/02/2025,66,Bata Mombasa Kinoiyo,Kenya,Coast,Mombasa,0,149,-100.00%,0,37,-100.00%,0.00%,0.25
03/04/2025,66,Bata Mombasa Kinoiyo,Kenya,Coast,Mombasa,0,253,-100.00%,0,48,-100.00%,0.00%,0.19
03/02/2025,66,Bata Mombasa Kinoiyo,Kenya,Coast,Mombasa,0,175,-100.00%,0,37,-100.00%,0.00%,0.21
01/20/2026,66,Bata Mombasa Kinoiyo,Kenya,Coast,Mombasa,311,0,0.00%,57,0,0.00%,18.33%,0.00
01/27/2025,66,Bata Mombasa Kinoiyo,Kenya,Coast,Mombasa,0,120,-100.00%,0,0,0.00%,0.00%,0.00
03/05/2025,66,Bata Mombasa Kinoiyo,Kenya,Coast,Mombasa,0,194,-100.00%,0,38,-100.00%,0.00%,0.20
02/10/2025,66,Bata Mombasa Kinoiyo,Kenya,Coast,Mombasa,0,252,-100.00%,0,57,-100.00%,0.00%,0.23
01/23/2026,66,Bata Mombasa Kinoiyo,Kenya,Coast,Mombasa,268,0,0.00%,35,0,0.00%,13.08%,0.00
02/07/2025,66,Bata Mombasa Kinoiyo,Kenya,Coast,Mombasa,0,214,-100.00%,0,36,-100.00%,0.00%,0.17
01/01/2026,66,Bata Mombasa Kinoiyo,Kenya,Coast,Mombasa,310,0,0.00%,0,0,0.00%,0.00%,0.00
03/07/2025,66,Bata Mombasa Kinoiyo,Kenya,Coast,Mombasa,0,163,-100.00%,0,31,-100.00%,0.00%,0.19
01/26/2026,66,Bata Mombasa Kinoiyo,Kenya,Coast,Mombasa,287,0,0.00%,0,0,0.00%,0.00%,0.00
02/06/2025,66,Bata Mombasa Kinoiyo,Kenya,Coast,Mombasa,0,214,-100.00%,0,35,-100.00%,0.00%,0.16
01/03/2026,66,Bata Mombasa Kinoiyo,Kenya,Coast,Mombasa,1362,0,0.00%,303,0,0.00%,22.25%,0.00
02/12/2025,66,Bata Mombasa Kinoiyo,Kenya,Coast,Mombasa,0,204,-100.00%,0,46,-100.00%,0.00%,0.23
01/28/2026,66,Bata Mombasa Kinoiyo,Kenya,Coast,Mombasa,268,0,0.00%,53,0,0.00%,19.78%,0.00
02/15/2025,66,Bata Mombasa Kinoiyo,Kenya,Coast,Mombasa,0,259,-100.00%,0,53,-100.00%,0.00%,0.20
01/08/2026,66,Bata Mombasa Kinoiyo,Kenya,Coast,Mombasa,843,0,0.00%,197,0,0.00%,23.37%,0.00
01/06/2026,66,Bata Mombasa Kinoiyo,Kenya,Coast,Mombasa,1149,0,0.00%,297,0,0.00%,25.85%,0.00
01/31/2026,66,Bata Mombasa Kinoiyo,Kenya,Coast,Mombasa,300,0,0.00%,55,0,0.00%,18.33%,0.00
02/11/2025,66,Bata Mombasa Kinoiyo,Kenya,Coast,Mombasa,0,222,-100.00%,0,38,-100.00%,0.00%,0.17
01/09/2026,66,Bata Mombasa Kinoiyo,Kenya,Coast,Mombasa,765,0,0.00%,183,0,0.00%,23.92%,0.00
02/13/2025,66,Bata Mombasa Kinoiyo,Kenya,Coast,Mombasa,0,237,-100.00%,0,47,-100.00%,0.00%,0.20
02/08/2026,66,Bata Mombasa Kinoiyo,Kenya,Coast,Mombasa,160,0,0.00%,28,0,0.00%,17.50%,0.00
02/20/2025,66,Bata Mombasa Kinoiyo,Kenya,Coast,Mombasa,0,181,-100.00%,0,36,-100.00%,0.00%,0.20
01/11/2026,66,Bata Mombasa Kinoiyo,Kenya,Coast,Mombasa,497,0,0.00%,98,0,0.00%,19.74%,0.00
01/14/2026,66,Bata Mombasa Kinoiyo,Kenya,Coast,Mombasa,579,0,0.00%,141,0,0.00%,24.37%,0.00
02/10/2026,66,Bata Mombasa Kinoiyo,Kenya,Coast,Mombasa,255,0,0.00%,38,0,0.00%,14.90%,0.00
02/14/2025,66,Bata Mombasa Kinoiyo,Kenya,Coast,Mombasa,0,184,-100.00%,0,34,-100.00%,0.00%,0.18
02/06/2026,66,Bata Mombasa Kinoiyo,Kenya,Coast,Mombasa,255,0,0.00%,43,0,0.00%,16.90%,0.00
03/08/2025,66,Bata Mombasa Kinoiyo,Kenya,Coast,Mombasa,0,300,-100.00%,0,51,-100.00%,0.00%,0.17
02/24/2026,66,Bata Mombasa Kinoiyo,Kenya,Coast,Mombasa,175,0,0.00%,33,0,0.00%,18.91%,0.00
02/21/2025,66,Bata Mombasa Kinoiyo,Kenya,Coast,Mombasa,0,174,-100.00%,0,26,-100.00%,0.00%,0.15
02/20/2026,66,Bata Mombasa Kinoiyo,Kenya,Coast,Mombasa,202,0,0.00%,30,0,0.00%,14.85%,0.00
01/19/2026,66,Bata Mombasa Kinoiyo,Kenya,Coast,Mombasa,354,0,0.00%,79,0,0.00%,22.32%,0.00
02/27/2026,66,Bata Mombasa Kinoiyo,Kenya,Coast,Mombasa,310,0,0.00%,58,0,0.00%,18.71%,0.00
02/22/2025,66,Bata Mombasa Kinoiyo,Kenya,Coast,Mombasa,0,211,-100.00%,0,39,-100.00%,0.00%,0.18
03/07/2026,66,Bata Mombasa Kinoiyo,Kenya,Coast,Mombasa,339,0,0.00%,85,0,0.00%,25.07%,0.00
01/04/2026,66,Bata Mombasa Kinoiyo,Kenya,Coast,Mombasa,625,0,0.00%,136,0,0.00%,21.78%,0.00
03/01/2026,66,Bata Mombasa Kinoiyo,Kenya,Coast,Mombasa,678,0,0.00%,55,0,0.00%,8.11%,0.00
02/23/2025,66,Bata Mombasa Kinoiyo,Kenya,Coast,Mombasa,0,123,-100.00%,0,15,-100.00%,0.00%,0.12
03/08/2026,66,Bata Mombasa Kinoiyo,Kenya,Coast,Mombasa,295,0,0.00%,38,0,0.00%,12.88%,0.00
01/21/2026,66,Bata Mombasa Kinoiyo,Kenya,Coast,Mombasa,293,0,0.00%,54,0,0.00%,18.43%,0.00
03/04/2026,66,Bata Mombasa Kinoiyo,Kenya,Coast,Mombasa,282,0,0.00%,45,0,0.00%,15.96%,0.00
01/13/2026,66,Bata Mombasa Kinoiyo,Kenya,Coast,Mombasa,770,0,0.00%,190,0,0.00%,24.68%,0.00
03/06/2026,66,Bata Mombasa Kinoiyo,Kenya,Coast,Mombasa,202,0,0.00%,39,0,0.00%,19.35%,0.00
01/15/2026,66,Bata Mombasa Kinoiyo,Kenya,Coast,Mombasa,558,0,0.00%,109,0,0.00%,19.55%,0.00
02/28/2025,66,Bata Mombasa Kinoiyo,Kenya,Coast,Mombasa,0,370,-100.00%,0,59,-100.00%,0.00%,0.16
01/24/2026,66,Bata Mombasa Kinoiyo,Kenya,Coast,Mombasa,176,0,0.00%,73,0,0.00%,41.48%,0.00
01/16/2026,66,Bata Mombasa Kinoiyo,Kenya,Coast,Mombasa,410,0,0.00%,64,0,0.00%,15.61%,0.00
01/18/2026,66,Bata Mombasa Kinoiyo,Kenya,Coast,Mombasa,257,0,0.00%,38,0,0.00%,14.79%,0.00
03/01/2025,66,Bata Mombasa Kinoiyo,Kenya,Coast,Mombasa,0,390,-100.00%,0,74,-100.00%,0.00%,0.19
01/30/2026,66,Bata Mombasa Kinoiyo,Kenya,Coast,Mombasa,275,0,0.00%,43,0,0.00%,15.64%,0.00
01/22/2026,66,Bata Mombasa Kinoiyo,Kenya,Coast,Mombasa,308,0,0.00%,48,0,0.00%,15.58%,0.00
01/25/2026,66,Bata Mombasa Kinoiyo,Kenya,Coast,Mombasa,240,0,0.00%,29,0,0.00%,12.11%,0.00
03/06/2025,66,Bata Mombasa Kinoiyo,Kenya,Coast,Mombasa,0,390,-100.00%,0,51,-100.00%,0.00%,0.13
02/01/2026,66,Bata Mombasa Kinoiyo,Kenya,Coast,Mombasa,183,0,0.00%,35,0,0.00%,19.18%,0.00
01/27/2026,66,Bata Mombasa Kinoiyo,Kenya,Coast,Mombasa,256,0,0.00%,62,0,0.00%,24.27%,0.00
02/02/2026,66,Bata Mombasa Kinoiyo,Kenya,Coast,Mombasa,273,0,0.00%,56,0,0.00%,20.55%,0.00
01/05/2026,66,Bata Mombasa Kinoiyo,Kenya,Coast,Mombasa,1679,0,0.00%,403,0,0.00%,24.00%,0.00
02/09/2026,66,Bata Mombasa Kinoiyo,Kenya,Coast,Mombasa,225,0,0.00%,41,0,0.00%,18.22%,0.00
01/29/2026,66,Bata Mombasa Kinoiyo,Kenya,Coast,Mombasa,230,0,0.00%,33,0,0.00%,14.38%,0.00
02/05/2026,66,Bata Mombasa Kinoiyo,Kenya,Coast,Mombasa,223,0,0.00%,32,0,0.00%,14.35%,0.00
02/03/2026,66,Bata Mombasa Kinoiyo,Kenya,Coast,Mombasa,235,0,0.00%,47,0,0.00%,20.00%,0.00
02/17/2026,66,Bata Mombasa Kinoiyo,Kenya,Coast,Mombasa,194,0,0.00%,31,0,0.00%,15.98%,0.00
02/04/2026,66,Bata Mombasa Kinoiyo,Kenya,Coast,Mombasa,210,0,0.00%,36,0,0.00%,17.14%,0.00
02/13/2026,66,Bata Mombasa Kinoiyo,Kenya,Coast,Mombasa,36,0,0.00%,21,0,0.00%,59.15%,0.00
02/11/2026,66,Bata Mombasa Kinoiyo,Kenya,Coast,Mombasa,220,0,0.00%,37,0,0.00%,16.86%,0.00
02/23/2026,66,Bata Mombasa Kinoiyo,Kenya,Coast,Mombasa,217,0,0.00%,38,0,0.00%,17.51%,0.00
02/07/2026,66,Bata Mombasa Kinoiyo,Kenya,Coast,Mombasa,310,0,0.00%,61,0,0.00%,19.71%,0.00
02/16/2026,66,Bata Mombasa Kinoiyo,Kenya,Coast,Mombasa,223,0,0.00%,39,0,0.00%,17.53%,0.00
02/18/2026,66,Bata Mombasa Kinoiyo,Kenya,Coast,Mombasa,217,0,0.00%,34,0,0.00%,15.67%,0.00
02/25/2026,66,Bata Mombasa Kinoiyo,Kenya,Coast,Mombasa,189,0,0.00%,25,0,0.00%,13.26%,0.00
02/12/2026,66,Bata Mombasa Kinoiyo,Kenya,Coast,Mombasa,55,0,0.00%,10,0,0.00%,18.35%,0.00
02/26/2026,66,Bata Mombasa Kinoiyo,Kenya,Coast,Mombasa,209,0,0.00%,39,0,0.00%,18.66%,0.00
02/19/2026,66,Bata Mombasa Kinoiyo,Kenya,Coast,Mombasa,186,0,0.00%,24,0,0.00%,12.94%,0.00
02/28/2026,66,Bata Mombasa Kinoiyo,Kenya,Coast,Mombasa,515,0,0.00%,68,0,0.00%,13.20%,0.00
02/14/2026,66,Bata Mombasa Kinoiyo,Kenya,Coast,Mombasa,344,0,0.00%,39,0,0.00%,11.35%,0.00
03/03/2026,66,Bata Mombasa Kinoiyo,Kenya,Coast,Mombasa,280,0,0.00%,53,0,0.00%,18.96%,0.00
02/21/2026,66,Bata Mombasa Kinoiyo,Kenya,Coast,Mombasa,194,0,0.00%,33,0,0.00%,17.05%,0.00
03/05/2026,66,Bata Mombasa Kinoiyo,Kenya,Coast,Mombasa,199,0,0.00%,45,0,0.00%,22.67%,0.00
02/15/2026,66,Bata Mombasa Kinoiyo,Kenya,Coast,Mombasa,202,0,0.00%,21,0,0.00%,10.42%,0.00
03/09/2026,66,Bata Mombasa Kinoiyo,Kenya,Coast,Mombasa,38,0,0.00%,0,0,0.00%,0.00%,0.00
02/22/2026,66,Bata Mombasa Kinoiyo,Kenya,Coast,Mombasa,133,0,0.00%,15,0,0.00%,11.32%,0.00
03/02/2026,66,Bata Mombasa Kinoiyo,Kenya,Coast,Mombasa,466,0,0.00%,68,0,0.00%,14.59%,0.00
01/06/2025,53,Bata Mombasa Three,Kenya,Coast,Mombasa,0,1683,-100.00%,0,576,-100.00%,0.00%,0.34
01/04/2025,53,Bata Mombasa Three,Kenya,Coast,Mombasa,0,1643,-100.00%,0,543,-100.00%,0.00%,0.33
01/02/2025,53,Bata Mombasa Three,Kenya,Coast,Mombasa,0,923,-100.00%,0,376,-100.00%,0.00%,0.41
01/08/2025,53,Bata Mombasa Three,Kenya,Coast,Mombasa,0,613,-100.00%,0,261,-100.00%,0.00%,0.43
01/14/2025,53,Bata Mombasa Three,Kenya,Coast,Mombasa,0,308,-100.00%,0,114,-100.00%,0.00%,0.37
01/03/2025,53,Bata Mombasa Three,Kenya,Coast,Mombasa,0,1118,-100.00%,0,397,-100.00%,0.00%,0.36
01/05/2025,53,Bata Mombasa Three,Kenya,Coast,Mombasa,0,701,-100.00%,0,289,-100.00%,0.00%,0.41
01/01/2025,53,Bata Mombasa Three,Kenya,Coast,Mombasa,0,181,-100.00%,0,0,0.00%,0.00%,0.00
01/19/2025,53,Bata Mombasa Three,Kenya,Coast,Mombasa,0,150,-100.00%,0,59,-100.00%,0.00%,0.39
01/07/2025,53,Bata Mombasa Three,Kenya,Coast,Mombasa,0,975,-100.00%,0,383,-100.00%,0.00%,0.39
01/13/2025,53,Bata Mombasa Three,Kenya,Coast,Mombasa,0,395,-100.00%,0,176,-100.00%,0.00%,0.45
01/10/2025,53,Bata Mombasa Three,Kenya,Coast,Mombasa,0,358,-100.00%,0,157,-100.00%,0.00%,0.44
01/22/2025,53,Bata Mombasa Three,Kenya,Coast,Mombasa,0,190,-100.00%,0,74,-100.00%,0.00%,0.39
01/21/2025,53,Bata Mombasa Three,Kenya,Coast,Mombasa,0,161,-100.00%,0,60,-100.00%,0.00%,0.37
01/15/2025,53,Bata Mombasa Three,Kenya,Coast,Mombasa,0,245,-100.00%,0,100,-100.00%,0.00%,0.41
01/12/2025,53,Bata Mombasa Three,Kenya,Coast,Mombasa,0,254,-100.00%,0,107,-100.00%,0.00%,0.42
01/25/2025,53,Bata Mombasa Three,Kenya,Coast,Mombasa,0,310,-100.00%,0,118,-100.00%,0.00%,0.38
01/09/2025,53,Bata Mombasa Three,Kenya,Coast,Mombasa,0,410,-100.00%,0,155,-100.00%,0.00%,0.38
01/16/2025,53,Bata Mombasa Three,Kenya,Coast,Mombasa,0,183,-100.00%,0,73,-100.00%,0.00%,0.40
01/11/2025,53,Bata Mombasa Three,Kenya,Coast,Mombasa,0,823,-100.00%,0,286,-100.00%,0.00%,0.35
02/02/2025,53,Bata Mombasa Three,Kenya,Coast,Mombasa,0,140,-100.00%,0,43,-100.00%,0.00%,0.31
01/29/2025,53,Bata Mombasa Three,Kenya,Coast,Mombasa,0,159,-100.00%,0,53,-100.00%,0.00%,0.33
01/18/2025,53,Bata Mombasa Three,Kenya,Coast,Mombasa,0,319,-100.00%,0,110,-100.00%,0.00%,0.34
01/17/2025,53,Bata Mombasa Three,Kenya,Coast,Mombasa,0,167,-100.00%,0,78,-100.00%,0.00%,0.47
02/05/2025,53,Bata Mombasa Three,Kenya,Coast,Mombasa,0,147,-100.00%,0,42,-100.00%,0.00%,0.29
01/20/2025,53,Bata Mombasa Three,Kenya,Coast,Mombasa,0,221,-100.00%,0,86,-100.00%,0.00%,0.39
01/24/2025,53,Bata Mombasa Three,Kenya,Coast,Mombasa,0,156,-100.00%,0,50,-100.00%,0.00%,0.32
01/23/2025,53,Bata Mombasa Three,Kenya,Coast,Mombasa,0,169,-100.00%,0,58,-100.00%,0.00%,0.34
02/21/2025,53,Bata Mombasa Three,Kenya,Coast,Mombasa,0,126,-100.00%,0,45,-100.00%,0.00%,0.36
02/08/2025,53,Bata Mombasa Three,Kenya,Coast,Mombasa,0,254,-100.00%,0,95,-100.00%,0.00%,0.37
01/26/2025,53,Bata Mombasa Three,Kenya,Coast,Mombasa,0,124,-100.00%,0,39,-100.00%,0.00%,0.31
01/27/2025,53,Bata Mombasa Three,Kenya,Coast,Mombasa,0,198,-100.00%,0,72,-100.00%,0.00%,0.36
01/02/2026,53,Bata Mombasa Three,Kenya,Coast,Mombasa,1127,0,0.00%,451,0,0.00%,40.02%,0.00
01/28/2025,53,Bata Mombasa Three,Kenya,Coast,Mombasa,0,181,-100.00%,0,74,-100.00%,0.00%,0.41
01/31/2025,53,Bata Mombasa Three,Kenya,Coast,Mombasa,0,149,-100.00%,0,53,-100.00%,0.00%,0.36
02/03/2025,53,Bata Mombasa Three,Kenya,Coast,Mombasa,0,193,-100.00%,0,62,-100.00%,0.00%,0.32
01/17/2026,53,Bata Mombasa Three,Kenya,Coast,Mombasa,519,0,0.00%,186,0,0.00%,35.87%,0.00
02/11/2025,53,Bata Mombasa Three,Kenya,Coast,Mombasa,0,151,-100.00%,0,59,-100.00%,0.00%,0.39
02/01/2025,53,Bata Mombasa Three,Kenya,Coast,Mombasa,0,287,-100.00%,0,99,-100.00%,0.00%,0.34
01/30/2025,53,Bata Mombasa Three,Kenya,Coast,Mombasa,0,156,-100.00%,0,55,-100.00%,0.00%,0.35
02/03/2026,53,Bata Mombasa Three,Kenya,Coast,Mombasa,181,0,0.00%,66,0,0.00%,36.46%,0.00
02/04/2025,53,Bata Mombasa Three,Kenya,Coast,Mombasa,0,174,-100.00%,0,51,-100.00%,0.00%,0.29
02/06/2025,53,Bata Mombasa Three,Kenya,Coast,Mombasa,0,159,-100.00%,0,66,-100.00%,0.00%,0.42
02/09/2025,53,Bata Mombasa Three,Kenya,Coast,Mombasa,0,110,-100.00%,0,31,-100.00%,0.00%,0.28
02/16/2026,53,Bata Mombasa Three,Kenya,Coast,Mombasa,165,0,0.00%,53,0,0.00%,32.12%,0.00
02/25/2025,53,Bata Mombasa Three,Kenya,Coast,Mombasa,0,135,-100.00%,0,44,-100.00%,0.00%,0.33
02/14/2025,53,Bata Mombasa Three,Kenya,Coast,Mombasa,0,149,-100.00%,0,51,-100.00%,0.00%,0.34
02/07/2025,53,Bata Mombasa Three,Kenya,Coast,Mombasa,0,162,-100.00%,0,41,-100.00%,0.00%,0.25
02/18/2026,53,Bata Mombasa Three,Kenya,Coast,Mombasa,384,0,0.00%,49,0,0.00%,12.76%,0.00
02/12/2025,53,Bata Mombasa Three,Kenya,Coast,Mombasa,0,165,-100.00%,0,72,-100.00%,0.00%,0.44
02/16/2025,53,Bata Mombasa Three,Kenya,Coast,Mombasa,0,102,-100.00%,0,29,-100.00%,0.00%,0.28
02/22/2025,53,Bata Mombasa Three,Kenya,Coast,Mombasa,0,187,-100.00%,0,57,-100.00%,0.00%,0.30
02/26/2026,53,Bata Mombasa Three,Kenya,Coast,Mombasa,200,0,0.00%,53,0,0.00%,26.57%,0.00
03/02/2025,53,Bata Mombasa Three,Kenya,Coast,Mombasa,0,226,-100.00%,0,71,-100.00%,0.00%,0.31
02/17/2025,53,Bata Mombasa Three,Kenya,Coast,Mombasa,0,170,-100.00%,0,60,-100.00%,0.00%,0.35
02/10/2025,53,Bata Mombasa Three,Kenya,Coast,Mombasa,0,179,-100.00%,0,59,-100.00%,0.00%,0.33
03/01/2026,53,Bata Mombasa Three,Kenya,Coast,Mombasa,70,0,0.00%,47,0,0.00%,67.14%,0.00
02/15/2025,53,Bata Mombasa Three,Kenya,Coast,Mombasa,0,235,-100.00%,0,70,-100.00%,0.00%,0.30
02/19/2025,53,Bata Mombasa Three,Kenya,Coast,Mombasa,0,140,-100.00%,0,39,-100.00%,0.00%,0.28
02/27/2025,53,Bata Mombasa Three,Kenya,Coast,Mombasa,0,181,-100.00%,0,67,-100.00%,0.00%,0.37
03/06/2026,53,Bata Mombasa Three,Kenya,Coast,Mombasa,168,0,0.00%,55,0,0.00%,32.84%,0.00
03/04/2025,53,Bata Mombasa Three,Kenya,Coast,Mombasa,0,141,-100.00%,0,62,-100.00%,0.00%,0.44
02/24/2025,53,Bata Mombasa Three,Kenya,Coast,Mombasa,0,121,-100.00%,0,35,-100.00%,0.00%,0.29
02/13/2025,53,Bata Mombasa Three,Kenya,Coast,Mombasa,0,136,-100.00%,0,48,-100.00%,0.00%,0.35
01/05/2026,53,Bata Mombasa Three,Kenya,Coast,Mombasa,1789,0,0.00%,622,0,0.00%,34.77%,0.00
02/20/2025,53,Bata Mombasa Three,Kenya,Coast,Mombasa,0,117,-100.00%,0,41,-100.00%,0.00%,0.35
01/08/2026,53,Bata Mombasa Three,Kenya,Coast,Mombasa,820,0,0.00%,309,0,0.00%,37.68%,0.00
03/07/2025,53,Bata Mombasa Three,Kenya,Coast,Mombasa,0,109,-100.00%,0,41,-100.00%,0.00%,0.38
02/01/2026,53,Bata Mombasa Three,Kenya,Coast,Mombasa,101,0,0.00%,37,0,0.00%,36.82%,0.00
03/09/2025,53,Bata Mombasa Three,Kenya,Coast,Mombasa,0,105,-100.00%,0,23,-100.00%,0.00%,0.22
02/09/2026,53,Bata Mombasa Three,Kenya,Coast,Mombasa,220,0,0.00%,72,0,0.00%,32.80%,0.00
02/18/2025,53,Bata Mombasa Three,Kenya,Coast,Mombasa,0,109,-100.00%,0,36,-100.00%,0.00%,0.33
02/19/2026,53,Bata Mombasa Three,Kenya,Coast,Mombasa,0,0,0.00%,43,0,0.00%,0.00%,0.00
02/26/2025,53,Bata Mombasa Three,Kenya,Coast,Mombasa,0,154,-100.00%,0,45,-100.00%,0.00%,0.29
02/20/2026,53,Bata Mombasa Three,Kenya,Coast,Mombasa,118,0,0.00%,34,0,0.00%,28.81%,0.00
01/06/2026,53,Bata Mombasa Three,Kenya,Coast,Mombasa,1431,0,0.00%,501,0,0.00%,35.01%,0.00
02/22/2026,53,Bata Mombasa Three,Kenya,Coast,Mombasa,94,0,0.00%,22,0,0.00%,23.53%,0.00
01/03/2026,53,Bata Mombasa Three,Kenya,Coast,Mombasa,1403,0,0.00%,484,0,0.00%,34.50%,0.00
02/27/2026,53,Bata Mombasa Three,Kenya,Coast,Mombasa,85,0,0.00%,108,0,0.00%,127.81%,0.00
02/23/2025,53,Bata Mombasa Three,Kenya,Coast,Mombasa,0,105,-100.00%,0,22,-100.00%,0.00%,0.21
03/07/2026,53,Bata Mombasa Three,Kenya,Coast,Mombasa,243,0,0.00%,84,0,0.00%,34.57%,0.00
02/28/2025,53,Bata Mombasa Three,Kenya,Coast,Mombasa,0,223,-100.00%,0,83,-100.00%,0.00%,0.37
03/08/2026,53,Bata Mombasa Three,Kenya,Coast,Mombasa,160,0,0.00%,35,0,0.00%,21.94%,0.00
01/11/2026,53,Bata Mombasa Three,Kenya,Coast,Mombasa,522,0,0.00%,154,0,0.00%,29.53%,0.00
01/13/2026,53,Bata Mombasa Three,Kenya,Coast,Mombasa,877,0,0.00%,343,0,0.00%,39.13%,0.00
03/08/2025,53,Bata Mombasa Three,Kenya,Coast,Mombasa,0,222,-100.00%,0,86,-100.00%,0.00%,0.39
03/01/2025,53,Bata Mombasa Three,Kenya,Coast,Mombasa,0,363,-100.00%,0,136,-100.00%,0.00%,0.37
01/14/2026,53,Bata Mombasa Three,Kenya,Coast,Mombasa,659,0,0.00%,232,0,0.00%,35.20%,0.00
01/22/2026,53,Bata Mombasa Three,Kenya,Coast,Mombasa,266,0,0.00%,66,0,0.00%,24.81%,0.00
01/01/2026,53,Bata Mombasa Three,Kenya,Coast,Mombasa,263,0,0.00%,0,0,0.00%,0.00%,0.00
03/03/2025,53,Bata Mombasa Three,Kenya,Coast,Mombasa,0,156,-100.00%,0,86,-100.00%,0.00%,0.55
01/16/2026,53,Bata Mombasa Three,Kenya,Coast,Mombasa,399,0,0.00%,137,0,0.00%,34.34%,0.00
01/24/2026,53,Bata Mombasa Three,Kenya,Coast,Mombasa,381,0,0.00%,113,0,0.00%,29.70%,0.00
01/04/2026,53,Bata Mombasa Three,Kenya,Coast,Mombasa,630,0,0.00%,218,0,0.00%,34.63%,0.00
03/05/2025,53,Bata Mombasa Three,Kenya,Coast,Mombasa,0,129,-100.00%,0,49,-100.00%,0.00%,0.38
01/19/2026,53,Bata Mombasa Three,Kenya,Coast,Mombasa,335,0,0.00%,125,0,0.00%,37.31%,0.00
01/27/2026,53,Bata Mombasa Three,Kenya,Coast,Mombasa,203,0,0.00%,128,0,0.00%,63.21%,0.00
01/09/2026,53,Bata Mombasa Three,Kenya,Coast,Mombasa,781,0,0.00%,329,0,0.00%,42.15%,0.00
03/06/2025,53,Bata Mombasa Three,Kenya,Coast,Mombasa,0,148,-100.00%,0,55,-100.00%,0.00%,0.37
01/21/2026,53,Bata Mombasa Three,Kenya,Coast,Mombasa,289,0,0.00%,72,0,0.00%,24.91%,0.00
01/29/2026,53,Bata Mombasa Three,Kenya,Coast,Mombasa,186,0,0.00%,56,0,0.00%,30.19%,0.00
01/10/2026,53,Bata Mombasa Three,Kenya,Coast,Mombasa,1425,0,0.00%,453,0,0.00%,31.80%,0.00
01/07/2026,53,Bata Mombasa Three,Kenya,Coast,Mombasa,1022,0,0.00%,420,0,0.00%,41.12%,0.00
02/07/2026,53,Bata Mombasa Three,Kenya,Coast,Mombasa,258,0,0.00%,96,0,0.00%,37.21%,0.00
01/30/2026,53,Bata Mombasa Three,Kenya,Coast,Mombasa,192,0,0.00%,69,0,0.00%,35.94%,0.00
01/15/2026,53,Bata Mombasa Three,Kenya,Coast,Mombasa,603,0,0.00%,206,0,0.00%,34.16%,0.00
01/12/2026,53,Bata Mombasa Three,Kenya,Coast,Mombasa,1046,0,0.00%,376,0,0.00%,35.96%,0.00
02/11/2026,53,Bata Mombasa Three,Kenya,Coast,Mombasa,151,0,0.00%,57,0,0.00%,37.87%,0.00
02/04/2026,53,Bata Mombasa Three,Kenya,Coast,Mombasa,176,0,0.00%,66,0,0.00%,37.50%,0.00
01/20/2026,53,Bata Mombasa Three,Kenya,Coast,Mombasa,292,0,0.00%,107,0,0.00%,36.64%,0.00
01/18/2026,53,Bata Mombasa Three,Kenya,Coast,Mombasa,241,0,0.00%,74,0,0.00%,30.71%,0.00
02/12/2026,53,Bata Mombasa Three,Kenya,Coast,Mombasa,176,0,0.00%,68,0,0.00%,38.64%,0.00
02/06/2026,53,Bata Mombasa Three,Kenya,Coast,Mombasa,204,0,0.00%,71,0,0.00%,34.89%,0.00
01/28/2026,53,Bata Mombasa Three,Kenya,Coast,Mombasa,203,0,0.00%,78,0,0.00%,38.52%,0.00
01/23/2026,53,Bata Mombasa Three,Kenya,Coast,Mombasa,235,0,0.00%,64,0,0.00%,27.29%,0.00
02/17/2026,53,Bata Mombasa Three,Kenya,Coast,Mombasa,55,0,0.00%,47,0,0.00%,86.24%,0.00
02/14/2026,53,Bata Mombasa Three,Kenya,Coast,Mombasa,101,0,0.00%,71,0,0.00%,70.30%,0.00
02/13/2026,53,Bata Mombasa Three,Kenya,Coast,Mombasa,175,0,0.00%,61,0,0.00%,34.86%,0.00
01/25/2026,53,Bata Mombasa Three,Kenya,Coast,Mombasa,155,0,0.00%,42,0,0.00%,27.18%,0.00
03/02/2026,53,Bata Mombasa Three,Kenya,Coast,Mombasa,137,0,0.00%,91,0,0.00%,66.67%,0.00
02/25/2026,53,Bata Mombasa Three,Kenya,Coast,Mombasa,153,0,0.00%,49,0,0.00%,32.13%,0.00
02/23/2026,53,Bata Mombasa Three,Kenya,Coast,Mombasa,133,0,0.00%,33,0,0.00%,24.91%,0.00
01/26/2026,53,Bata Mombasa Three,Kenya,Coast,Mombasa,264,0,0.00%,0,0,0.00%,0.00%,0.00
03/03/2026,53,Bata Mombasa Three,Kenya,Coast,Mombasa,89,0,0.00%,60,0,0.00%,67.42%,0.00
02/28/2026,53,Bata Mombasa Three,Kenya,Coast,Mombasa,123,0,0.00%,125,0,0.00%,101.63%,0.00
03/04/2026,53,Bata Mombasa Three,Kenya,Coast,Mombasa,176,0,0.00%,60,0,0.00%,34.09%,0.00
01/31/2026,53,Bata Mombasa Three,Kenya,Coast,Mombasa,343,0,0.00%,117,0,0.00%,34.11%,0.00
03/05/2026,53,Bata Mombasa Three,Kenya,Coast,Mombasa,132,0,0.00%,56,0,0.00%,42.42%,0.00
02/02/2026,53,Bata Mombasa Three,Kenya,Coast,Mombasa,263,0,0.00%,90,0,0.00%,34.29%,0.00
02/05/2026,53,Bata Mombasa Three,Kenya,Coast,Mombasa,187,0,0.00%,66,0,0.00%,35.29%,0.00
02/08/2026,53,Bata Mombasa Three,Kenya,Coast,Mombasa,100,0,0.00%,23,0,0.00%,23.00%,0.00
02/10/2026,53,Bata Mombasa Three,Kenya,Coast,Mombasa,205,0,0.00%,76,0,0.00%,37.16%,0.00
02/15/2026,53,Bata Mombasa Three,Kenya,Coast,Mombasa,57,0,0.00%,23,0,0.00%,40.35%,0.00
02/21/2026,53,Bata Mombasa Three,Kenya,Coast,Mombasa,428,0,0.00%,64,0,0.00%,14.97%,0.00
02/24/2026,53,Bata Mombasa Three,Kenya,Coast,Mombasa,126,0,0.00%,38,0,0.00%,30.28%,0.00
03/09/2026,53,Bata Mombasa Three,Kenya,Coast,Mombasa,24,0,0.00%,0,0,0.00%,0.00%,0.00
01/01/2025,54,Bata Nairobi One,Kenya,Nairobi West,Nairobi,0,221,-100.00%,0,0,0.00%,0.00%,0.00
01/13/2025,54,Bata Nairobi One,Kenya,Nairobi West,Nairobi,0,403,-100.00%,0,86,-100.00%,0.00%,0.21
01/05/2025,54,Bata Nairobi One,Kenya,Nairobi West,Nairobi,0,567,-100.00%,0,106,-100.00%,0.00%,0.19
01/03/2025,54,Bata Nairobi One,Kenya,Nairobi West,Nairobi,0,740,-100.00%,0,174,-100.00%,0.00%,0.24
01/09/2025,54,Bata Nairobi One,Kenya,Nairobi West,Nairobi,0,475,-100.00%,0,88,-100.00%,0.00%,0.19
01/02/2025,54,Bata Nairobi One,Kenya,Nairobi West,Nairobi,0,555,-100.00%,0,96,-100.00%,0.00%,0.17
01/11/2025,54,Bata Nairobi One,Kenya,Nairobi West,Nairobi,0,498,-100.00%,0,103,-100.00%,0.00%,0.21
01/04/2025,54,Bata Nairobi One,Kenya,Nairobi West,Nairobi,0,729,-100.00%,0,161,-100.00%,0.00%,0.22
01/14/2025,54,Bata Nairobi One,Kenya,Nairobi West,Nairobi,0,367,-100.00%,0,66,-100.00%,0.00%,0.18
01/27/2025,54,Bata Nairobi One,Kenya,Nairobi West,Nairobi,0,269,-100.00%,0,0,0.00%,0.00%,0.00
01/18/2025,54,Bata Nairobi One,Kenya,Nairobi West,Nairobi,0,317,-100.00%,0,69,-100.00%,0.00%,0.22
01/06/2025,54,Bata Nairobi One,Kenya,Nairobi West,Nairobi,0,812,-100.00%,0,192,-100.00%,0.00%,0.24
01/20/2025,54,Bata Nairobi One,Kenya,Nairobi West,Nairobi,0,361,-100.00%,0,65,-100.00%,0.00%,0.18
01/12/2025,54,Bata Nairobi One,Kenya,Nairobi West,Nairobi,0,318,-100.00%,0,66,-100.00%,0.00%,0.21
01/19/2025,54,Bata Nairobi One,Kenya,Nairobi West,Nairobi,0,153,-100.00%,0,25,-100.00%,0.00%,0.16
01/07/2025,54,Bata Nairobi One,Kenya,Nairobi West,Nairobi,0,739,-100.00%,0,189,-100.00%,0.00%,0.26
01/31/2025,54,Bata Nairobi One,Kenya,Nairobi West,Nairobi,0,370,-100.00%,0,65,-100.00%,0.00%,0.18
01/29/2025,54,Bata Nairobi One,Kenya,Nairobi West,Nairobi,0,311,-100.00%,0,65,-100.00%,0.00%,0.21
01/21/2025,54,Bata Nairobi One,Kenya,Nairobi West,Nairobi,0,348,-100.00%,0,61,-100.00%,0.00%,0.18
01/08/2025,54,Bata Nairobi One,Kenya,Nairobi West,Nairobi,0,577,-100.00%,0,158,-100.00%,0.00%,0.27
02/02/2025,54,Bata Nairobi One,Kenya,Nairobi West,Nairobi,0,162,-100.00%,0,22,-100.00%,0.00%,0.14
01/15/2025,54,Bata Nairobi One,Kenya,Nairobi West,Nairobi,0,426,-100.00%,0,85,-100.00%,0.00%,0.20
02/14/2025,54,Bata Nairobi One,Kenya,Nairobi West,Nairobi,0,382,-100.00%,0,73,-100.00%,0.00%,0.19
01/10/2025,54,Bata Nairobi One,Kenya,Nairobi West,Nairobi,0,427,-100.00%,0,92,-100.00%,0.00%,0.22
02/07/2025,54,Bata Nairobi One,Kenya,Nairobi West,Nairobi,0,337,-100.00%,0,57,-100.00%,0.00%,0.17
02/06/2025,54,Bata Nairobi One,Kenya,Nairobi West,Nairobi,0,334,-100.00%,0,66,-100.00%,0.00%,0.20
02/22/2025,54,Bata Nairobi One,Kenya,Nairobi West,Nairobi,0,263,-100.00%,0,44,-100.00%,0.00%,0.17
01/16/2025,54,Bata Nairobi One,Kenya,Nairobi West,Nairobi,0,379,-100.00%,0,71,-100.00%,0.00%,0.19
02/16/2025,54,Bata Nairobi One,Kenya,Nairobi West,Nairobi,0,270,-100.00%,0,24,-100.00%,0.00%,0.09
01/17/2025,54,Bata Nairobi One,Kenya,Nairobi West,Nairobi,0,390,-100.00%,0,72,-100.00%,0.00%,0.18
01/03/2026,54,Bata Nairobi One,Kenya,Nairobi West,Nairobi,722,0,0.00%,150,0,0.00%,20.79%,0.00
01/22/2025,54,Bata Nairobi One,Kenya,Nairobi West,Nairobi,0,321,-100.00%,0,71,-100.00%,0.00%,0.22
03/06/2025,54,Bata Nairobi One,Kenya,Nairobi West,Nairobi,0,292,-100.00%,0,61,-100.00%,0.00%,0.21
02/17/2025,54,Bata Nairobi One,Kenya,Nairobi West,Nairobi,0,423,-100.00%,0,50,-100.00%,0.00%,0.12
01/08/2026,54,Bata Nairobi One,Kenya,Nairobi West,Nairobi,746,0,0.00%,155,0,0.00%,20.79%,0.00
01/24/2025,54,Bata Nairobi One,Kenya,Nairobi West,Nairobi,0,358,-100.00%,0,78,-100.00%,0.00%,0.22
01/02/2026,54,Bata Nairobi One,Kenya,Nairobi West,Nairobi,645,0,0.00%,31,0,0.00%,4.81%,0.00
01/30/2025,54,Bata Nairobi One,Kenya,Nairobi West,Nairobi,0,309,-100.00%,0,62,-100.00%,0.00%,0.20
01/17/2026,54,Bata Nairobi One,Kenya,Nairobi West,Nairobi,384,0,0.00%,58,0,0.00%,15.10%,0.00
01/23/2025,54,Bata Nairobi One,Kenya,Nairobi West,Nairobi,0,354,-100.00%,0,68,-100.00%,0.00%,0.19
01/18/2026,54,Bata Nairobi One,Kenya,Nairobi West,Nairobi,171,0,0.00%,18,0,0.00%,10.53%,0.00
02/20/2025,54,Bata Nairobi One,Kenya,Nairobi West,Nairobi,0,322,-100.00%,0,57,-100.00%,0.00%,0.18
01/22/2026,54,Bata Nairobi One,Kenya,Nairobi West,Nairobi,346,0,0.00%,63,0,0.00%,18.21%,0.00
01/26/2025,54,Bata Nairobi One,Kenya,Nairobi West,Nairobi,0,112,-100.00%,0,14,-100.00%,0.00%,0.13
01/21/2026,54,Bata Nairobi One,Kenya,Nairobi West,Nairobi,289,0,0.00%,36,0,0.00%,12.46%,0.00
02/05/2025,54,Bata Nairobi One,Kenya,Nairobi West,Nairobi,0,271,-100.00%,0,45,-100.00%,0.00%,0.17
01/24/2026,54,Bata Nairobi One,Kenya,Nairobi West,Nairobi,307,0,0.00%,41,0,0.00%,13.36%,0.00
01/25/2025,54,Bata Nairobi One,Kenya,Nairobi West,Nairobi,0,259,-100.00%,0,52,-100.00%,0.00%,0.20
01/23/2026,54,Bata Nairobi One,Kenya,Nairobi West,Nairobi,377,0,0.00%,49,0,0.00%,13.01%,0.00
02/25/2025,54,Bata Nairobi One,Kenya,Nairobi West,Nairobi,0,257,-100.00%,0,47,-100.00%,0.00%,0.18
01/30/2026,54,Bata Nairobi One,Kenya,Nairobi West,Nairobi,328,0,0.00%,64,0,0.00%,19.54%,0.00
02/01/2025,54,Bata Nairobi One,Kenya,Nairobi West,Nairobi,0,418,-100.00%,0,57,-100.00%,0.00%,0.14
01/31/2026,54,Bata Nairobi One,Kenya,Nairobi West,Nairobi,176,0,0.00%,34,0,0.00%,19.32%,0.00
02/08/2025,54,Bata Nairobi One,Kenya,Nairobi West,Nairobi,0,325,-100.00%,0,44,-100.00%,0.00%,0.14
02/01/2026,54,Bata Nairobi One,Kenya,Nairobi West,Nairobi,166,0,0.00%,26,0,0.00%,15.66%,0.00
01/28/2025,54,Bata Nairobi One,Kenya,Nairobi West,Nairobi,0,270,-100.00%,0,58,-100.00%,0.00%,0.21
02/08/2026,54,Bata Nairobi One,Kenya,Nairobi West,Nairobi,168,0,0.00%,13,0,0.00%,7.74%,0.00
02/27/2025,54,Bata Nairobi One,Kenya,Nairobi West,Nairobi,0,307,-100.00%,0,59,-100.00%,0.00%,0.19
02/02/2026,54,Bata Nairobi One,Kenya,Nairobi West,Nairobi,244,0,0.00%,11,0,0.00%,4.52%,0.00
02/03/2025,54,Bata Nairobi One,Kenya,Nairobi West,Nairobi,0,320,-100.00%,0,44,-100.00%,0.00%,0.14
02/18/2026,54,Bata Nairobi One,Kenya,Nairobi West,Nairobi,257,0,0.00%,42,0,0.00%,16.34%,0.00
02/13/2025,54,Bata Nairobi One,Kenya,Nairobi West,Nairobi,0,301,-100.00%,0,48,-100.00%,0.00%,0.16
02/09/2026,54,Bata Nairobi One,Kenya,Nairobi West,Nairobi,313,0,0.00%,39,0,0.00%,12.46%,0.00
02/10/2025,54,Bata Nairobi One,Kenya,Nairobi West,Nairobi,0,297,-100.00%,0,53,-100.00%,0.00%,0.18
02/19/2026,54,Bata Nairobi One,Kenya,Nairobi West,Nairobi,335,0,0.00%,32,0,0.00%,9.55%,0.00
02/28/2025,54,Bata Nairobi One,Kenya,Nairobi West,Nairobi,0,482,-100.00%,0,83,-100.00%,0.00%,0.17
02/12/2026,54,Bata Nairobi One,Kenya,Nairobi West,Nairobi,270,0,0.00%,52,0,0.00%,19.26%,0.00
02/04/2025,54,Bata Nairobi One,Kenya,Nairobi West,Nairobi,0,342,-100.00%,0,70,-100.00%,0.00%,0.20
03/07/2026,54,Bata Nairobi One,Kenya,Nairobi West,Nairobi,196,0,0.00%,38,0,0.00%,19.39%,0.00
02/18/2025,54,Bata Nairobi One,Kenya,Nairobi West,Nairobi,0,462,-100.00%,0,53,-100.00%,0.00%,0.11
02/15/2026,54,Bata Nairobi One,Kenya,Nairobi West,Nairobi,117,0,0.00%,16,0,0.00%,13.73%,0.00
02/15/2025,54,Bata Nairobi One,Kenya,Nairobi West,Nairobi,0,275,-100.00%,0,45,-100.00%,0.00%,0.16
03/09/2026,54,Bata Nairobi One,Kenya,Nairobi West,Nairobi,29,0,0.00%,0,0,0.00%,0.00%,0.00
03/02/2025,54,Bata Nairobi One,Kenya,Nairobi West,Nairobi,0,165,-100.00%,0,33,-100.00%,0.00%,0.20
02/20/2026,54,Bata Nairobi One,Kenya,Nairobi West,Nairobi,270,0,0.00%,35,0,0.00%,12.99%,0.00
02/09/2025,54,Bata Nairobi One,Kenya,Nairobi West,Nairobi,0,149,-100.00%,0,19,-100.00%,0.00%,0.13
02/23/2026,54,Bata Nairobi One,Kenya,Nairobi West,Nairobi,198,0,0.00%,31,0,0.00%,15.70%,0.00
02/23/2025,54,Bata Nairobi One,Kenya,Nairobi West,Nairobi,0,139,-100.00%,0,16,-100.00%,0.00%,0.12
02/28/2026,54,Bata Nairobi One,Kenya,Nairobi West,Nairobi,361,0,0.00%,60,0,0.00%,16.62%,0.00
02/21/2025,54,Bata Nairobi One,Kenya,Nairobi West,Nairobi,0,329,-100.00%,0,56,-100.00%,0.00%,0.17
03/02/2026,54,Bata Nairobi One,Kenya,Nairobi West,Nairobi,440,0,0.00%,109,0,0.00%,24.80%,0.00
03/07/2025,54,Bata Nairobi One,Kenya,Nairobi West,Nairobi,0,308,-100.00%,0,50,-100.00%,0.00%,0.16
03/03/2026,54,Bata Nairobi One,Kenya,Nairobi West,Nairobi,346,0,0.00%,57,0,0.00%,16.47%,0.00
02/11/2025,54,Bata Nairobi One,Kenya,Nairobi West,Nairobi,0,312,-100.00%,0,57,-100.00%,0.00%,0.18
03/03/2025,54,Bata Nairobi One,Kenya,Nairobi West,Nairobi,0,404,-100.00%,0,85,-100.00%,0.00%,0.21
02/24/2025,54,Bata Nairobi One,Kenya,Nairobi West,Nairobi,0,256,-100.00%,0,34,-100.00%,0.00%,0.13
01/01/2026,54,Bata Nairobi One,Kenya,Nairobi West,Nairobi,193,0,0.00%,0,0,0.00%,0.00%,0.00
02/12/2025,54,Bata Nairobi One,Kenya,Nairobi West,Nairobi,0,311,-100.00%,0,50,-100.00%,0.00%,0.16
01/05/2026,54,Bata Nairobi One,Kenya,Nairobi West,Nairobi,968,0,0.00%,219,0,0.00%,22.64%,0.00
02/26/2025,54,Bata Nairobi One,Kenya,Nairobi West,Nairobi,0,314,-100.00%,0,46,-100.00%,0.00%,0.15
01/06/2026,54,Bata Nairobi One,Kenya,Nairobi West,Nairobi,858,0,0.00%,208,0,0.00%,24.26%,0.00
02/19/2025,54,Bata Nairobi One,Kenya,Nairobi West,Nairobi,0,294,-100.00%,0,43,-100.00%,0.00%,0.15
01/12/2026,54,Bata Nairobi One,Kenya,Nairobi West,Nairobi,726,0,0.00%,139,0,0.00%,19.16%,0.00
03/01/2025,54,Bata Nairobi One,Kenya,Nairobi West,Nairobi,0,354,-100.00%,0,82,-100.00%,0.00%,0.23
01/16/2026,54,Bata Nairobi One,Kenya,Nairobi West,Nairobi,407,0,0.00%,75,0,0.00%,18.45%,0.00
03/04/2025,54,Bata Nairobi One,Kenya,Nairobi West,Nairobi,0,306,-100.00%,0,76,-100.00%,0.00%,0.25
01/15/2026,54,Bata Nairobi One,Kenya,Nairobi West,Nairobi,490,0,0.00%,102,0,0.00%,20.82%,0.00
03/08/2025,54,Bata Nairobi One,Kenya,Nairobi West,Nairobi,0,309,-100.00%,0,49,-100.00%,0.00%,0.16
01/19/2026,54,Bata Nairobi One,Kenya,Nairobi West,Nairobi,325,0,0.00%,45,0,0.00%,13.85%,0.00
03/05/2025,54,Bata Nairobi One,Kenya,Nairobi West,Nairobi,0,341,-100.00%,0,70,-100.00%,0.00%,0.21
01/26/2026,54,Bata Nairobi One,Kenya,Nairobi West,Nairobi,316,0,0.00%,0,0,0.00%,0.00%,0.00
03/09/2025,54,Bata Nairobi One,Kenya,Nairobi West,Nairobi,0,126,-100.00%,0,16,-100.00%,0.00%,0.13
01/25/2026,54,Bata Nairobi One,Kenya,Nairobi West,Nairobi,130,0,0.00%,20,0,0.00%,15.44%,0.00
01/09/2026,54,Bata Nairobi One,Kenya,Nairobi West,Nairobi,856,0,0.00%,181,0,0.00%,21.16%,0.00
02/03/2026,54,Bata Nairobi One,Kenya,Nairobi West,Nairobi,314,0,0.00%,59,0,0.00%,18.82%,0.00
01/04/2026,54,Bata Nairobi One,Kenya,Nairobi West,Nairobi,542,0,0.00%,83,0,0.00%,15.33%,0.00
02/04/2026,54,Bata Nairobi One,Kenya,Nairobi West,Nairobi,284,0,0.00%,44,0,0.00%,15.52%,0.00
01/11/2026,54,Bata Nairobi One,Kenya,Nairobi West,Nairobi,581,0,0.00%,89,0,0.00%,15.32%,0.00
02/11/2026,54,Bata Nairobi One,Kenya,Nairobi West,Nairobi,252,0,0.00%,43,0,0.00%,17.10%,0.00
01/07/2026,54,Bata Nairobi One,Kenya,Nairobi West,Nairobi,796,0,0.00%,173,0,0.00%,21.73%,0.00
02/06/2026,54,Bata Nairobi One,Kenya,Nairobi West,Nairobi,431,0,0.00%,53,0,0.00%,12.31%,0.00
01/14/2026,54,Bata Nairobi One,Kenya,Nairobi West,Nairobi,588,0,0.00%,101,0,0.00%,17.19%,0.00
02/13/2026,54,Bata Nairobi One,Kenya,Nairobi West,Nairobi,296,0,0.00%,51,0,0.00%,17.26%,0.00
01/10/2026,54,Bata Nairobi One,Kenya,Nairobi West,Nairobi,1048,0,0.00%,201,0,0.00%,19.18%,0.00
02/07/2026,54,Bata Nairobi One,Kenya,Nairobi West,Nairobi,359,0,0.00%,50,0,0.00%,13.95%,0.00
01/27/2026,54,Bata Nairobi One,Kenya,Nairobi West,Nairobi,287,0,0.00%,17,0,0.00%,5.93%,0.00
02/16/2026,54,Bata Nairobi One,Kenya,Nairobi West,Nairobi,269,0,0.00%,46,0,0.00%,17.10%,0.00
01/13/2026,54,Bata Nairobi One,Kenya,Nairobi West,Nairobi,648,0,0.00%,116,0,0.00%,17.90%,0.00
02/22/2026,54,Bata Nairobi One,Kenya,Nairobi West,Nairobi,73,0,0.00%,6,0,0.00%,8.28%,0.00
02/14/2026,54,Bata Nairobi One,Kenya,Nairobi West,Nairobi,258,0,0.00%,43,0,0.00%,16.70%,0.00
02/24/2026,54,Bata Nairobi One,Kenya,Nairobi West,Nairobi,319,0,0.00%,37,0,0.00%,11.60%,0.00
01/20/2026,54,Bata Nairobi One,Kenya,Nairobi West,Nairobi,301,0,0.00%,54,0,0.00%,17.94%,0.00
02/25/2026,54,Bata Nairobi One,Kenya,Nairobi West,Nairobi,330,0,0.00%,46,0,0.00%,13.96%,0.00
02/17/2026,54,Bata Nairobi One,Kenya,Nairobi West,Nairobi,246,0,0.00%,33,0,0.00%,13.44%,0.00
03/01/2026,54,Bata Nairobi One,Kenya,Nairobi West,Nairobi,178,0,0.00%,28,0,0.00%,15.73%,0.00
01/28/2026,54,Bata Nairobi One,Kenya,Nairobi West,Nairobi,286,0,0.00%,61,0,0.00%,21.37%,0.00
03/06/2026,54,Bata Nairobi One,Kenya,Nairobi West,Nairobi,342,0,0.00%,73,0,0.00%,21.35%,0.00
03/05/2026,54,Bata Nairobi One,Kenya,Nairobi West,Nairobi,323,0,0.00%,55,0,0.00%,17.05%,0.00
01/29/2026,54,Bata Nairobi One,Kenya,Nairobi West,Nairobi,301,0,0.00%,47,0,0.00%,15.64%,0.00
03/08/2026,54,Bata Nairobi One,Kenya,Nairobi West,Nairobi,195,0,0.00%,27,0,0.00%,13.88%,0.00
02/05/2026,54,Bata Nairobi One,Kenya,Nairobi West,Nairobi,287,0,0.00%,45,0,0.00%,15.68%,0.00
02/10/2026,54,Bata Nairobi One,Kenya,Nairobi West,Nairobi,281,0,0.00%,47,0,0.00%,16.73%,0.00
02/21/2026,54,Bata Nairobi One,Kenya,Nairobi West,Nairobi,190,0,0.00%,37,0,0.00%,19.53%,0.00
02/26/2026,54,Bata Nairobi One,Kenya,Nairobi West,Nairobi,306,0,0.00%,51,0,0.00%,16.67%,0.00
02/27/2026,54,Bata Nairobi One,Kenya,Nairobi West,Nairobi,450,0,0.00%,65,0,0.00%,14.46%,0.00
03/04/2026,54,Bata Nairobi One,Kenya,Nairobi West,Nairobi,306,0,0.00%,54,0,0.00%,17.65%,0.00
01/05/2025,156,Bata Naivasha One,Kenya,Western,Naivasha,0,130,-100.00%,0,59,-100.00%,0.00%,0.45
01/06/2025,156,Bata Naivasha One,Kenya,Western,Naivasha,0,383,-100.00%,0,118,-100.00%,0.00%,0.31
01/01/2025,156,Bata Naivasha One,Kenya,Western,Naivasha,0,87,-100.00%,0,0,0.00%,0.00%,0.00
01/24/2025,156,Bata Naivasha One,Kenya,Western,Naivasha,0,48,-100.00%,0,12,-100.00%,0.00%,0.25
01/13/2025,156,Bata Naivasha One,Kenya,Western,Naivasha,0,90,-100.00%,0,31,-100.00%,0.00%,0.34
01/02/2025,156,Bata Naivasha One,Kenya,Western,Naivasha,0,150,-100.00%,0,54,-100.00%,0.00%,0.36
01/03/2025,156,Bata Naivasha One,Kenya,Western,Naivasha,0,329,-100.00%,0,81,-100.00%,0.00%,0.25
01/07/2025,156,Bata Naivasha One,Kenya,Western,Naivasha,0,225,-100.00%,0,157,-100.00%,0.00%,0.70
01/18/2025,156,Bata Naivasha One,Kenya,Western,Naivasha,0,81,-100.00%,0,28,-100.00%,0.00%,0.35
01/11/2025,156,Bata Naivasha One,Kenya,Western,Naivasha,0,140,-100.00%,0,54,-100.00%,0.00%,0.39
01/08/2025,156,Bata Naivasha One,Kenya,Western,Naivasha,0,155,-100.00%,0,97,-100.00%,0.00%,0.63
01/27/2025,156,Bata Naivasha One,Kenya,Western,Naivasha,0,73,-100.00%,0,11,-100.00%,0.00%,0.15
01/29/2025,156,Bata Naivasha One,Kenya,Western,Naivasha,0,118,-100.00%,0,35,-100.00%,0.00%,0.30
01/04/2025,156,Bata Naivasha One,Kenya,Western,Naivasha,0,218,-100.00%,0,98,-100.00%,0.00%,0.45
01/09/2025,156,Bata Naivasha One,Kenya,Western,Naivasha,0,84,-100.00%,0,52,-100.00%,0.00%,0.62
01/10/2025,156,Bata Naivasha One,Kenya,Western,Naivasha,0,54,-100.00%,0,27,-100.00%,0.00%,0.50
01/31/2025,156,Bata Naivasha One,Kenya,Western,Naivasha,0,108,-100.00%,0,30,-100.00%,0.00%,0.28
01/14/2025,156,Bata Naivasha One,Kenya,Western,Naivasha,0,95,-100.00%,0,60,-100.00%,0.00%,0.63
01/22/2025,156,Bata Naivasha One,Kenya,Western,Naivasha,0,55,-100.00%,0,11,-100.00%,0.00%,0.20
01/30/2025,156,Bata Naivasha One,Kenya,Western,Naivasha,0,67,-100.00%,0,14,-100.00%,0.00%,0.21
02/03/2025,156,Bata Naivasha One,Kenya,Western,Naivasha,0,119,-100.00%,0,23,-100.00%,0.00%,0.19
01/12/2025,156,Bata Naivasha One,Kenya,Western,Naivasha,0,70,-100.00%,0,41,-100.00%,0.00%,0.59
02/02/2025,156,Bata Naivasha One,Kenya,Western,Naivasha,0,90,-100.00%,0,17,-100.00%,0.00%,0.19
01/15/2025,156,Bata Naivasha One,Kenya,Western,Naivasha,0,72,-100.00%,0,30,-100.00%,0.00%,0.42
02/05/2025,156,Bata Naivasha One,Kenya,Western,Naivasha,0,173,-100.00%,0,23,-100.00%,0.00%,0.13
01/16/2025,156,Bata Naivasha One,Kenya,Western,Naivasha,0,61,-100.00%,0,27,-100.00%,0.00%,0.44
02/04/2025,156,Bata Naivasha One,Kenya,Western,Naivasha,0,98,-100.00%,0,19,-100.00%,0.00%,0.19
02/07/2025,156,Bata Naivasha One,Kenya,Western,Naivasha,0,93,-100.00%,0,13,-100.00%,0.00%,0.14
02/19/2025,156,Bata Naivasha One,Kenya,Western,Naivasha,0,107,-100.00%,0,13,-100.00%,0.00%,0.12
01/21/2025,156,Bata Naivasha One,Kenya,Western,Naivasha,0,39,-100.00%,0,19,-100.00%,0.00%,0.49
02/25/2025,156,Bata Naivasha One,Kenya,Western,Naivasha,0,52,-100.00%,0,16,-100.00%,0.00%,0.31
01/20/2025,156,Bata Naivasha One,Kenya,Western,Naivasha,0,81,-100.00%,0,26,-100.00%,0.00%,0.32
02/21/2025,156,Bata Naivasha One,Kenya,Western,Naivasha,0,112,-100.00%,0,14,-100.00%,0.00%,0.13
01/17/2025,156,Bata Naivasha One,Kenya,Western,Naivasha,0,58,-100.00%,0,23,-100.00%,0.00%,0.40
03/02/2025,156,Bata Naivasha One,Kenya,Western,Naivasha,0,141,-100.00%,0,36,-100.00%,0.00%,0.26
02/10/2025,156,Bata Naivasha One,Kenya,Western,Naivasha,0,106,-100.00%,0,23,-100.00%,0.00%,0.22
02/24/2025,156,Bata Naivasha One,Kenya,Western,Naivasha,0,112,-100.00%,0,15,-100.00%,0.00%,0.13
01/28/2025,156,Bata Naivasha One,Kenya,Western,Naivasha,0,63,-100.00%,0,23,-100.00%,0.00%,0.37
01/20/2026,156,Bata Naivasha One,Kenya,Western,Naivasha,134,0,0.00%,26,0,0.00%,19.48%,0.00
01/23/2025,156,Bata Naivasha One,Kenya,Western,Naivasha,0,67,-100.00%,0,23,-100.00%,0.00%,0.34
03/04/2025,156,Bata Naivasha One,Kenya,Western,Naivasha,0,169,-100.00%,0,33,-100.00%,0.00%,0.20
01/19/2025,156,Bata Naivasha One,Kenya,Western,Naivasha,0,62,-100.00%,0,25,-100.00%,0.00%,0.40
01/22/2026,156,Bata Naivasha One,Kenya,Western,Naivasha,108,0,0.00%,26,0,0.00%,24.19%,0.00
02/12/2025,156,Bata Naivasha One,Kenya,Western,Naivasha,0,88,-100.00%,0,11,-100.00%,0.00%,0.13
03/07/2025,156,Bata Naivasha One,Kenya,Western,Naivasha,0,134,-100.00%,0,20,-100.00%,0.00%,0.15
02/13/2025,156,Bata Naivasha One,Kenya,Western,Naivasha,0,106,-100.00%,0,22,-100.00%,0.00%,0.21
02/07/2026,156,Bata Naivasha One,Kenya,Western,Naivasha,138,0,0.00%,37,0,0.00%,26.91%,0.00
01/26/2025,156,Bata Naivasha One,Kenya,Western,Naivasha,0,48,-100.00%,0,28,-100.00%,0.00%,0.58
01/03/2026,156,Bata Naivasha One,Kenya,Western,Naivasha,551,0,0.00%,124,0,0.00%,22.52%,0.00
01/25/2025,156,Bata Naivasha One,Kenya,Western,Naivasha,0,72,-100.00%,0,20,-100.00%,0.00%,0.28
02/10/2026,156,Bata Naivasha One,Kenya,Western,Naivasha,97,0,0.00%,16,0,0.00%,16.58%,0.00
02/14/2025,156,Bata Naivasha One,Kenya,Western,Naivasha,0,96,-100.00%,0,14,-100.00%,0.00%,0.15
01/19/2026,156,Bata Naivasha One,Kenya,Western,Naivasha,121,0,0.00%,20,0,0.00%,16.60%,0.00
02/26/2025,156,Bata Naivasha One,Kenya,Western,Naivasha,0,136,-100.00%,0,22,-100.00%,0.00%,0.16
02/23/2026,156,Bata Naivasha One,Kenya,Western,Naivasha,66,0,0.00%,17,0,0.00%,25.76%,0.00
02/06/2025,156,Bata Naivasha One,Kenya,Western,Naivasha,0,95,-100.00%,0,15,-100.00%,0.00%,0.16
01/23/2026,156,Bata Naivasha One,Kenya,Western,Naivasha,102,0,0.00%,25,0,0.00%,24.51%,0.00
02/01/2025,156,Bata Naivasha One,Kenya,Western,Naivasha,0,209,-100.00%,0,49,-100.00%,0.00%,0.23
02/26/2026,156,Bata Naivasha One,Kenya,Western,Naivasha,120,0,0.00%,20,0,0.00%,16.67%,0.00
02/20/2025,156,Bata Naivasha One,Kenya,Western,Naivasha,0,101,-100.00%,0,12,-100.00%,0.00%,0.12
01/26/2026,156,Bata Naivasha One,Kenya,Western,Naivasha,122,0,0.00%,34,0,0.00%,27.98%,0.00
02/27/2025,156,Bata Naivasha One,Kenya,Western,Naivasha,0,119,-100.00%,0,14,-100.00%,0.00%,0.12
03/06/2026,156,Bata Naivasha One,Kenya,Western,Naivasha,109,0,0.00%,23,0,0.00%,21.20%,0.00
02/08/2025,156,Bata Naivasha One,Kenya,Western,Naivasha,0,124,-100.00%,0,21,-100.00%,0.00%,0.17
01/29/2026,156,Bata Naivasha One,Kenya,Western,Naivasha,91,0,0.00%,20,0,0.00%,21.98%,0.00
02/09/2025,156,Bata Naivasha One,Kenya,Western,Naivasha,0,79,-100.00%,0,9,-100.00%,0.00%,0.11
02/06/2026,156,Bata Naivasha One,Kenya,Western,Naivasha,125,0,0.00%,20,0,0.00%,16.00%,0.00
03/03/2025,156,Bata Naivasha One,Kenya,Western,Naivasha,0,254,-100.00%,0,63,-100.00%,0.00%,0.25
02/08/2026,156,Bata Naivasha One,Kenya,Western,Naivasha,67,0,0.00%,8,0,0.00%,12.03%,0.00
03/01/2025,156,Bata Naivasha One,Kenya,Western,Naivasha,0,205,-100.00%,0,60,-100.00%,0.00%,0.29
02/14/2026,156,Bata Naivasha One,Kenya,Western,Naivasha,128,0,0.00%,23,0,0.00%,18.04%,0.00
02/11/2025,156,Bata Naivasha One,Kenya,Western,Naivasha,0,98,-100.00%,0,19,-100.00%,0.00%,0.19
02/17/2026,156,Bata Naivasha One,Kenya,Western,Naivasha,115,0,0.00%,19,0,0.00%,16.52%,0.00
02/15/2025,156,Bata Naivasha One,Kenya,Western,Naivasha,0,119,-100.00%,0,20,-100.00%,0.00%,0.17
03/02/2026,156,Bata Naivasha One,Kenya,Western,Naivasha,173,0,0.00%,40,0,0.00%,23.19%,0.00
03/05/2025,156,Bata Naivasha One,Kenya,Western,Naivasha,0,154,-100.00%,0,29,-100.00%,0.00%,0.19
03/09/2025,156,Bata Naivasha One,Kenya,Western,Naivasha,0,67,-100.00%,0,9,-100.00%,0.00%,0.13
02/16/2025,156,Bata Naivasha One,Kenya,Western,Naivasha,0,75,-100.00%,0,11,-100.00%,0.00%,0.15
02/17/2025,156,Bata Naivasha One,Kenya,Western,Naivasha,0,98,-100.00%,0,18,-100.00%,0.00%,0.18
03/08/2025,156,Bata Naivasha One,Kenya,Western,Naivasha,0,152,-100.00%,0,27,-100.00%,0.00%,0.18
01/02/2026,156,Bata Naivasha One,Kenya,Western,Naivasha,204,0,0.00%,97,0,0.00%,47.67%,0.00
02/18/2025,156,Bata Naivasha One,Kenya,Western,Naivasha,0,84,-100.00%,0,15,-100.00%,0.00%,0.18
02/22/2025,156,Bata Naivasha One,Kenya,Western,Naivasha,0,89,-100.00%,0,17,-100.00%,0.00%,0.19
01/06/2026,156,Bata Naivasha One,Kenya,Western,Naivasha,564,0,0.00%,293,0,0.00%,51.95%,0.00
01/05/2026,156,Bata Naivasha One,Kenya,Western,Naivasha,579,0,0.00%,19,0,0.00%,3.28%,0.00
03/06/2025,156,Bata Naivasha One,Kenya,Western,Naivasha,0,121,-100.00%,0,18,-100.00%,0.00%,0.15
02/23/2025,156,Bata Naivasha One,Kenya,Western,Naivasha,0,51,-100.00%,0,10,-100.00%,0.00%,0.20
01/12/2026,156,Bata Naivasha One,Kenya,Western,Naivasha,394,0,0.00%,113,0,0.00%,28.68%,0.00
01/08/2026,156,Bata Naivasha One,Kenya,Western,Naivasha,365,0,0.00%,103,0,0.00%,28.26%,0.00
01/13/2026,156,Bata Naivasha One,Kenya,Western,Naivasha,286,0,0.00%,75,0,0.00%,26.22%,0.00
02/28/2025,156,Bata Naivasha One,Kenya,Western,Naivasha,0,150,-100.00%,0,23,-100.00%,0.00%,0.15
01/15/2026,156,Bata Naivasha One,Kenya,Western,Naivasha,199,0,0.00%,45,0,0.00%,22.67%,0.00
01/10/2026,156,Bata Naivasha One,Kenya,Western,Naivasha,471,0,0.00%,132,0,0.00%,28.03%,0.00
02/03/2026,156,Bata Naivasha One,Kenya,Western,Naivasha,110,0,0.00%,25,0,0.00%,22.73%,0.00
01/01/2026,156,Bata Naivasha One,Kenya,Western,Naivasha,160,0,0.00%,26,0,0.00%,16.25%,0.00
01/25/2026,156,Bata Naivasha One,Kenya,Western,Naivasha,82,0,0.00%,12,0,0.00%,14.72%,0.00
01/11/2026,156,Bata Naivasha One,Kenya,Western,Naivasha,250,0,0.00%,63,0,0.00%,25.25%,0.00
02/11/2026,156,Bata Naivasha One,Kenya,Western,Naivasha,69,0,0.00%,8,0,0.00%,11.68%,0.00
01/04/2026,156,Bata Naivasha One,Kenya,Western,Naivasha,314,0,0.00%,67,0,0.00%,21.37%,0.00
01/27/2026,156,Bata Naivasha One,Kenya,Western,Naivasha,92,0,0.00%,25,0,0.00%,27.32%,0.00
01/16/2026,156,Bata Naivasha One,Kenya,Western,Naivasha,180,0,0.00%,41,0,0.00%,22.84%,0.00
02/27/2026,156,Bata Naivasha One,Kenya,Western,Naivasha,105,0,0.00%,30,0,0.00%,28.57%,0.00
01/07/2026,156,Bata Naivasha One,Kenya,Western,Naivasha,409,0,0.00%,132,0,0.00%,32.27%,0.00
02/05/2026,156,Bata Naivasha One,Kenya,Western,Naivasha,115,0,0.00%,25,0,0.00%,21.74%,0.00
01/18/2026,156,Bata Naivasha One,Kenya,Western,Naivasha,104,0,0.00%,17,0,0.00%,16.43%,0.00
03/04/2026,156,Bata Naivasha One,Kenya,Western,Naivasha,79,0,0.00%,12,0,0.00%,15.29%,0.00
01/09/2026,156,Bata Naivasha One,Kenya,Western,Naivasha,384,0,0.00%,105,0,0.00%,27.34%,0.00
02/12/2026,156,Bata Naivasha One,Kenya,Western,Naivasha,98,0,0.00%,24,0,0.00%,24.62%,0.00
01/21/2026,156,Bata Naivasha One,Kenya,Western,Naivasha,97,0,0.00%,19,0,0.00%,19.59%,0.00
02/18/2026,156,Bata Naivasha One,Kenya,Western,Naivasha,99,0,0.00%,10,0,0.00%,10.10%,0.00
01/14/2026,156,Bata Naivasha One,Kenya,Western,Naivasha,221,0,0.00%,49,0,0.00%,22.17%,0.00
02/20/2026,156,Bata Naivasha One,Kenya,Western,Naivasha,98,0,0.00%,17,0,0.00%,17.35%,0.00
01/24/2026,156,Bata Naivasha One,Kenya,Western,Naivasha,145,0,0.00%,21,0,0.00%,14.48%,0.00
02/21/2026,156,Bata Naivasha One,Kenya,Western,Naivasha,118,0,0.00%,15,0,0.00%,12.77%,0.00
01/17/2026,156,Bata Naivasha One,Kenya,Western,Naivasha,162,0,0.00%,39,0,0.00%,24.07%,0.00
02/28/2026,156,Bata Naivasha One,Kenya,Western,Naivasha,179,0,0.00%,51,0,0.00%,28.49%,0.00
01/31/2026,156,Bata Naivasha One,Kenya,Western,Naivasha,146,0,0.00%,36,0,0.00%,24.74%,0.00
03/01/2026,156,Bata Naivasha One,Kenya,Western,Naivasha,108,0,0.00%,17,0,0.00%,15.81%,0.00
01/28/2026,156,Bata Naivasha One,Kenya,Western,Naivasha,98,0,0.00%,21,0,0.00%,21.43%,0.00
03/08/2026,156,Bata Naivasha One,Kenya,Western,Naivasha,84,0,0.00%,12,0,0.00%,14.29%,0.00
02/01/2026,156,Bata Naivasha One,Kenya,Western,Naivasha,80,0,0.00%,16,0,0.00%,20.00%,0.00
01/30/2026,156,Bata Naivasha One,Kenya,Western,Naivasha,107,0,0.00%,21,0,0.00%,19.72%,0.00
02/09/2026,156,Bata Naivasha One,Kenya,Western,Naivasha,94,0,0.00%,13,0,0.00%,13.83%,0.00
02/02/2026,156,Bata Naivasha One,Kenya,Western,Naivasha,119,0,0.00%,19,0,0.00%,16.03%,0.00
02/16/2026,156,Bata Naivasha One,Kenya,Western,Naivasha,94,0,0.00%,14,0,0.00%,14.97%,0.00
02/04/2026,156,Bata Naivasha One,Kenya,Western,Naivasha,101,0,0.00%,30,0,0.00%,29.85%,0.00
02/19/2026,156,Bata Naivasha One,Kenya,Western,Naivasha,81,0,0.00%,13,0,0.00%,16.15%,0.00
02/13/2026,156,Bata Naivasha One,Kenya,Western,Naivasha,129,0,0.00%,19,0,0.00%,14.79%,0.00
02/22/2026,156,Bata Naivasha One,Kenya,Western,Naivasha,74,0,0.00%,13,0,0.00%,17.69%,0.00
02/15/2026,156,Bata Naivasha One,Kenya,Western,Naivasha,66,0,0.00%,13,0,0.00%,19.85%,0.00
02/24/2026,156,Bata Naivasha One,Kenya,Western,Naivasha,96,0,0.00%,16,0,0.00%,16.67%,0.00
03/03/2026,156,Bata Naivasha One,Kenya,Western,Naivasha,206,0,0.00%,88,0,0.00%,42.72%,0.00
02/25/2026,156,Bata Naivasha One,Kenya,Western,Naivasha,101,0,0.00%,17,0,0.00%,16.83%,0.00
03/09/2026,156,Bata Naivasha One,Kenya,Western,Naivasha,26,0,0.00%,0,0,0.00%,0.00%,0.00
03/05/2026,156,Bata Naivasha One,Kenya,Western,Naivasha,76,0,0.00%,12,0,0.00%,15.89%,0.00
03/07/2026,156,Bata Naivasha One,Kenya,Western,Naivasha,122,0,0.00%,31,0,0.00%,25.51%,0.00
01/07/2025,52,Bata Nakuru Two,Kenya,Western,Nakuru,0,1430,-100.00%,0,417,-100.00%,0.00%,0.29
01/04/2025,52,Bata Nakuru Two,Kenya,Western,Nakuru,0,1400,-100.00%,0,477,-100.00%,0.00%,0.34
01/06/2025,52,Bata Nakuru Two,Kenya,Western,Nakuru,0,1883,-100.00%,0,535,-100.00%,0.00%,0.28
01/13/2025,52,Bata Nakuru Two,Kenya,Western,Nakuru,0,457,-100.00%,0,129,-100.00%,0.00%,0.28
01/08/2025,52,Bata Nakuru Two,Kenya,Western,Nakuru,0,799,-100.00%,0,274,-100.00%,0.00%,0.34
01/02/2025,52,Bata Nakuru Two,Kenya,Western,Nakuru,0,1043,-100.00%,0,0,0.00%,0.00%,0.00
01/09/2025,52,Bata Nakuru Two,Kenya,Western,Nakuru,0,626,-100.00%,0,202,-100.00%,0.00%,0.32
01/01/2025,52,Bata Nakuru Two,Kenya,Western,Nakuru,0,359,-100.00%,0,0,0.00%,0.00%,0.00
01/10/2025,52,Bata Nakuru Two,Kenya,Western,Nakuru,0,536,-100.00%,0,172,-100.00%,0.00%,0.32
01/11/2025,52,Bata Nakuru Two,Kenya,Western,Nakuru,0,763,-100.00%,0,255,-100.00%,0.00%,0.33
01/12/2025,52,Bata Nakuru Two,Kenya,Western,Nakuru,0,106,-100.00%,0,90,-100.00%,0.00%,0.85
01/20/2025,52,Bata Nakuru Two,Kenya,Western,Nakuru,0,254,-100.00%,0,63,-100.00%,0.00%,0.25
01/15/2025,52,Bata Nakuru Two,Kenya,Western,Nakuru,0,376,-100.00%,0,101,-100.00%,0.00%,0.27
01/05/2025,52,Bata Nakuru Two,Kenya,Western,Nakuru,0,997,-100.00%,0,249,-100.00%,0.00%,0.25
01/22/2025,52,Bata Nakuru Two,Kenya,Western,Nakuru,0,238,-100.00%,0,66,-100.00%,0.00%,0.28
01/03/2025,52,Bata Nakuru Two,Kenya,Western,Nakuru,0,1233,-100.00%,0,565,-100.00%,0.00%,0.46
01/18/2025,52,Bata Nakuru Two,Kenya,Western,Nakuru,0,476,-100.00%,0,116,-100.00%,0.00%,0.24
01/14/2025,52,Bata Nakuru Two,Kenya,Western,Nakuru,0,365,-100.00%,0,98,-100.00%,0.00%,0.27
01/24/2025,52,Bata Nakuru Two,Kenya,Western,Nakuru,0,233,-100.00%,0,64,-100.00%,0.00%,0.27
01/23/2025,52,Bata Nakuru Two,Kenya,Western,Nakuru,0,268,-100.00%,0,60,-100.00%,0.00%,0.22
01/21/2025,52,Bata Nakuru Two,Kenya,Western,Nakuru,0,283,-100.00%,0,61,-100.00%,0.00%,0.22
01/28/2025,52,Bata Nakuru Two,Kenya,Western,Nakuru,0,282,-100.00%,0,106,-100.00%,0.00%,0.38
01/30/2025,52,Bata Nakuru Two,Kenya,Western,Nakuru,0,255,-100.00%,0,51,-100.00%,0.00%,0.20
01/19/2025,52,Bata Nakuru Two,Kenya,Western,Nakuru,0,180,-100.00%,0,53,-100.00%,0.00%,0.29
02/08/2025,52,Bata Nakuru Two,Kenya,Western,Nakuru,0,337,-100.00%,0,72,-100.00%,0.00%,0.21
01/16/2025,52,Bata Nakuru Two,Kenya,Western,Nakuru,0,333,-100.00%,0,80,-100.00%,0.00%,0.24
02/01/2025,52,Bata Nakuru Two,Kenya,Western,Nakuru,0,347,-100.00%,0,98,-100.00%,0.00%,0.28
01/26/2025,52,Bata Nakuru Two,Kenya,Western,Nakuru,0,194,-100.00%,0,61,-100.00%,0.00%,0.31
02/13/2025,52,Bata Nakuru Two,Kenya,Western,Nakuru,0,212,-100.00%,0,41,-100.00%,0.00%,0.19
01/29/2025,52,Bata Nakuru Two,Kenya,Western,Nakuru,0,253,-100.00%,0,68,-100.00%,0.00%,0.27
02/17/2025,52,Bata Nakuru Two,Kenya,Western,Nakuru,0,253,-100.00%,0,63,-100.00%,0.00%,0.25
01/25/2025,52,Bata Nakuru Two,Kenya,Western,Nakuru,0,357,-100.00%,0,84,-100.00%,0.00%,0.24
02/19/2025,52,Bata Nakuru Two,Kenya,Western,Nakuru,0,266,-100.00%,0,34,-100.00%,0.00%,0.13
01/17/2025,52,Bata Nakuru Two,Kenya,Western,Nakuru,0,333,-100.00%,0,101,-100.00%,0.00%,0.30
02/20/2025,52,Bata Nakuru Two,Kenya,Western,Nakuru,0,263,-100.00%,0,50,-100.00%,0.00%,0.19
01/31/2025,52,Bata Nakuru Two,Kenya,Western,Nakuru,0,299,-100.00%,0,60,-100.00%,0.00%,0.20
02/21/2025,52,Bata Nakuru Two,Kenya,Western,Nakuru,0,206,-100.00%,0,43,-100.00%,0.00%,0.21
02/03/2025,52,Bata Nakuru Two,Kenya,Western,Nakuru,0,252,-100.00%,0,54,-100.00%,0.00%,0.21
02/25/2025,52,Bata Nakuru Two,Kenya,Western,Nakuru,0,271,-100.00%,0,69,-100.00%,0.00%,0.25
01/27/2025,52,Bata Nakuru Two,Kenya,Western,Nakuru,0,274,-100.00%,0,0,0.00%,0.00%,0.00
02/24/2025,52,Bata Nakuru Two,Kenya,Western,Nakuru,0,219,-100.00%,0,48,-100.00%,0.00%,0.22
02/10/2025,52,Bata Nakuru Two,Kenya,Western,Nakuru,0,216,-100.00%,0,57,-100.00%,0.00%,0.26
02/26/2025,52,Bata Nakuru Two,Kenya,Western,Nakuru,0,310,-100.00%,0,69,-100.00%,0.00%,0.22
02/06/2025,52,Bata Nakuru Two,Kenya,Western,Nakuru,0,232,-100.00%,0,57,-100.00%,0.00%,0.25
02/27/2025,52,Bata Nakuru Two,Kenya,Western,Nakuru,0,307,-100.00%,0,68,-100.00%,0.00%,0.22
02/05/2025,52,Bata Nakuru Two,Kenya,Western,Nakuru,0,254,-100.00%,0,51,-100.00%,0.00%,0.20
03/05/2025,52,Bata Nakuru Two,Kenya,Western,Nakuru,0,272,-100.00%,0,71,-100.00%,0.00%,0.26
02/02/2025,52,Bata Nakuru Two,Kenya,Western,Nakuru,0,218,-100.00%,0,40,-100.00%,0.00%,0.18
03/01/2025,52,Bata Nakuru Two,Kenya,Western,Nakuru,0,809,-100.00%,0,141,-100.00%,0.00%,0.17
02/12/2025,52,Bata Nakuru Two,Kenya,Western,Nakuru,0,227,-100.00%,0,51,-100.00%,0.00%,0.22
03/04/2025,52,Bata Nakuru Two,Kenya,Western,Nakuru,0,409,-100.00%,0,121,-100.00%,0.00%,0.30
02/11/2025,52,Bata Nakuru Two,Kenya,Western,Nakuru,0,237,-100.00%,0,64,-100.00%,0.00%,0.27
03/07/2025,52,Bata Nakuru Two,Kenya,Western,Nakuru,0,273,-100.00%,0,60,-100.00%,0.00%,0.22
02/16/2025,52,Bata Nakuru Two,Kenya,Western,Nakuru,0,121,-100.00%,0,36,-100.00%,0.00%,0.30
02/04/2025,52,Bata Nakuru Two,Kenya,Western,Nakuru,0,251,-100.00%,0,66,-100.00%,0.00%,0.26
02/22/2025,52,Bata Nakuru Two,Kenya,Western,Nakuru,0,283,-100.00%,0,53,-100.00%,0.00%,0.19
02/14/2025,52,Bata Nakuru Two,Kenya,Western,Nakuru,0,232,-100.00%,0,54,-100.00%,0.00%,0.23
03/02/2025,52,Bata Nakuru Two,Kenya,Western,Nakuru,0,271,-100.00%,0,103,-100.00%,0.00%,0.38
02/07/2025,52,Bata Nakuru Two,Kenya,Western,Nakuru,0,241,-100.00%,0,65,-100.00%,0.00%,0.27
03/06/2025,52,Bata Nakuru Two,Kenya,Western,Nakuru,0,193,-100.00%,0,50,-100.00%,0.00%,0.26
02/09/2025,52,Bata Nakuru Two,Kenya,Western,Nakuru,0,224,-100.00%,0,48,-100.00%,0.00%,0.21
03/09/2025,52,Bata Nakuru Two,Kenya,Western,Nakuru,0,170,-100.00%,0,28,-100.00%,0.00%,0.16
02/15/2025,52,Bata Nakuru Two,Kenya,Western,Nakuru,0,290,-100.00%,0,75,-100.00%,0.00%,0.26
02/18/2025,52,Bata Nakuru Two,Kenya,Western,Nakuru,0,239,-100.00%,0,55,-100.00%,0.00%,0.23
02/23/2025,52,Bata Nakuru Two,Kenya,Western,Nakuru,0,119,-100.00%,0,28,-100.00%,0.00%,0.24
02/28/2025,52,Bata Nakuru Two,Kenya,Western,Nakuru,0,635,-100.00%,0,106,-100.00%,0.00%,0.17
03/03/2025,52,Bata Nakuru Two,Kenya,Western,Nakuru,0,532,-100.00%,0,189,-100.00%,0.00%,0.36
03/08/2025,52,Bata Nakuru Two,Kenya,Western,Nakuru,0,640,-100.00%,0,106,-100.00%,0.00%,0.17
01/15/2025,164,Bata Narok One,Kenya,Nyanza,Narok,0,215,-100.00%,0,54,-100.00%,0.00%,0.25
01/04/2025,164,Bata Narok One,Kenya,Nyanza,Narok,0,399,-100.00%,0,136,-100.00%,0.00%,0.34
01/06/2025,164,Bata Narok One,Kenya,Nyanza,Narok,0,0,0.00%,0,201,-100.00%,0.00%,0.00
01/03/2025,164,Bata Narok One,Kenya,Nyanza,Narok,0,368,-100.00%,0,103,-100.00%,0.00%,0.28
01/21/2025,164,Bata Narok One,Kenya,Nyanza,Narok,0,153,-100.00%,0,27,-100.00%,0.00%,0.18
01/01/2025,164,Bata Narok One,Kenya,Nyanza,Narok,0,114,-100.00%,0,0,0.00%,0.00%,0.00
01/08/2025,164,Bata Narok One,Kenya,Nyanza,Narok,0,0,0.00%,0,116,-100.00%,0.00%,0.00
01/02/2025,164,Bata Narok One,Kenya,Nyanza,Narok,0,322,-100.00%,0,31,-100.00%,0.00%,0.10
01/23/2025,164,Bata Narok One,Kenya,Nyanza,Narok,0,176,-100.00%,0,30,-100.00%,0.00%,0.17
01/05/2025,164,Bata Narok One,Kenya,Nyanza,Narok,0,0,0.00%,0,78,-100.00%,0.00%,0.00
01/11/2025,164,Bata Narok One,Kenya,Nyanza,Narok,0,376,-100.00%,0,79,-100.00%,0.00%,0.21
01/09/2025,164,Bata Narok One,Kenya,Nyanza,Narok,0,0,0.00%,0,90,-100.00%,0.00%,0.00
01/26/2025,164,Bata Narok One,Kenya,Nyanza,Narok,0,84,-100.00%,0,19,-100.00%,0.00%,0.23
01/29/2025,164,Bata Narok One,Kenya,Nyanza,Narok,0,178,-100.00%,0,40,-100.00%,0.00%,0.22
01/16/2025,164,Bata Narok One,Kenya,Nyanza,Narok,0,217,-100.00%,0,52,-100.00%,0.00%,0.24
01/13/2025,164,Bata Narok One,Kenya,Nyanza,Narok,0,473,-100.00%,0,107,-100.00%,0.00%,0.23
02/02/2025,164,Bata Narok One,Kenya,Nyanza,Narok,0,98,-100.00%,0,18,-100.00%,0.00%,0.18
01/07/2025,164,Bata Narok One,Kenya,Nyanza,Narok,0,0,0.00%,0,205,-100.00%,0.00%,0.00
01/17/2025,164,Bata Narok One,Kenya,Nyanza,Narok,0,185,-100.00%,0,32,-100.00%,0.00%,0.17
01/14/2025,164,Bata Narok One,Kenya,Nyanza,Narok,0,266,-100.00%,0,51,-100.00%,0.00%,0.19
02/05/2025,164,Bata Narok One,Kenya,Nyanza,Narok,0,181,-100.00%,0,28,-100.00%,0.00%,0.15
02/07/2025,164,Bata Narok One,Kenya,Nyanza,Narok,0,0,0.00%,0,29,-100.00%,0.00%,0.00
01/19/2025,164,Bata Narok One,Kenya,Nyanza,Narok,0,120,-100.00%,0,19,-100.00%,0.00%,0.16
01/18/2025,164,Bata Narok One,Kenya,Nyanza,Narok,0,219,-100.00%,0,50,-100.00%,0.00%,0.23
02/10/2025,164,Bata Narok One,Kenya,Nyanza,Narok,0,0,0.00%,0,27,-100.00%,0.00%,0.00
01/10/2025,164,Bata Narok One,Kenya,Nyanza,Narok,0,29,-100.00%,0,87,-100.00%,0.00%,3.00
01/25/2025,164,Bata Narok One,Kenya,Nyanza,Narok,0,117,-100.00%,0,10,-100.00%,0.00%,0.09
01/22/2025,164,Bata Narok One,Kenya,Nyanza,Narok,0,132,-100.00%,0,20,-100.00%,0.00%,0.15
02/18/2025,164,Bata Narok One,Kenya,Nyanza,Narok,0,170,-100.00%,0,22,-100.00%,0.00%,0.13
02/20/2025,164,Bata Narok One,Kenya,Nyanza,Narok,0,184,-100.00%,0,21,-100.00%,0.00%,0.11
01/27/2025,164,Bata Narok One,Kenya,Nyanza,Narok,0,190,-100.00%,0,0,0.00%,0.00%,0.00
01/20/2025,164,Bata Narok One,Kenya,Nyanza,Narok,0,104,-100.00%,0,11,-100.00%,0.00%,0.11
02/21/2025,164,Bata Narok One,Kenya,Nyanza,Narok,0,232,-100.00%,0,20,-100.00%,0.00%,0.09
01/12/2025,164,Bata Narok One,Kenya,Nyanza,Narok,0,183,-100.00%,0,47,-100.00%,0.00%,0.26
02/01/2025,164,Bata Narok One,Kenya,Nyanza,Narok,0,286,-100.00%,0,42,-100.00%,0.00%,0.15
01/24/2025,164,Bata Narok One,Kenya,Nyanza,Narok,0,129,-100.00%,0,23,-100.00%,0.00%,0.18
02/24/2025,164,Bata Narok One,Kenya,Nyanza,Narok,0,178,-100.00%,0,14,-100.00%,0.00%,0.08
02/23/2025,164,Bata Narok One,Kenya,Nyanza,Narok,0,142,-100.00%,0,18,-100.00%,0.00%,0.13
02/04/2025,164,Bata Narok One,Kenya,Nyanza,Narok,0,123,-100.00%,0,39,-100.00%,0.00%,0.32
01/31/2025,164,Bata Narok One,Kenya,Nyanza,Narok,0,210,-100.00%,0,45,-100.00%,0.00%,0.21
03/01/2025,164,Bata Narok One,Kenya,Nyanza,Narok,0,186,-100.00%,0,39,-100.00%,0.00%,0.21
01/28/2025,164,Bata Narok One,Kenya,Nyanza,Narok,0,140,-100.00%,0,22,-100.00%,0.00%,0.16
02/06/2025,164,Bata Narok One,Kenya,Nyanza,Narok,0,84,-100.00%,0,19,-100.00%,0.00%,0.23
01/30/2025,164,Bata Narok One,Kenya,Nyanza,Narok,0,52,-100.00%,0,16,-100.00%,0.00%,0.31
03/04/2025,164,Bata Narok One,Kenya,Nyanza,Narok,0,256,-100.00%,0,53,-100.00%,0.00%,0.21
02/28/2025,164,Bata Narok One,Kenya,Nyanza,Narok,0,176,-100.00%,0,30,-100.00%,0.00%,0.17
02/09/2025,164,Bata Narok One,Kenya,Nyanza,Narok,0,0,0.00%,0,15,-100.00%,0.00%,0.00
02/03/2025,164,Bata Narok One,Kenya,Nyanza,Narok,0,0,0.00%,0,27,-100.00%,0.00%,0.00
03/07/2025,164,Bata Narok One,Kenya,Nyanza,Narok,0,165,-100.00%,0,26,-100.00%,0.00%,0.16
02/08/2025,164,Bata Narok One,Kenya,Nyanza,Narok,0,0,0.00%,0,23,-100.00%,0.00%,0.00
02/12/2025,164,Bata Narok One,Kenya,Nyanza,Narok,0,0,0.00%,0,26,-100.00%,0.00%,0.00
02/14/2025,164,Bata Narok One,Kenya,Nyanza,Narok,0,65,-100.00%,0,24,-100.00%,0.00%,0.37
03/09/2025,164,Bata Narok One,Kenya,Nyanza,Narok,0,79,-100.00%,0,11,-100.00%,0.00%,0.14
03/02/2025,164,Bata Narok One,Kenya,Nyanza,Narok,0,14,-100.00%,0,5,-100.00%,0.00%,0.36
02/15/2025,164,Bata Narok One,Kenya,Nyanza,Narok,0,177,-100.00%,0,25,-100.00%,0.00%,0.14
02/11/2025,164,Bata Narok One,Kenya,Nyanza,Narok,0,0,0.00%,0,26,-100.00%,0.00%,0.00
01/02/2026,164,Bata Narok One,Kenya,Nyanza,Narok,305,0,0.00%,67,0,0.00%,22.00%,0.00
02/19/2025,164,Bata Narok One,Kenya,Nyanza,Narok,0,203,-100.00%,0,26,-100.00%,0.00%,0.13
02/25/2025,164,Bata Narok One,Kenya,Nyanza,Narok,0,221,-100.00%,0,25,-100.00%,0.00%,0.11
02/17/2025,164,Bata Narok One,Kenya,Nyanza,Narok,0,200,-100.00%,0,25,-100.00%,0.00%,0.13
01/05/2026,164,Bata Narok One,Kenya,Nyanza,Narok,739,0,0.00%,174,0,0.00%,23.56%,0.00
01/03/2026,164,Bata Narok One,Kenya,Nyanza,Narok,358,0,0.00%,88,0,0.00%,24.58%,0.00
03/03/2025,164,Bata Narok One,Kenya,Nyanza,Narok,0,313,-100.00%,0,82,-100.00%,0.00%,0.26
02/13/2025,164,Bata Narok One,Kenya,Nyanza,Narok,0,0,0.00%,0,23,-100.00%,0.00%,0.00
01/08/2026,164,Bata Narok One,Kenya,Nyanza,Narok,446,0,0.00%,102,0,0.00%,22.90%,0.00
03/06/2025,164,Bata Narok One,Kenya,Nyanza,Narok,0,142,-100.00%,0,25,-100.00%,0.00%,0.18
01/09/2026,164,Bata Narok One,Kenya,Nyanza,Narok,348,0,0.00%,79,0,0.00%,22.73%,0.00
02/22/2025,164,Bata Narok One,Kenya,Nyanza,Narok,0,143,-100.00%,0,24,-100.00%,0.00%,0.17
01/16/2026,164,Bata Narok One,Kenya,Nyanza,Narok,250,0,0.00%,41,0,0.00%,16.40%,0.00
01/17/2026,164,Bata Narok One,Kenya,Nyanza,Narok,208,0,0.00%,37,0,0.00%,17.83%,0.00
01/11/2026,164,Bata Narok One,Kenya,Nyanza,Narok,334,0,0.00%,64,0,0.00%,19.19%,0.00
02/16/2025,164,Bata Narok One,Kenya,Nyanza,Narok,0,96,-100.00%,0,9,-100.00%,0.00%,0.09
01/24/2026,164,Bata Narok One,Kenya,Nyanza,Narok,195,0,0.00%,40,0,0.00%,20.57%,0.00
01/07/2026,164,Bata Narok One,Kenya,Nyanza,Narok,550,0,0.00%,138,0,0.00%,25.11%,0.00
01/19/2026,164,Bata Narok One,Kenya,Nyanza,Narok,216,0,0.00%,45,0,0.00%,20.83%,0.00
03/05/2025,164,Bata Narok One,Kenya,Nyanza,Narok,0,167,-100.00%,0,35,-100.00%,0.00%,0.21
01/26/2026,164,Bata Narok One,Kenya,Nyanza,Narok,171,0,0.00%,4,0,0.00%,2.34%,0.00
01/22/2026,164,Bata Narok One,Kenya,Nyanza,Narok,93,0,0.00%,34,0,0.00%,36.76%,0.00
01/20/2026,164,Bata Narok One,Kenya,Nyanza,Narok,184,0,0.00%,28,0,0.00%,15.26%,0.00
02/26/2025,164,Bata Narok One,Kenya,Nyanza,Narok,0,133,-100.00%,0,24,-100.00%,0.00%,0.18
02/08/2026,164,Bata Narok One,Kenya,Nyanza,Narok,91,0,0.00%,12,0,0.00%,13.26%,0.00
01/10/2026,164,Bata Narok One,Kenya,Nyanza,Narok,426,0,0.00%,98,0,0.00%,23.03%,0.00
01/25/2026,164,Bata Narok One,Kenya,Nyanza,Narok,115,0,0.00%,20,0,0.00%,17.39%,0.00
03/08/2025,164,Bata Narok One,Kenya,Nyanza,Narok,0,148,-100.00%,0,25,-100.00%,0.00%,0.17
02/17/2026,164,Bata Narok One,Kenya,Nyanza,Narok,129,0,0.00%,13,0,0.00%,10.12%,0.00
01/30/2026,164,Bata Narok One,Kenya,Nyanza,Narok,147,0,0.00%,24,0,0.00%,16.33%,0.00
01/27/2026,164,Bata Narok One,Kenya,Nyanza,Narok,124,0,0.00%,31,0,0.00%,25.10%,0.00
02/27/2025,164,Bata Narok One,Kenya,Nyanza,Narok,0,41,-100.00%,0,10,-100.00%,0.00%,0.24
03/02/2026,164,Bata Narok One,Kenya,Nyanza,Narok,270,0,0.00%,71,0,0.00%,26.35%,0.00
01/15/2026,164,Bata Narok One,Kenya,Nyanza,Narok,268,0,0.00%,57,0,0.00%,21.27%,0.00
02/05/2026,164,Bata Narok One,Kenya,Nyanza,Narok,150,0,0.00%,26,0,0.00%,17.39%,0.00
01/01/2026,164,Bata Narok One,Kenya,Nyanza,Narok,181,0,0.00%,0,0,0.00%,0.00%,0.00
02/07/2026,164,Bata Narok One,Kenya,Nyanza,Narok,167,0,0.00%,32,0,0.00%,19.16%,0.00
02/02/2026,164,Bata Narok One,Kenya,Nyanza,Narok,27,0,0.00%,27,0,0.00%,101.89%,0.00
02/10/2026,164,Bata Narok One,Kenya,Nyanza,Narok,136,0,0.00%,19,0,0.00%,14.02%,0.00
01/13/2026,164,Bata Narok One,Kenya,Nyanza,Narok,387,0,0.00%,105,0,0.00%,27.17%,0.00
02/13/2026,164,Bata Narok One,Kenya,Nyanza,Narok,102,0,0.00%,15,0,0.00%,14.71%,0.00
01/18/2026,164,Bata Narok One,Kenya,Nyanza,Narok,130,0,0.00%,19,0,0.00%,14.62%,0.00
02/28/2026,164,Bata Narok One,Kenya,Nyanza,Narok,234,0,0.00%,58,0,0.00%,24.84%,0.00
01/04/2026,164,Bata Narok One,Kenya,Nyanza,Narok,308,0,0.00%,61,0,0.00%,19.81%,0.00
02/04/2026,164,Bata Narok One,Kenya,Nyanza,Narok,113,0,0.00%,27,0,0.00%,23.89%,0.00
01/23/2026,164,Bata Narok One,Kenya,Nyanza,Narok,150,0,0.00%,27,0,0.00%,18.06%,0.00
01/21/2026,164,Bata Narok One,Kenya,Nyanza,Narok,163,0,0.00%,26,0,0.00%,15.95%,0.00
01/06/2026,164,Bata Narok One,Kenya,Nyanza,Narok,868,0,0.00%,207,0,0.00%,23.85%,0.00
02/12/2026,164,Bata Narok One,Kenya,Nyanza,Narok,135,0,0.00%,20,0,0.00%,14.81%,0.00
02/01/2026,164,Bata Narok One,Kenya,Nyanza,Narok,113,0,0.00%,17,0,0.00%,15.04%,0.00
01/29/2026,164,Bata Narok One,Kenya,Nyanza,Narok,182,0,0.00%,36,0,0.00%,19.83%,0.00
01/12/2026,164,Bata Narok One,Kenya,Nyanza,Narok,428,0,0.00%,101,0,0.00%,23.63%,0.00
02/18/2026,164,Bata Narok One,Kenya,Nyanza,Narok,111,0,0.00%,27,0,0.00%,24.32%,0.00
02/09/2026,164,Bata Narok One,Kenya,Nyanza,Narok,174,0,0.00%,31,0,0.00%,17.87%,0.00
01/31/2026,164,Bata Narok One,Kenya,Nyanza,Narok,168,0,0.00%,32,0,0.00%,19.05%,0.00
01/14/2026,164,Bata Narok One,Kenya,Nyanza,Narok,309,0,0.00%,58,0,0.00%,18.77%,0.00
02/20/2026,164,Bata Narok One,Kenya,Nyanza,Narok,139,0,0.00%,26,0,0.00%,18.77%,0.00
02/11/2026,164,Bata Narok One,Kenya,Nyanza,Narok,138,0,0.00%,23,0,0.00%,16.67%,0.00
02/03/2026,164,Bata Narok One,Kenya,Nyanza,Narok,121,0,0.00%,32,0,0.00%,26.56%,0.00
01/28/2026,164,Bata Narok One,Kenya,Nyanza,Narok,130,0,0.00%,20,0,0.00%,15.44%,0.00
02/25/2026,164,Bata Narok One,Kenya,Nyanza,Narok,142,0,0.00%,25,0,0.00%,17.61%,0.00
02/14/2026,164,Bata Narok One,Kenya,Nyanza,Narok,31,0,0.00%,30,0,0.00%,98.36%,0.00
02/06/2026,164,Bata Narok One,Kenya,Nyanza,Narok,115,0,0.00%,15,0,0.00%,13.10%,0.00
02/15/2026,164,Bata Narok One,Kenya,Nyanza,Narok,0,0,0.00%,18,0,0.00%,0.00%,0.00
03/03/2026,164,Bata Narok One,Kenya,Nyanza,Narok,234,0,0.00%,64,0,0.00%,27.41%,0.00
02/16/2026,164,Bata Narok One,Kenya,Nyanza,Narok,0,0,0.00%,27,0,0.00%,0.00%,0.00
02/19/2026,164,Bata Narok One,Kenya,Nyanza,Narok,98,0,0.00%,17,0,0.00%,17.44%,0.00
02/23/2026,164,Bata Narok One,Kenya,Nyanza,Narok,141,0,0.00%,41,0,0.00%,29.08%,0.00
03/05/2026,164,Bata Narok One,Kenya,Nyanza,Narok,136,0,0.00%,36,0,0.00%,26.57%,0.00
02/22/2026,164,Bata Narok One,Kenya,Nyanza,Narok,83,0,0.00%,10,0,0.00%,12.05%,0.00
02/21/2026,164,Bata Narok One,Kenya,Nyanza,Narok,107,0,0.00%,13,0,0.00%,12.21%,0.00
02/26/2026,164,Bata Narok One,Kenya,Nyanza,Narok,141,0,0.00%,33,0,0.00%,23.40%,0.00
03/06/2026,164,Bata Narok One,Kenya,Nyanza,Narok,266,0,0.00%,37,0,0.00%,13.94%,0.00
03/01/2026,164,Bata Narok One,Kenya,Nyanza,Narok,143,0,0.00%,27,0,0.00%,18.95%,0.00
02/24/2026,164,Bata Narok One,Kenya,Nyanza,Narok,146,0,0.00%,21,0,0.00%,14.38%,0.00
03/04/2026,164,Bata Narok One,Kenya,Nyanza,Narok,143,0,0.00%,37,0,0.00%,25.87%,0.00
03/08/2026,164,Bata Narok One,Kenya,Nyanza,Narok,166,0,0.00%,17,0,0.00%,10.24%,0.00
03/09/2026,164,Bata Narok One,Kenya,Nyanza,Narok,32,0,0.00%,0,0,0.00%,0.00%,0.00
02/27/2026,164,Bata Narok One,Kenya,Nyanza,Narok,171,0,0.00%,43,0,0.00%,25.22%,0.00
03/07/2026,164,Bata Narok One,Kenya,Nyanza,Narok,262,0,0.00%,42,0,0.00%,16.06%,0.00
01/10/2025,147,Bata Nyeri Three,Kenya,Mountain,Nyeri,0,121,-100.00%,0,46,-100.00%,0.00%,0.38
01/03/2025,147,Bata Nyeri Three,Kenya,Mountain,Nyeri,0,434,-100.00%,0,144,-100.00%,0.00%,0.33
01/01/2025,147,Bata Nyeri Three,Kenya,Mountain,Nyeri,0,97,-100.00%,0,11,-100.00%,0.00%,0.11
01/11/2025,147,Bata Nyeri Three,Kenya,Mountain,Nyeri,0,270,-100.00%,0,108,-100.00%,0.00%,0.40
01/12/2025,147,Bata Nyeri Three,Kenya,Mountain,Nyeri,0,242,-100.00%,0,59,-100.00%,0.00%,0.24
01/02/2025,147,Bata Nyeri Three,Kenya,Mountain,Nyeri,0,317,-100.00%,0,96,-100.00%,0.00%,0.30
01/09/2025,147,Bata Nyeri Three,Kenya,Mountain,Nyeri,0,173,-100.00%,0,70,-100.00%,0.00%,0.40
01/04/2025,147,Bata Nyeri Three,Kenya,Mountain,Nyeri,0,490,-100.00%,0,155,-100.00%,0.00%,0.32
01/18/2025,147,Bata Nyeri Three,Kenya,Mountain,Nyeri,0,151,-100.00%,0,59,-100.00%,0.00%,0.39
01/06/2025,147,Bata Nyeri Three,Kenya,Mountain,Nyeri,0,495,-100.00%,0,251,-100.00%,0.00%,0.51
01/14/2025,147,Bata Nyeri Three,Kenya,Mountain,Nyeri,0,93,-100.00%,0,37,-100.00%,0.00%,0.40
02/01/2025,147,Bata Nyeri Three,Kenya,Mountain,Nyeri,0,1875,-100.00%,0,42,-100.00%,0.00%,0.02
01/23/2025,147,Bata Nyeri Three,Kenya,Mountain,Nyeri,0,72,-100.00%,0,40,-100.00%,0.00%,0.56
01/07/2025,147,Bata Nyeri Three,Kenya,Mountain,Nyeri,0,454,-100.00%,0,236,-100.00%,0.00%,0.52
01/16/2025,147,Bata Nyeri Three,Kenya,Mountain,Nyeri,0,109,-100.00%,0,36,-100.00%,0.00%,0.33
01/05/2025,147,Bata Nyeri Three,Kenya,Mountain,Nyeri,0,243,-100.00%,0,74,-100.00%,0.00%,0.30
02/03/2025,147,Bata Nyeri Three,Kenya,Mountain,Nyeri,0,57,-100.00%,0,46,-100.00%,0.00%,0.81
01/08/2025,147,Bata Nyeri Three,Kenya,Mountain,Nyeri,0,322,-100.00%,0,147,-100.00%,0.00%,0.46
01/24/2025,147,Bata Nyeri Three,Kenya,Mountain,Nyeri,0,44,-100.00%,0,33,-100.00%,0.00%,0.75
02/23/2025,147,Bata Nyeri Three,Kenya,Mountain,Nyeri,0,328,-100.00%,0,17,-100.00%,0.00%,0.05
02/08/2025,147,Bata Nyeri Three,Kenya,Mountain,Nyeri,0,194,-100.00%,0,41,-100.00%,0.00%,0.21
01/13/2025,147,Bata Nyeri Three,Kenya,Mountain,Nyeri,0,143,-100.00%,0,45,-100.00%,0.00%,0.31
01/29/2025,147,Bata Nyeri Three,Kenya,Mountain,Nyeri,0,59,-100.00%,0,33,-100.00%,0.00%,0.56
01/15/2025,147,Bata Nyeri Three,Kenya,Mountain,Nyeri,0,109,-100.00%,0,54,-100.00%,0.00%,0.50
02/10/2025,147,Bata Nyeri Three,Kenya,Mountain,Nyeri,0,821,-100.00%,0,39,-100.00%,0.00%,0.05
01/19/2025,147,Bata Nyeri Three,Kenya,Mountain,Nyeri,0,41,-100.00%,0,17,-100.00%,0.00%,0.41
01/30/2025,147,Bata Nyeri Three,Kenya,Mountain,Nyeri,0,126,-100.00%,0,44,-100.00%,0.00%,0.35
02/28/2025,147,Bata Nyeri Three,Kenya,Mountain,Nyeri,0,340,-100.00%,0,40,-100.00%,0.00%,0.12
02/13/2025,147,Bata Nyeri Three,Kenya,Mountain,Nyeri,0,112,-100.00%,0,29,-100.00%,0.00%,0.26
01/17/2025,147,Bata Nyeri Three,Kenya,Mountain,Nyeri,0,74,-100.00%,0,32,-100.00%,0.00%,0.43
02/06/2025,147,Bata Nyeri Three,Kenya,Mountain,Nyeri,0,37,-100.00%,0,37,-100.00%,0.00%,1.00
01/26/2025,147,Bata Nyeri Three,Kenya,Mountain,Nyeri,0,944,-100.00%,0,25,-100.00%,0.00%,0.03
02/16/2025,147,Bata Nyeri Three,Kenya,Mountain,Nyeri,0,50,-100.00%,0,20,-100.00%,0.00%,0.40
01/21/2025,147,Bata Nyeri Three,Kenya,Mountain,Nyeri,0,55,-100.00%,0,45,-100.00%,0.00%,0.82
02/07/2025,147,Bata Nyeri Three,Kenya,Mountain,Nyeri,0,165,-100.00%,0,41,-100.00%,0.00%,0.25
03/07/2025,147,Bata Nyeri Three,Kenya,Mountain,Nyeri,0,51,-100.00%,0,28,-100.00%,0.00%,0.55
03/04/2025,147,Bata Nyeri Three,Kenya,Mountain,Nyeri,0,67,-100.00%,0,59,-100.00%,0.00%,0.88
01/20/2025,147,Bata Nyeri Three,Kenya,Mountain,Nyeri,0,99,-100.00%,0,56,-100.00%,0.00%,0.57
02/09/2025,147,Bata Nyeri Three,Kenya,Mountain,Nyeri,0,171,-100.00%,0,29,-100.00%,0.00%,0.17
01/28/2025,147,Bata Nyeri Three,Kenya,Mountain,Nyeri,0,384,-100.00%,0,47,-100.00%,0.00%,0.12
01/02/2026,147,Bata Nyeri Three,Kenya,Mountain,Nyeri,808,0,0.00%,129,0,0.00%,15.97%,0.00
01/22/2025,147,Bata Nyeri Three,Kenya,Mountain,Nyeri,0,60,-100.00%,0,41,-100.00%,0.00%,0.68
02/15/2025,147,Bata Nyeri Three,Kenya,Mountain,Nyeri,0,59,-100.00%,0,40,-100.00%,0.00%,0.68
01/03/2026,147,Bata Nyeri Three,Kenya,Mountain,Nyeri,1279,0,0.00%,185,0,0.00%,14.46%,0.00
01/05/2026,147,Bata Nyeri Three,Kenya,Mountain,Nyeri,1460,0,0.00%,226,0,0.00%,15.48%,0.00
01/25/2025,147,Bata Nyeri Three,Kenya,Mountain,Nyeri,0,81,-100.00%,0,44,-100.00%,0.00%,0.54
02/17/2025,147,Bata Nyeri Three,Kenya,Mountain,Nyeri,0,33,-100.00%,0,29,-100.00%,0.00%,0.88
01/31/2025,147,Bata Nyeri Three,Kenya,Mountain,Nyeri,0,1553,-100.00%,0,33,-100.00%,0.00%,0.02
01/07/2026,147,Bata Nyeri Three,Kenya,Mountain,Nyeri,1032,0,0.00%,133,0,0.00%,12.89%,0.00
01/27/2025,147,Bata Nyeri Three,Kenya,Mountain,Nyeri,0,1040,-100.00%,0,0,0.00%,0.00%,0.00
02/20/2025,147,Bata Nyeri Three,Kenya,Mountain,Nyeri,0,71,-100.00%,0,26,-100.00%,0.00%,0.37
01/04/2026,147,Bata Nyeri Three,Kenya,Mountain,Nyeri,808,0,0.00%,97,0,0.00%,12.01%,0.00
01/08/2026,147,Bata Nyeri Three,Kenya,Mountain,Nyeri,756,0,0.00%,107,0,0.00%,14.15%,0.00
02/05/2025,147,Bata Nyeri Three,Kenya,Mountain,Nyeri,0,46,-100.00%,0,31,-100.00%,0.00%,0.67
02/22/2025,147,Bata Nyeri Three,Kenya,Mountain,Nyeri,0,74,-100.00%,0,37,-100.00%,0.00%,0.50
02/02/2025,147,Bata Nyeri Three,Kenya,Mountain,Nyeri,0,94,-100.00%,0,18,-100.00%,0.00%,0.19
01/10/2026,147,Bata Nyeri Three,Kenya,Mountain,Nyeri,1018,0,0.00%,152,0,0.00%,14.94%,0.00
02/04/2025,147,Bata Nyeri Three,Kenya,Mountain,Nyeri,0,50,-100.00%,0,41,-100.00%,0.00%,0.82
03/02/2025,147,Bata Nyeri Three,Kenya,Mountain,Nyeri,0,168,-100.00%,0,33,-100.00%,0.00%,0.20
01/12/2026,147,Bata Nyeri Three,Kenya,Mountain,Nyeri,692,0,0.00%,93,0,0.00%,13.45%,0.00
01/15/2026,147,Bata Nyeri Three,Kenya,Mountain,Nyeri,319,0,0.00%,39,0,0.00%,12.24%,0.00
02/26/2025,147,Bata Nyeri Three,Kenya,Mountain,Nyeri,0,95,-100.00%,0,38,-100.00%,0.00%,0.40
03/03/2025,147,Bata Nyeri Three,Kenya,Mountain,Nyeri,0,119,-100.00%,0,76,-100.00%,0.00%,0.64
02/11/2025,147,Bata Nyeri Three,Kenya,Mountain,Nyeri,0,689,-100.00%,0,30,-100.00%,0.00%,0.04
01/21/2026,147,Bata Nyeri Three,Kenya,Mountain,Nyeri,202,0,0.00%,22,0,0.00%,10.92%,0.00
02/12/2025,147,Bata Nyeri Three,Kenya,Mountain,Nyeri,0,234,-100.00%,0,26,-100.00%,0.00%,0.11
03/05/2025,147,Bata Nyeri Three,Kenya,Mountain,Nyeri,0,82,-100.00%,0,55,-100.00%,0.00%,0.67
01/17/2026,147,Bata Nyeri Three,Kenya,Mountain,Nyeri,404,0,0.00%,46,0,0.00%,11.39%,0.00
02/08/2026,147,Bata Nyeri Three,Kenya,Mountain,Nyeri,81,0,0.00%,14,0,0.00%,17.28%,0.00
01/16/2026,147,Bata Nyeri Three,Kenya,Mountain,Nyeri,213,0,0.00%,24,0,0.00%,11.29%,0.00
03/08/2025,147,Bata Nyeri Three,Kenya,Mountain,Nyeri,0,96,-100.00%,0,43,-100.00%,0.00%,0.45
02/18/2025,147,Bata Nyeri Three,Kenya,Mountain,Nyeri,0,66,-100.00%,0,30,-100.00%,0.00%,0.45
02/19/2026,147,Bata Nyeri Three,Kenya,Mountain,Nyeri,150,0,0.00%,26,0,0.00%,17.39%,0.00
02/14/2025,147,Bata Nyeri Three,Kenya,Mountain,Nyeri,0,49,-100.00%,0,38,-100.00%,0.00%,0.78
01/01/2026,147,Bata Nyeri Three,Kenya,Mountain,Nyeri,267,0,0.00%,0,0,0.00%,0.00%,0.00
01/22/2026,147,Bata Nyeri Three,Kenya,Mountain,Nyeri,191,0,0.00%,18,0,0.00%,9.45%,0.00
03/02/2026,147,Bata Nyeri Three,Kenya,Mountain,Nyeri,430,0,0.00%,85,0,0.00%,19.79%,0.00
01/31/2026,147,Bata Nyeri Three,Kenya,Mountain,Nyeri,246,0,0.00%,36,0,0.00%,14.66%,0.00
01/09/2026,147,Bata Nyeri Three,Kenya,Mountain,Nyeri,726,0,0.00%,108,0,0.00%,14.88%,0.00
02/19/2025,147,Bata Nyeri Three,Kenya,Mountain,Nyeri,0,202,-100.00%,0,27,-100.00%,0.00%,0.13
03/04/2026,147,Bata Nyeri Three,Kenya,Mountain,Nyeri,212,0,0.00%,42,0,0.00%,19.86%,0.00
02/25/2025,147,Bata Nyeri Three,Kenya,Mountain,Nyeri,0,154,-100.00%,0,23,-100.00%,0.00%,0.15
02/04/2026,147,Bata Nyeri Three,Kenya,Mountain,Nyeri,227,0,0.00%,23,0,0.00%,10.15%,0.00
01/25/2026,147,Bata Nyeri Three,Kenya,Mountain,Nyeri,133,0,0.00%,18,0,0.00%,13.53%,0.00
03/07/2026,147,Bata Nyeri Three,Kenya,Mountain,Nyeri,163,0,0.00%,30,0,0.00%,18.40%,0.00
02/03/2026,147,Bata Nyeri Three,Kenya,Mountain,Nyeri,193,0,0.00%,27,0,0.00%,14.03%,0.00
02/07/2026,147,Bata Nyeri Three,Kenya,Mountain,Nyeri,270,0,0.00%,30,0,0.00%,11.11%,0.00
02/21/2025,147,Bata Nyeri Three,Kenya,Mountain,Nyeri,0,60,-100.00%,0,31,-100.00%,0.00%,0.52
03/09/2026,147,Bata Nyeri Three,Kenya,Mountain,Nyeri,19,0,0.00%,0,0,0.00%,0.00%,0.00
01/06/2026,147,Bata Nyeri Three,Kenya,Mountain,Nyeri,1270,0,0.00%,200,0,0.00%,15.75%,0.00
02/10/2026,147,Bata Nyeri Three,Kenya,Mountain,Nyeri,133,0,0.00%,14,0,0.00%,10.53%,0.00
01/27/2026,147,Bata Nyeri Three,Kenya,Mountain,Nyeri,146,0,0.00%,28,0,0.00%,19.24%,0.00
02/15/2026,147,Bata Nyeri Three,Kenya,Mountain,Nyeri,27,0,0.00%,0,0,0.00%,0.00%,0.00
02/11/2026,147,Bata Nyeri Three,Kenya,Mountain,Nyeri,205,0,0.00%,20,0,0.00%,9.76%,0.00
02/23/2026,147,Bata Nyeri Three,Kenya,Mountain,Nyeri,172,0,0.00%,22,0,0.00%,12.79%,0.00
02/24/2025,147,Bata Nyeri Three,Kenya,Mountain,Nyeri,0,61,-100.00%,0,17,-100.00%,0.00%,0.28
02/25/2026,147,Bata Nyeri Three,Kenya,Mountain,Nyeri,207,0,0.00%,22,0,0.00%,10.63%,0.00
01/11/2026,147,Bata Nyeri Three,Kenya,Mountain,Nyeri,509,0,0.00%,68,0,0.00%,13.36%,0.00
03/03/2026,147,Bata Nyeri Three,Kenya,Mountain,Nyeri,312,0,0.00%,59,0,0.00%,18.94%,0.00
01/30/2026,147,Bata Nyeri Three,Kenya,Mountain,Nyeri,182,0,0.00%,28,0,0.00%,15.38%,0.00
03/05/2026,147,Bata Nyeri Three,Kenya,Mountain,Nyeri,195,0,0.00%,33,0,0.00%,16.92%,0.00
02/13/2026,147,Bata Nyeri Three,Kenya,Mountain,Nyeri,512,0,0.00%,30,0,0.00%,5.87%,0.00
03/06/2026,147,Bata Nyeri Three,Kenya,Mountain,Nyeri,128,0,0.00%,29,0,0.00%,22.75%,0.00
02/27/2025,147,Bata Nyeri Three,Kenya,Mountain,Nyeri,0,266,-100.00%,0,24,-100.00%,0.00%,0.09
01/14/2026,147,Bata Nyeri Three,Kenya,Mountain,Nyeri,427,0,0.00%,51,0,0.00%,11.96%,0.00
02/17/2026,147,Bata Nyeri Three,Kenya,Mountain,Nyeri,165,0,0.00%,19,0,0.00%,11.52%,0.00
02/16/2026,147,Bata Nyeri Three,Kenya,Mountain,Nyeri,160,0,0.00%,36,0,0.00%,22.57%,0.00
03/01/2025,147,Bata Nyeri Three,Kenya,Mountain,Nyeri,0,114,-100.00%,0,65,-100.00%,0.00%,0.57
01/19/2026,147,Bata Nyeri Three,Kenya,Mountain,Nyeri,254,0,0.00%,38,0,0.00%,14.99%,0.00
02/26/2026,147,Bata Nyeri Three,Kenya,Mountain,Nyeri,219,0,0.00%,26,0,0.00%,11.87%,0.00
02/21/2026,147,Bata Nyeri Three,Kenya,Mountain,Nyeri,170,0,0.00%,22,0,0.00%,12.98%,0.00
03/06/2025,147,Bata Nyeri Three,Kenya,Mountain,Nyeri,0,62,-100.00%,0,30,-100.00%,0.00%,0.48
01/20/2026,147,Bata Nyeri Three,Kenya,Mountain,Nyeri,247,0,0.00%,28,0,0.00%,11.34%,0.00
03/08/2026,147,Bata Nyeri Three,Kenya,Mountain,Nyeri,77,0,0.00%,16,0,0.00%,20.78%,0.00
02/24/2026,147,Bata Nyeri Three,Kenya,Mountain,Nyeri,196,0,0.00%,24,0,0.00%,12.28%,0.00
03/09/2025,147,Bata Nyeri Three,Kenya,Mountain,Nyeri,0,388,-100.00%,0,14,-100.00%,0.00%,0.04
01/28/2026,147,Bata Nyeri Three,Kenya,Mountain,Nyeri,194,0,0.00%,31,0,0.00%,16.02%,0.00
01/13/2026,147,Bata Nyeri Three,Kenya,Mountain,Nyeri,556,0,0.00%,56,0,0.00%,10.07%,0.00
02/27/2026,147,Bata Nyeri Three,Kenya,Mountain,Nyeri,230,0,0.00%,29,0,0.00%,12.64%,0.00
01/18/2026,147,Bata Nyeri Three,Kenya,Mountain,Nyeri,196,0,0.00%,23,0,0.00%,11.76%,0.00
02/02/2026,147,Bata Nyeri Three,Kenya,Mountain,Nyeri,272,0,0.00%,21,0,0.00%,7.73%,0.00
01/23/2026,147,Bata Nyeri Three,Kenya,Mountain,Nyeri,212,0,0.00%,34,0,0.00%,16.04%,0.00
02/05/2026,147,Bata Nyeri Three,Kenya,Mountain,Nyeri,171,0,0.00%,12,0,0.00%,7.02%,0.00
01/24/2026,147,Bata Nyeri Three,Kenya,Mountain,Nyeri,306,0,0.00%,21,0,0.00%,6.87%,0.00
02/09/2026,147,Bata Nyeri Three,Kenya,Mountain,Nyeri,161,0,0.00%,16,0,0.00%,9.97%,0.00
01/26/2026,147,Bata Nyeri Three,Kenya,Mountain,Nyeri,166,0,0.00%,0,0,0.00%,0.00%,0.00
02/12/2026,147,Bata Nyeri Three,Kenya,Mountain,Nyeri,255,0,0.00%,19,0,0.00%,7.45%,0.00
01/29/2026,147,Bata Nyeri Three,Kenya,Mountain,Nyeri,164,0,0.00%,22,0,0.00%,13.41%,0.00
02/18/2026,147,Bata Nyeri Three,Kenya,Mountain,Nyeri,156,0,0.00%,19,0,0.00%,12.18%,0.00
02/01/2026,147,Bata Nyeri Three,Kenya,Mountain,Nyeri,98,0,0.00%,12,0,0.00%,12.24%,0.00
02/20/2026,147,Bata Nyeri Three,Kenya,Mountain,Nyeri,117,0,0.00%,20,0,0.00%,17.09%,0.00
02/06/2026,147,Bata Nyeri Three,Kenya,Mountain,Nyeri,192,0,0.00%,23,0,0.00%,11.98%,0.00
02/28/2026,147,Bata Nyeri Three,Kenya,Mountain,Nyeri,306,0,0.00%,50,0,0.00%,16.37%,0.00
02/14/2026,147,Bata Nyeri Three,Kenya,Mountain,Nyeri,296,0,0.00%,21,0,0.00%,7.11%,0.00
02/22/2026,147,Bata Nyeri Three,Kenya,Mountain,Nyeri,94,0,0.00%,12,0,0.00%,12.77%,0.00
03/01/2026,147,Bata Nyeri Three,Kenya,Mountain,Nyeri,153,0,0.00%,20,0,0.00%,13.07%,0.00
01/08/2025,26,Bata Obwaa,Kenya,Western,Eldoret,0,793,-100.00%,0,264,-100.00%,0.00%,0.33
01/03/2025,26,Bata Obwaa,Kenya,Western,Eldoret,0,906,-100.00%,0,298,-100.00%,0.00%,0.33
01/07/2025,26,Bata Obwaa,Kenya,Western,Eldoret,0,1282,-100.00%,0,452,-100.00%,0.00%,0.35
01/02/2025,26,Bata Obwaa,Kenya,Western,Eldoret,0,567,-100.00%,0,183,-100.00%,0.00%,0.32
01/11/2025,26,Bata Obwaa,Kenya,Western,Eldoret,0,628,-100.00%,0,192,-100.00%,0.00%,0.31
01/15/2025,26,Bata Obwaa,Kenya,Western,Eldoret,0,275,-100.00%,0,85,-100.00%,0.00%,0.31
01/13/2025,26,Bata Obwaa,Kenya,Western,Eldoret,0,507,-100.00%,0,130,-100.00%,0.00%,0.26
01/01/2025,26,Bata Obwaa,Kenya,Western,Eldoret,0,208,-100.00%,0,0,0.00%,0.00%,0.00
01/16/2025,26,Bata Obwaa,Kenya,Western,Eldoret,0,244,-100.00%,0,87,-100.00%,0.00%,0.36
01/06/2025,26,Bata Obwaa,Kenya,Western,Eldoret,0,1676,-100.00%,0,550,-100.00%,0.00%,0.33
01/18/2025,26,Bata Obwaa,Kenya,Western,Eldoret,0,312,-100.00%,0,94,-100.00%,0.00%,0.30
01/04/2025,26,Bata Obwaa,Kenya,Western,Eldoret,0,1060,-100.00%,0,308,-100.00%,0.00%,0.29
01/17/2025,26,Bata Obwaa,Kenya,Western,Eldoret,0,248,-100.00%,0,81,-100.00%,0.00%,0.33
01/23/2025,26,Bata Obwaa,Kenya,Western,Eldoret,0,185,-100.00%,0,57,-100.00%,0.00%,0.31
01/21/2025,26,Bata Obwaa,Kenya,Western,Eldoret,0,194,-100.00%,0,52,-100.00%,0.00%,0.27
01/09/2025,26,Bata Obwaa,Kenya,Western,Eldoret,0,557,-100.00%,0,167,-100.00%,0.00%,0.30
01/22/2025,26,Bata Obwaa,Kenya,Western,Eldoret,0,176,-100.00%,0,46,-100.00%,0.00%,0.26
01/19/2025,26,Bata Obwaa,Kenya,Western,Eldoret,0,143,-100.00%,0,45,-100.00%,0.00%,0.31
01/31/2025,26,Bata Obwaa,Kenya,Western,Eldoret,0,251,-100.00%,0,72,-100.00%,0.00%,0.29
01/05/2025,26,Bata Obwaa,Kenya,Western,Eldoret,0,633,-100.00%,0,171,-100.00%,0.00%,0.27
01/27/2025,26,Bata Obwaa,Kenya,Western,Eldoret,0,227,-100.00%,0,38,-100.00%,0.00%,0.17
01/25/2025,26,Bata Obwaa,Kenya,Western,Eldoret,0,216,-100.00%,0,54,-100.00%,0.00%,0.25
02/02/2025,26,Bata Obwaa,Kenya,Western,Eldoret,0,152,-100.00%,0,40,-100.00%,0.00%,0.26
01/14/2025,26,Bata Obwaa,Kenya,Western,Eldoret,0,315,-100.00%,0,112,-100.00%,0.00%,0.36
01/30/2025,26,Bata Obwaa,Kenya,Western,Eldoret,0,218,-100.00%,0,58,-100.00%,0.00%,0.27
02/07/2025,26,Bata Obwaa,Kenya,Western,Eldoret,0,253,-100.00%,0,67,-100.00%,0.00%,0.26
02/21/2025,26,Bata Obwaa,Kenya,Western,Eldoret,0,205,-100.00%,0,34,-100.00%,0.00%,0.17
01/10/2025,26,Bata Obwaa,Kenya,Western,Eldoret,0,463,-100.00%,0,136,-100.00%,0.00%,0.29
02/04/2025,26,Bata Obwaa,Kenya,Western,Eldoret,0,205,-100.00%,0,46,-100.00%,0.00%,0.22
01/26/2025,26,Bata Obwaa,Kenya,Western,Eldoret,0,147,-100.00%,0,30,-100.00%,0.00%,0.20
02/24/2025,26,Bata Obwaa,Kenya,Western,Eldoret,0,185,-100.00%,0,47,-100.00%,0.00%,0.25
01/24/2025,26,Bata Obwaa,Kenya,Western,Eldoret,0,179,-100.00%,0,47,-100.00%,0.00%,0.26
02/09/2025,26,Bata Obwaa,Kenya,Western,Eldoret,0,120,-100.00%,0,23,-100.00%,0.00%,0.19
02/17/2025,26,Bata Obwaa,Kenya,Western,Eldoret,0,180,-100.00%,0,46,-100.00%,0.00%,0.26
02/27/2025,26,Bata Obwaa,Kenya,Western,Eldoret,0,275,-100.00%,0,52,-100.00%,0.00%,0.19
01/12/2025,26,Bata Obwaa,Kenya,Western,Eldoret,0,315,-100.00%,0,97,-100.00%,0.00%,0.31
02/15/2025,26,Bata Obwaa,Kenya,Western,Eldoret,0,189,-100.00%,0,43,-100.00%,0.00%,0.23
02/03/2025,26,Bata Obwaa,Kenya,Western,Eldoret,0,197,-100.00%,0,52,-100.00%,0.00%,0.26
03/06/2025,26,Bata Obwaa,Kenya,Western,Eldoret,0,228,-100.00%,0,51,-100.00%,0.00%,0.22
01/29/2025,26,Bata Obwaa,Kenya,Western,Eldoret,0,223,-100.00%,0,71,-100.00%,0.00%,0.32
02/22/2025,26,Bata Obwaa,Kenya,Western,Eldoret,0,206,-100.00%,0,41,-100.00%,0.00%,0.20
02/25/2025,26,Bata Obwaa,Kenya,Western,Eldoret,0,170,-100.00%,0,32,-100.00%,0.00%,0.19
01/05/2026,26,Bata Obwaa,Kenya,Western,Eldoret,1712,0,0.00%,509,0,0.00%,29.73%,0.00
01/20/2025,26,Bata Obwaa,Kenya,Western,Eldoret,0,260,-100.00%,0,79,-100.00%,0.00%,0.30
02/28/2025,26,Bata Obwaa,Kenya,Western,Eldoret,0,323,-100.00%,0,71,-100.00%,0.00%,0.22
02/08/2025,26,Bata Obwaa,Kenya,Western,Eldoret,0,220,-100.00%,0,62,-100.00%,0.00%,0.28
01/15/2026,26,Bata Obwaa,Kenya,Western,Eldoret,597,0,0.00%,133,0,0.00%,22.30%,0.00
02/01/2025,26,Bata Obwaa,Kenya,Western,Eldoret,0,291,-100.00%,0,71,-100.00%,0.00%,0.24
03/02/2025,26,Bata Obwaa,Kenya,Western,Eldoret,0,223,-100.00%,0,63,-100.00%,0.00%,0.28
03/03/2025,26,Bata Obwaa,Kenya,Western,Eldoret,0,546,-100.00%,0,160,-100.00%,0.00%,0.29
01/23/2026,26,Bata Obwaa,Kenya,Western,Eldoret,269,0,0.00%,51,0,0.00%,18.99%,0.00
01/28/2025,26,Bata Obwaa,Kenya,Western,Eldoret,0,166,-100.00%,0,47,-100.00%,0.00%,0.28
03/08/2025,26,Bata Obwaa,Kenya,Western,Eldoret,0,241,-100.00%,0,86,-100.00%,0.00%,0.36
02/11/2025,26,Bata Obwaa,Kenya,Western,Eldoret,0,199,-100.00%,0,34,-100.00%,0.00%,0.17
01/31/2026,26,Bata Obwaa,Kenya,Western,Eldoret,226,0,0.00%,42,0,0.00%,18.58%,0.00
02/06/2025,26,Bata Obwaa,Kenya,Western,Eldoret,0,149,-100.00%,0,46,-100.00%,0.00%,0.31
01/01/2026,26,Bata Obwaa,Kenya,Western,Eldoret,183,0,0.00%,0,0,0.00%,0.00%,0.00
03/05/2025,26,Bata Obwaa,Kenya,Western,Eldoret,0,230,-100.00%,0,59,-100.00%,0.00%,0.26
02/01/2026,26,Bata Obwaa,Kenya,Western,Eldoret,139,0,0.00%,27,0,0.00%,19.49%,0.00
02/05/2025,26,Bata Obwaa,Kenya,Western,Eldoret,0,186,-100.00%,0,46,-100.00%,0.00%,0.25
01/03/2026,26,Bata Obwaa,Kenya,Western,Eldoret,993,0,0.00%,265,0,0.00%,26.69%,0.00
02/13/2025,26,Bata Obwaa,Kenya,Western,Eldoret,0,183,-100.00%,0,48,-100.00%,0.00%,0.26
02/09/2026,26,Bata Obwaa,Kenya,Western,Eldoret,199,0,0.00%,40,0,0.00%,20.10%,0.00
02/12/2025,26,Bata Obwaa,Kenya,Western,Eldoret,0,168,-100.00%,0,51,-100.00%,0.00%,0.30
01/04/2026,26,Bata Obwaa,Kenya,Western,Eldoret,690,0,0.00%,150,0,0.00%,21.75%,0.00
01/17/2026,26,Bata Obwaa,Kenya,Western,Eldoret,363,0,0.00%,85,0,0.00%,23.42%,0.00
02/16/2026,26,Bata Obwaa,Kenya,Western,Eldoret,168,0,0.00%,52,0,0.00%,30.95%,0.00
02/10/2025,26,Bata Obwaa,Kenya,Western,Eldoret,0,214,-100.00%,0,52,-100.00%,0.00%,0.24
01/06/2026,26,Bata Obwaa,Kenya,Western,Eldoret,1357,0,0.00%,375,0,0.00%,27.64%,0.00
03/01/2025,26,Bata Obwaa,Kenya,Western,Eldoret,0,368,-100.00%,0,102,-100.00%,0.00%,0.28
02/21/2026,26,Bata Obwaa,Kenya,Western,Eldoret,187,0,0.00%,39,0,0.00%,20.91%,0.00
02/14/2025,26,Bata Obwaa,Kenya,Western,Eldoret,0,221,-100.00%,0,54,-100.00%,0.00%,0.24
01/09/2026,26,Bata Obwaa,Kenya,Western,Eldoret,774,0,0.00%,180,0,0.00%,23.27%,0.00
01/22/2026,26,Bata Obwaa,Kenya,Western,Eldoret,222,0,0.00%,47,0,0.00%,21.22%,0.00
03/04/2026,26,Bata Obwaa,Kenya,Western,Eldoret,257,0,0.00%,65,0,0.00%,25.29%,0.00
02/16/2025,26,Bata Obwaa,Kenya,Western,Eldoret,0,103,-100.00%,0,15,-100.00%,0.00%,0.15
01/12/2026,26,Bata Obwaa,Kenya,Western,Eldoret,991,0,0.00%,269,0,0.00%,27.16%,0.00
03/09/2025,26,Bata Obwaa,Kenya,Western,Eldoret,0,125,-100.00%,0,38,-100.00%,0.00%,0.30
01/14/2026,26,Bata Obwaa,Kenya,Western,Eldoret,683,0,0.00%,156,0,0.00%,22.84%,0.00
02/20/2025,26,Bata Obwaa,Kenya,Western,Eldoret,0,172,-100.00%,0,32,-100.00%,0.00%,0.19
01/19/2026,26,Bata Obwaa,Kenya,Western,Eldoret,340,0,0.00%,68,0,0.00%,20.00%,0.00
01/27/2026,26,Bata Obwaa,Kenya,Western,Eldoret,177,0,0.00%,39,0,0.00%,22.10%,0.00
01/20/2026,26,Bata Obwaa,Kenya,Western,Eldoret,280,0,0.00%,69,0,0.00%,24.64%,0.00
02/18/2025,26,Bata Obwaa,Kenya,Western,Eldoret,0,174,-100.00%,0,42,-100.00%,0.00%,0.24
02/15/2026,26,Bata Obwaa,Kenya,Western,Eldoret,123,0,0.00%,32,0,0.00%,26.02%,0.00
01/02/2026,26,Bata Obwaa,Kenya,Western,Eldoret,848,0,0.00%,251,0,0.00%,29.62%,0.00
02/25/2026,26,Bata Obwaa,Kenya,Western,Eldoret,211,0,0.00%,36,0,0.00%,17.10%,0.00
02/23/2025,26,Bata Obwaa,Kenya,Western,Eldoret,0,88,-100.00%,0,27,-100.00%,0.00%,0.31
03/03/2026,26,Bata Obwaa,Kenya,Western,Eldoret,430,0,0.00%,119,0,0.00%,27.71%,0.00
01/28/2026,26,Bata Obwaa,Kenya,Western,Eldoret,189,0,0.00%,41,0,0.00%,21.75%,0.00
02/19/2025,26,Bata Obwaa,Kenya,Western,Eldoret,0,181,-100.00%,0,36,-100.00%,0.00%,0.20
01/07/2026,26,Bata Obwaa,Kenya,Western,Eldoret,895,0,0.00%,259,0,0.00%,28.94%,0.00
01/11/2026,26,Bata Obwaa,Kenya,Western,Eldoret,494,0,0.00%,100,0,0.00%,20.24%,0.00
01/30/2026,26,Bata Obwaa,Kenya,Western,Eldoret,252,0,0.00%,51,0,0.00%,20.28%,0.00
02/26/2025,26,Bata Obwaa,Kenya,Western,Eldoret,0,238,-100.00%,0,63,-100.00%,0.00%,0.26
01/08/2026,26,Bata Obwaa,Kenya,Western,Eldoret,796,0,0.00%,210,0,0.00%,26.40%,0.00
01/25/2026,26,Bata Obwaa,Kenya,Western,Eldoret,180,0,0.00%,29,0,0.00%,16.11%,0.00
02/02/2026,26,Bata Obwaa,Kenya,Western,Eldoret,186,0,0.00%,49,0,0.00%,26.34%,0.00
03/04/2025,26,Bata Obwaa,Kenya,Western,Eldoret,0,379,-100.00%,0,125,-100.00%,0.00%,0.33
01/10/2026,26,Bata Obwaa,Kenya,Western,Eldoret,1186,0,0.00%,289,0,0.00%,24.37%,0.00
02/07/2026,26,Bata Obwaa,Kenya,Western,Eldoret,187,0,0.00%,48,0,0.00%,25.67%,0.00
02/04/2026,26,Bata Obwaa,Kenya,Western,Eldoret,152,0,0.00%,41,0,0.00%,26.97%,0.00
03/07/2025,26,Bata Obwaa,Kenya,Western,Eldoret,0,246,-100.00%,0,61,-100.00%,0.00%,0.25
01/24/2026,26,Bata Obwaa,Kenya,Western,Eldoret,304,0,0.00%,47,0,0.00%,15.49%,0.00
02/13/2026,26,Bata Obwaa,Kenya,Western,Eldoret,152,0,0.00%,33,0,0.00%,21.78%,0.00
02/05/2026,26,Bata Obwaa,Kenya,Western,Eldoret,158,0,0.00%,45,0,0.00%,28.48%,0.00
01/13/2026,26,Bata Obwaa,Kenya,Western,Eldoret,794,0,0.00%,186,0,0.00%,23.44%,0.00
02/11/2026,26,Bata Obwaa,Kenya,Western,Eldoret,166,0,0.00%,45,0,0.00%,27.19%,0.00
02/18/2026,26,Bata Obwaa,Kenya,Western,Eldoret,125,0,0.00%,28,0,0.00%,22.49%,0.00
02/10/2026,26,Bata Obwaa,Kenya,Western,Eldoret,170,0,0.00%,30,0,0.00%,17.65%,0.00
01/16/2026,26,Bata Obwaa,Kenya,Western,Eldoret,406,0,0.00%,77,0,0.00%,18.99%,0.00
02/22/2026,26,Bata Obwaa,Kenya,Western,Eldoret,83,0,0.00%,17,0,0.00%,20.48%,0.00
02/20/2026,26,Bata Obwaa,Kenya,Western,Eldoret,159,0,0.00%,34,0,0.00%,21.38%,0.00
02/12/2026,26,Bata Obwaa,Kenya,Western,Eldoret,155,0,0.00%,34,0,0.00%,21.94%,0.00
01/18/2026,26,Bata Obwaa,Kenya,Western,Eldoret,187,0,0.00%,33,0,0.00%,17.65%,0.00
02/27/2026,26,Bata Obwaa,Kenya,Western,Eldoret,315,0,0.00%,99,0,0.00%,31.48%,0.00
02/23/2026,26,Bata Obwaa,Kenya,Western,Eldoret,174,0,0.00%,41,0,0.00%,23.56%,0.00
02/17/2026,26,Bata Obwaa,Kenya,Western,Eldoret,161,0,0.00%,42,0,0.00%,26.09%,0.00
01/21/2026,26,Bata Obwaa,Kenya,Western,Eldoret,248,0,0.00%,58,0,0.00%,23.39%,0.00
03/01/2026,26,Bata Obwaa,Kenya,Western,Eldoret,317,0,0.00%,69,0,0.00%,21.77%,0.00
03/05/2026,26,Bata Obwaa,Kenya,Western,Eldoret,191,0,0.00%,44,0,0.00%,23.10%,0.00
02/26/2026,26,Bata Obwaa,Kenya,Western,Eldoret,221,0,0.00%,49,0,0.00%,22.22%,0.00
01/26/2026,26,Bata Obwaa,Kenya,Western,Eldoret,223,0,0.00%,32,0,0.00%,14.38%,0.00
03/07/2026,26,Bata Obwaa,Kenya,Western,Eldoret,238,0,0.00%,59,0,0.00%,24.79%,0.00
01/29/2026,26,Bata Obwaa,Kenya,Western,Eldoret,195,0,0.00%,46,0,0.00%,23.59%,0.00
02/28/2026,26,Bata Obwaa,Kenya,Western,Eldoret,404,0,0.00%,98,0,0.00%,24.26%,0.00
02/03/2026,26,Bata Obwaa,Kenya,Western,Eldoret,185,0,0.00%,30,0,0.00%,16.26%,0.00
03/09/2026,26,Bata Obwaa,Kenya,Western,Eldoret,13,0,0.00%,0,0,0.00%,0.00%,0.00
02/06/2026,26,Bata Obwaa,Kenya,Western,Eldoret,276,0,0.00%,43,0,0.00%,15.61%,0.00
03/06/2026,26,Bata Obwaa,Kenya,Western,Eldoret,221,0,0.00%,65,0,0.00%,29.48%,0.00
02/08/2026,26,Bata Obwaa,Kenya,Western,Eldoret,103,0,0.00%,14,0,0.00%,13.66%,0.00
03/08/2026,26,Bata Obwaa,Kenya,Western,Eldoret,135,0,0.00%,24,0,0.00%,17.84%,0.00
02/14/2026,26,Bata Obwaa,Kenya,Western,Eldoret,179,0,0.00%,44,0,0.00%,24.58%,0.00
02/19/2026,26,Bata Obwaa,Kenya,Western,Eldoret,155,0,0.00%,30,0,0.00%,19.42%,0.00
02/24/2026,26,Bata Obwaa,Kenya,Western,Eldoret,0,0,0.00%,46,0,0.00%,0.00%,0.00
03/02/2026,26,Bata Obwaa,Kenya,Western,Eldoret,520,0,0.00%,166,0,0.00%,31.95%,0.00
01/03/2025,106,Bata Ridgeways Mall,Kenya,Nairobi West,Kiambu,0,96,-100.00%,0,51,-100.00%,0.00%,0.53
01/01/2025,106,Bata Ridgeways Mall,Kenya,Nairobi West,Kiambu,0,29,-100.00%,0,0,0.00%,0.00%,0.00
01/07/2025,106,Bata Ridgeways Mall,Kenya,Nairobi West,Kiambu,0,138,-100.00%,0,126,-100.00%,0.00%,0.91
01/10/2025,106,Bata Ridgeways Mall,Kenya,Nairobi West,Kiambu,0,58,-100.00%,0,40,-100.00%,0.00%,0.69
01/08/2025,106,Bata Ridgeways Mall,Kenya,Nairobi West,Kiambu,0,76,-100.00%,0,81,-100.00%,0.00%,1.07
01/02/2025,106,Bata Ridgeways Mall,Kenya,Nairobi West,Kiambu,0,73,-100.00%,0,66,-100.00%,0.00%,0.90
01/12/2025,106,Bata Ridgeways Mall,Kenya,Nairobi West,Kiambu,0,93,-100.00%,0,77,-100.00%,0.00%,0.83
01/06/2025,106,Bata Ridgeways Mall,Kenya,Nairobi West,Kiambu,0,114,-100.00%,0,136,-100.00%,0.00%,1.19
02/07/2025,106,Bata Ridgeways Mall,Kenya,Nairobi West,Kiambu,0,118,-100.00%,0,24,-100.00%,0.00%,0.20
01/09/2025,106,Bata Ridgeways Mall,Kenya,Nairobi West,Kiambu,0,69,-100.00%,0,76,-100.00%,0.00%,1.10
01/18/2025,106,Bata Ridgeways Mall,Kenya,Nairobi West,Kiambu,0,70,-100.00%,0,35,-100.00%,0.00%,0.50
01/13/2025,106,Bata Ridgeways Mall,Kenya,Nairobi West,Kiambu,0,64,-100.00%,0,41,-100.00%,0.00%,0.64
02/10/2025,106,Bata Ridgeways Mall,Kenya,Nairobi West,Kiambu,0,138,-100.00%,0,25,-100.00%,0.00%,0.18
01/04/2025,106,Bata Ridgeways Mall,Kenya,Nairobi West,Kiambu,0,113,-100.00%,0,90,-100.00%,0.00%,0.80
01/21/2025,106,Bata Ridgeways Mall,Kenya,Nairobi West,Kiambu,0,48,-100.00%,0,23,-100.00%,0.00%,0.48
01/11/2025,106,Bata Ridgeways Mall,Kenya,Nairobi West,Kiambu,0,76,-100.00%,0,64,-100.00%,0.00%,0.84
02/20/2025,106,Bata Ridgeways Mall,Kenya,Nairobi West,Kiambu,0,127,-100.00%,0,12,-100.00%,0.00%,0.09
01/14/2025,106,Bata Ridgeways Mall,Kenya,Nairobi West,Kiambu,0,65,-100.00%,0,41,-100.00%,0.00%,0.63
01/28/2025,106,Bata Ridgeways Mall,Kenya,Nairobi West,Kiambu,0,48,-100.00%,0,50,-100.00%,0.00%,1.04
01/15/2025,106,Bata Ridgeways Mall,Kenya,Nairobi West,Kiambu,0,41,-100.00%,0,37,-100.00%,0.00%,0.90
02/25/2025,106,Bata Ridgeways Mall,Kenya,Nairobi West,Kiambu,0,132,-100.00%,0,25,-100.00%,0.00%,0.19
01/05/2025,106,Bata Ridgeways Mall,Kenya,Nairobi West,Kiambu,0,148,-100.00%,0,131,-100.00%,0.00%,0.89
02/06/2025,106,Bata Ridgeways Mall,Kenya,Nairobi West,Kiambu,0,129,-100.00%,0,37,-100.00%,0.00%,0.29
01/17/2025,106,Bata Ridgeways Mall,Kenya,Nairobi West,Kiambu,0,53,-100.00%,0,28,-100.00%,0.00%,0.53
02/28/2025,106,Bata Ridgeways Mall,Kenya,Nairobi West,Kiambu,0,184,-100.00%,0,27,-100.00%,0.00%,0.15
01/16/2025,106,Bata Ridgeways Mall,Kenya,Nairobi West,Kiambu,0,58,-100.00%,0,38,-100.00%,0.00%,0.66
02/14/2025,106,Bata Ridgeways Mall,Kenya,Nairobi West,Kiambu,0,142,-100.00%,0,26,-100.00%,0.00%,0.18
01/29/2025,106,Bata Ridgeways Mall,Kenya,Nairobi West,Kiambu,0,126,-100.00%,0,25,-100.00%,0.00%,0.20
03/02/2025,106,Bata Ridgeways Mall,Kenya,Nairobi West,Kiambu,0,192,-100.00%,0,41,-100.00%,0.00%,0.21
01/20/2025,106,Bata Ridgeways Mall,Kenya,Nairobi West,Kiambu,0,45,-100.00%,0,22,-100.00%,0.00%,0.49
02/19/2025,106,Bata Ridgeways Mall,Kenya,Nairobi West,Kiambu,0,92,-100.00%,0,16,-100.00%,0.00%,0.17
01/22/2025,106,Bata Ridgeways Mall,Kenya,Nairobi West,Kiambu,0,37,-100.00%,0,19,-100.00%,0.00%,0.51
01/07/2026,106,Bata Ridgeways Mall,Kenya,Nairobi West,Kiambu,247,0,0.00%,68,0,0.00%,27.53%,0.00
01/19/2025,106,Bata Ridgeways Mall,Kenya,Nairobi West,Kiambu,0,58,-100.00%,0,44,-100.00%,0.00%,0.76
03/04/2025,106,Bata Ridgeways Mall,Kenya,Nairobi West,Kiambu,0,172,-100.00%,0,40,-100.00%,0.00%,0.23
01/31/2025,106,Bata Ridgeways Mall,Kenya,Nairobi West,Kiambu,0,138,-100.00%,0,26,-100.00%,0.00%,0.19
01/09/2026,106,Bata Ridgeways Mall,Kenya,Nairobi West,Kiambu,196,0,0.00%,46,0,0.00%,23.53%,0.00
01/23/2025,106,Bata Ridgeways Mall,Kenya,Nairobi West,Kiambu,0,41,-100.00%,0,10,-100.00%,0.00%,0.24
03/06/2025,106,Bata Ridgeways Mall,Kenya,Nairobi West,Kiambu,0,122,-100.00%,0,22,-100.00%,0.00%,0.18
01/27/2025,106,Bata Ridgeways Mall,Kenya,Nairobi West,Kiambu,0,38,-100.00%,0,0,0.00%,0.00%,0.00
01/12/2026,106,Bata Ridgeways Mall,Kenya,Nairobi West,Kiambu,189,0,0.00%,48,0,0.00%,25.46%,0.00
01/24/2025,106,Bata Ridgeways Mall,Kenya,Nairobi West,Kiambu,0,32,-100.00%,0,23,-100.00%,0.00%,0.72
03/07/2025,106,Bata Ridgeways Mall,Kenya,Nairobi West,Kiambu,0,122,-100.00%,0,20,-100.00%,0.00%,0.16
02/03/2025,106,Bata Ridgeways Mall,Kenya,Nairobi West,Kiambu,0,119,-100.00%,0,26,-100.00%,0.00%,0.22
01/20/2026,106,Bata Ridgeways Mall,Kenya,Nairobi West,Kiambu,101,0,0.00%,26,0,0.00%,25.87%,0.00
01/26/2025,106,Bata Ridgeways Mall,Kenya,Nairobi West,Kiambu,0,58,-100.00%,0,29,-100.00%,0.00%,0.50
01/18/2026,106,Bata Ridgeways Mall,Kenya,Nairobi West,Kiambu,203,0,0.00%,31,0,0.00%,15.31%,0.00
01/30/2025,106,Bata Ridgeways Mall,Kenya,Nairobi West,Kiambu,0,100,-100.00%,0,34,-100.00%,0.00%,0.34
01/22/2026,106,Bata Ridgeways Mall,Kenya,Nairobi West,Kiambu,105,0,0.00%,0,0,0.00%,0.00%,0.00
01/25/2025,106,Bata Ridgeways Mall,Kenya,Nairobi West,Kiambu,0,44,-100.00%,0,49,-100.00%,0.00%,1.11
01/21/2026,106,Bata Ridgeways Mall,Kenya,Nairobi West,Kiambu,102,0,0.00%,17,0,0.00%,16.67%,0.00
02/05/2025,106,Bata Ridgeways Mall,Kenya,Nairobi West,Kiambu,0,127,-100.00%,0,39,-100.00%,0.00%,0.31
01/27/2026,106,Bata Ridgeways Mall,Kenya,Nairobi West,Kiambu,79,0,0.00%,24,0,0.00%,30.57%,0.00
02/11/2025,106,Bata Ridgeways Mall,Kenya,Nairobi West,Kiambu,0,115,-100.00%,0,18,-100.00%,0.00%,0.16
01/31/2026,106,Bata Ridgeways Mall,Kenya,Nairobi West,Kiambu,109,0,0.00%,23,0,0.00%,21.20%,0.00
02/09/2025,106,Bata Ridgeways Mall,Kenya,Nairobi West,Kiambu,0,181,-100.00%,0,26,-100.00%,0.00%,0.14
01/30/2026,106,Bata Ridgeways Mall,Kenya,Nairobi West,Kiambu,92,0,0.00%,19,0,0.00%,20.65%,0.00
02/01/2025,106,Bata Ridgeways Mall,Kenya,Nairobi West,Kiambu,0,166,-100.00%,0,29,-100.00%,0.00%,0.17
02/01/2026,106,Bata Ridgeways Mall,Kenya,Nairobi West,Kiambu,161,0,0.00%,32,0,0.00%,19.94%,0.00
02/08/2025,106,Bata Ridgeways Mall,Kenya,Nairobi West,Kiambu,0,141,-100.00%,0,25,-100.00%,0.00%,0.18
02/02/2026,106,Bata Ridgeways Mall,Kenya,Nairobi West,Kiambu,107,0,0.00%,30,0,0.00%,28.17%,0.00
02/13/2025,106,Bata Ridgeways Mall,Kenya,Nairobi West,Kiambu,0,124,-100.00%,0,32,-100.00%,0.00%,0.26
02/03/2026,106,Bata Ridgeways Mall,Kenya,Nairobi West,Kiambu,96,0,0.00%,26,0,0.00%,27.08%,0.00
02/15/2025,106,Bata Ridgeways Mall,Kenya,Nairobi West,Kiambu,0,128,-100.00%,0,22,-100.00%,0.00%,0.17
02/20/2026,106,Bata Ridgeways Mall,Kenya,Nairobi West,Kiambu,76,0,0.00%,19,0,0.00%,25.00%,0.00
02/02/2025,106,Bata Ridgeways Mall,Kenya,Nairobi West,Kiambu,0,245,-100.00%,0,35,-100.00%,0.00%,0.14
02/06/2026,106,Bata Ridgeways Mall,Kenya,Nairobi West,Kiambu,112,0,0.00%,22,0,0.00%,19.64%,0.00
02/16/2025,106,Bata Ridgeways Mall,Kenya,Nairobi West,Kiambu,0,194,-100.00%,0,26,-100.00%,0.00%,0.13
02/23/2026,106,Bata Ridgeways Mall,Kenya,Nairobi West,Kiambu,85,0,0.00%,22,0,0.00%,26.04%,0.00
02/21/2025,106,Bata Ridgeways Mall,Kenya,Nairobi West,Kiambu,0,172,-100.00%,0,32,-100.00%,0.00%,0.19
02/09/2026,106,Bata Ridgeways Mall,Kenya,Nairobi West,Kiambu,121,0,0.00%,30,0,0.00%,24.79%,0.00
02/18/2025,106,Bata Ridgeways Mall,Kenya,Nairobi West,Kiambu,0,131,-100.00%,0,25,-100.00%,0.00%,0.19
02/26/2026,106,Bata Ridgeways Mall,Kenya,Nairobi West,Kiambu,118,0,0.00%,25,0,0.00%,21.28%,0.00
02/04/2025,106,Bata Ridgeways Mall,Kenya,Nairobi West,Kiambu,0,119,-100.00%,0,30,-100.00%,0.00%,0.25
02/14/2026,106,Bata Ridgeways Mall,Kenya,Nairobi West,Kiambu,135,0,0.00%,31,0,0.00%,22.96%,0.00
02/27/2025,106,Bata Ridgeways Mall,Kenya,Nairobi West,Kiambu,0,150,-100.00%,0,18,-100.00%,0.00%,0.12
03/06/2026,106,Bata Ridgeways Mall,Kenya,Nairobi West,Kiambu,96,0,0.00%,29,0,0.00%,30.21%,0.00
02/24/2025,106,Bata Ridgeways Mall,Kenya,Nairobi West,Kiambu,0,95,-100.00%,0,19,-100.00%,0.00%,0.20
02/27/2026,106,Bata Ridgeways Mall,Kenya,Nairobi West,Kiambu,124,0,0.00%,35,0,0.00%,28.34%,0.00
01/04/2026,106,Bata Ridgeways Mall,Kenya,Nairobi West,Kiambu,158,0,0.00%,99,0,0.00%,62.66%,0.00
03/07/2026,106,Bata Ridgeways Mall,Kenya,Nairobi West,Kiambu,104,0,0.00%,38,0,0.00%,36.54%,0.00
02/12/2025,106,Bata Ridgeways Mall,Kenya,Nairobi West,Kiambu,0,112,-100.00%,0,14,-100.00%,0.00%,0.13
03/09/2025,106,Bata Ridgeways Mall,Kenya,Nairobi West,Kiambu,0,179,-100.00%,0,33,-100.00%,0.00%,0.18
02/26/2025,106,Bata Ridgeways Mall,Kenya,Nairobi West,Kiambu,0,145,-100.00%,0,23,-100.00%,0.00%,0.16
01/14/2026,106,Bata Ridgeways Mall,Kenya,Nairobi West,Kiambu,171,0,0.00%,46,0,0.00%,26.90%,0.00
02/17/2025,106,Bata Ridgeways Mall,Kenya,Nairobi West,Kiambu,0,118,-100.00%,0,16,-100.00%,0.00%,0.14
01/02/2026,106,Bata Ridgeways Mall,Kenya,Nairobi West,Kiambu,77,0,0.00%,69,0,0.00%,89.61%,0.00
03/01/2025,106,Bata Ridgeways Mall,Kenya,Nairobi West,Kiambu,0,168,-100.00%,0,29,-100.00%,0.00%,0.17
01/23/2026,106,Bata Ridgeways Mall,Kenya,Nairobi West,Kiambu,100,0,0.00%,40,0,0.00%,40.20%,0.00
02/22/2025,106,Bata Ridgeways Mall,Kenya,Nairobi West,Kiambu,0,137,-100.00%,0,32,-100.00%,0.00%,0.23
01/03/2026,106,Bata Ridgeways Mall,Kenya,Nairobi West,Kiambu,123,0,0.00%,79,0,0.00%,64.23%,0.00
01/05/2026,106,Bata Ridgeways Mall,Kenya,Nairobi West,Kiambu,176,0,0.00%,100,0,0.00%,56.98%,0.00
01/28/2026,106,Bata Ridgeways Mall,Kenya,Nairobi West,Kiambu,99,0,0.00%,18,0,0.00%,18.18%,0.00
02/23/2025,106,Bata Ridgeways Mall,Kenya,Nairobi West,Kiambu,0,139,-100.00%,0,17,-100.00%,0.00%,0.12
01/11/2026,106,Bata Ridgeways Mall,Kenya,Nairobi West,Kiambu,312,0,0.00%,62,0,0.00%,19.90%,0.00
01/08/2026,106,Bata Ridgeways Mall,Kenya,Nairobi West,Kiambu,194,0,0.00%,48,0,0.00%,24.74%,0.00
02/04/2026,106,Bata Ridgeways Mall,Kenya,Nairobi West,Kiambu,89,0,0.00%,21,0,0.00%,23.60%,0.00
03/03/2025,106,Bata Ridgeways Mall,Kenya,Nairobi West,Kiambu,0,150,-100.00%,0,47,-100.00%,0.00%,0.31
01/13/2026,106,Bata Ridgeways Mall,Kenya,Nairobi West,Kiambu,152,0,0.00%,51,0,0.00%,33.66%,0.00
01/10/2026,106,Bata Ridgeways Mall,Kenya,Nairobi West,Kiambu,178,0,0.00%,44,0,0.00%,24.72%,0.00
02/05/2026,106,Bata Ridgeways Mall,Kenya,Nairobi West,Kiambu,86,0,0.00%,25,0,0.00%,29.24%,0.00
03/05/2025,106,Bata Ridgeways Mall,Kenya,Nairobi West,Kiambu,0,140,-100.00%,0,23,-100.00%,0.00%,0.16
01/19/2026,106,Bata Ridgeways Mall,Kenya,Nairobi West,Kiambu,107,0,0.00%,30,0,0.00%,28.17%,0.00
01/16/2026,106,Bata Ridgeways Mall,Kenya,Nairobi West,Kiambu,124,0,0.00%,32,0,0.00%,25.91%,0.00
02/07/2026,106,Bata Ridgeways Mall,Kenya,Nairobi West,Kiambu,144,0,0.00%,34,0,0.00%,23.61%,0.00
03/08/2025,106,Bata Ridgeways Mall,Kenya,Nairobi West,Kiambu,0,167,-100.00%,0,39,-100.00%,0.00%,0.23
01/29/2026,106,Bata Ridgeways Mall,Kenya,Nairobi West,Kiambu,77,0,0.00%,17,0,0.00%,22.08%,0.00
01/24/2026,106,Bata Ridgeways Mall,Kenya,Nairobi West,Kiambu,103,0,0.00%,19,0,0.00%,18.54%,0.00
02/10/2026,106,Bata Ridgeways Mall,Kenya,Nairobi West,Kiambu,101,0,0.00%,28,0,0.00%,27.72%,0.00
01/01/2026,106,Bata Ridgeways Mall,Kenya,Nairobi West,Kiambu,37,0,0.00%,0,0,0.00%,0.00%,0.00
02/11/2026,106,Bata Ridgeways Mall,Kenya,Nairobi West,Kiambu,89,0,0.00%,17,0,0.00%,19.21%,0.00
01/26/2026,106,Bata Ridgeways Mall,Kenya,Nairobi West,Kiambu,99,0,0.00%,0,0,0.00%,0.00%,0.00
02/12/2026,106,Bata Ridgeways Mall,Kenya,Nairobi West,Kiambu,76,0,0.00%,22,0,0.00%,28.95%,0.00
01/06/2026,106,Bata Ridgeways Mall,Kenya,Nairobi West,Kiambu,135,0,0.00%,116,0,0.00%,86.25%,0.00
02/17/2026,106,Bata Ridgeways Mall,Kenya,Nairobi West,Kiambu,90,0,0.00%,17,0,0.00%,18.89%,0.00
02/08/2026,106,Bata Ridgeways Mall,Kenya,Nairobi West,Kiambu,123,0,0.00%,30,0,0.00%,24.39%,0.00
02/13/2026,106,Bata Ridgeways Mall,Kenya,Nairobi West,Kiambu,119,0,0.00%,24,0,0.00%,20.25%,0.00
01/15/2026,106,Bata Ridgeways Mall,Kenya,Nairobi West,Kiambu,113,0,0.00%,25,0,0.00%,22.22%,0.00
03/02/2026,106,Bata Ridgeways Mall,Kenya,Nairobi West,Kiambu,120,0,0.00%,35,0,0.00%,29.29%,0.00
02/16/2026,106,Bata Ridgeways Mall,Kenya,Nairobi West,Kiambu,79,0,0.00%,21,0,0.00%,26.58%,0.00
02/18/2026,106,Bata Ridgeways Mall,Kenya,Nairobi West,Kiambu,87,0,0.00%,15,0,0.00%,17.34%,0.00
01/17/2026,106,Bata Ridgeways Mall,Kenya,Nairobi West,Kiambu,159,0,0.00%,33,0,0.00%,20.82%,0.00
03/05/2026,106,Bata Ridgeways Mall,Kenya,Nairobi West,Kiambu,107,0,0.00%,22,0,0.00%,20.66%,0.00
02/19/2026,106,Bata Ridgeways Mall,Kenya,Nairobi West,Kiambu,85,0,0.00%,23,0,0.00%,27.22%,0.00
03/01/2026,106,Bata Ridgeways Mall,Kenya,Nairobi West,Kiambu,169,0,0.00%,37,0,0.00%,21.96%,0.00
01/25/2026,106,Bata Ridgeways Mall,Kenya,Nairobi West,Kiambu,139,0,0.00%,22,0,0.00%,15.83%,0.00
03/08/2026,106,Bata Ridgeways Mall,Kenya,Nairobi West,Kiambu,122,0,0.00%,32,0,0.00%,26.23%,0.00
02/22/2026,106,Bata Ridgeways Mall,Kenya,Nairobi West,Kiambu,80,0,0.00%,15,0,0.00%,18.75%,0.00
02/15/2026,106,Bata Ridgeways Mall,Kenya,Nairobi West,Kiambu,126,0,0.00%,26,0,0.00%,20.72%,0.00
02/24/2026,106,Bata Ridgeways Mall,Kenya,Nairobi West,Kiambu,97,0,0.00%,17,0,0.00%,17.62%,0.00
02/21/2026,106,Bata Ridgeways Mall,Kenya,Nairobi West,Kiambu,101,0,0.00%,19,0,0.00%,18.91%,0.00
02/25/2026,106,Bata Ridgeways Mall,Kenya,Nairobi West,Kiambu,92,0,0.00%,21,0,0.00%,22.95%,0.00
02/28/2026,106,Bata Ridgeways Mall,Kenya,Nairobi West,Kiambu,144,0,0.00%,30,0,0.00%,20.83%,0.00
03/04/2026,106,Bata Ridgeways Mall,Kenya,Nairobi West,Kiambu,94,0,0.00%,30,0,0.00%,32.09%,0.00
03/03/2026,106,Bata Ridgeways Mall,Kenya,Nairobi West,Kiambu,120,0,0.00%,32,0,0.00%,26.67%,0.00
03/09/2026,106,Bata Ridgeways Mall,Kenya,Nairobi West,Kiambu,15,0,0.00%,0,0,0.00%,0.00%,0.00
01/01/2025,124,Bata Rongai Destination,Kenya,Nairobi East,Ngong,0,128,-100.00%,0,0,0.00%,0.00%,0.00
01/13/2025,124,Bata Rongai Destination,Kenya,Nairobi East,Ngong,0,203,-100.00%,0,80,-100.00%,0.00%,0.39
01/11/2025,124,Bata Rongai Destination,Kenya,Nairobi East,Ngong,0,296,-100.00%,0,111,-100.00%,0.00%,0.38
01/02/2025,124,Bata Rongai Destination,Kenya,Nairobi East,Ngong,0,415,-100.00%,0,131,-100.00%,0.00%,0.32
01/07/2025,124,Bata Rongai Destination,Kenya,Nairobi East,Ngong,0,595,-100.00%,0,285,-100.00%,0.00%,0.48
01/06/2025,124,Bata Rongai Destination,Kenya,Nairobi East,Ngong,0,935,-100.00%,0,408,-100.00%,0.00%,0.44
01/23/2025,124,Bata Rongai Destination,Kenya,Nairobi East,Ngong,0,97,-100.00%,0,32,-100.00%,0.00%,0.33
01/04/2025,124,Bata Rongai Destination,Kenya,Nairobi East,Ngong,0,610,-100.00%,0,258,-100.00%,0.00%,0.42
01/20/2025,124,Bata Rongai Destination,Kenya,Nairobi East,Ngong,0,106,-100.00%,0,43,-100.00%,0.00%,0.41
01/15/2025,124,Bata Rongai Destination,Kenya,Nairobi East,Ngong,0,150,-100.00%,0,54,-100.00%,0.00%,0.36
01/29/2025,124,Bata Rongai Destination,Kenya,Nairobi East,Ngong,0,88,-100.00%,0,51,-100.00%,0.00%,0.58
01/03/2025,124,Bata Rongai Destination,Kenya,Nairobi East,Ngong,0,450,-100.00%,0,207,-100.00%,0.00%,0.46
01/22/2025,124,Bata Rongai Destination,Kenya,Nairobi East,Ngong,0,88,-100.00%,0,33,-100.00%,0.00%,0.38
01/09/2025,124,Bata Rongai Destination,Kenya,Nairobi East,Ngong,0,233,-100.00%,0,100,-100.00%,0.00%,0.43
02/01/2025,124,Bata Rongai Destination,Kenya,Nairobi East,Ngong,0,143,-100.00%,0,53,-100.00%,0.00%,0.37
01/12/2025,124,Bata Rongai Destination,Kenya,Nairobi East,Ngong,0,306,-100.00%,0,102,-100.00%,0.00%,0.33
01/25/2025,124,Bata Rongai Destination,Kenya,Nairobi East,Ngong,0,131,-100.00%,0,47,-100.00%,0.00%,0.36
01/16/2025,124,Bata Rongai Destination,Kenya,Nairobi East,Ngong,0,120,-100.00%,0,45,-100.00%,0.00%,0.38
02/03/2025,124,Bata Rongai Destination,Kenya,Nairobi East,Ngong,0,92,-100.00%,0,34,-100.00%,0.00%,0.37
01/05/2025,124,Bata Rongai Destination,Kenya,Nairobi East,Ngong,0,464,-100.00%,0,177,-100.00%,0.00%,0.38
01/28/2025,124,Bata Rongai Destination,Kenya,Nairobi East,Ngong,0,98,-100.00%,0,43,-100.00%,0.00%,0.44
01/27/2025,124,Bata Rongai Destination,Kenya,Nairobi East,Ngong,0,90,-100.00%,0,0,0.00%,0.00%,0.00
02/19/2025,124,Bata Rongai Destination,Kenya,Nairobi East,Ngong,0,97,-100.00%,0,30,-100.00%,0.00%,0.31
01/14/2025,124,Bata Rongai Destination,Kenya,Nairobi East,Ngong,0,140,-100.00%,0,58,-100.00%,0.00%,0.41
02/04/2025,124,Bata Rongai Destination,Kenya,Nairobi East,Ngong,0,99,-100.00%,0,31,-100.00%,0.00%,0.31
01/18/2025,124,Bata Rongai Destination,Kenya,Nairobi East,Ngong,0,193,-100.00%,0,69,-100.00%,0.00%,0.36
02/24/2025,124,Bata Rongai Destination,Kenya,Nairobi East,Ngong,0,118,-100.00%,0,28,-100.00%,0.00%,0.24
01/08/2025,124,Bata Rongai Destination,Kenya,Nairobi East,Ngong,0,368,-100.00%,0,180,-100.00%,0.00%,0.49
02/05/2025,124,Bata Rongai Destination,Kenya,Nairobi East,Ngong,0,103,-100.00%,0,36,-100.00%,0.00%,0.35
02/02/2025,124,Bata Rongai Destination,Kenya,Nairobi East,Ngong,0,148,-100.00%,0,46,-100.00%,0.00%,0.31
03/09/2025,124,Bata Rongai Destination,Kenya,Nairobi East,Ngong,0,82,-100.00%,0,29,-100.00%,0.00%,0.35
01/17/2025,124,Bata Rongai Destination,Kenya,Nairobi East,Ngong,0,106,-100.00%,0,46,-100.00%,0.00%,0.43
02/15/2025,124,Bata Rongai Destination,Kenya,Nairobi East,Ngong,0,140,-100.00%,0,49,-100.00%,0.00%,0.35
01/24/2025,124,Bata Rongai Destination,Kenya,Nairobi East,Ngong,0,101,-100.00%,0,35,-100.00%,0.00%,0.35
01/06/2026,124,Bata Rongai Destination,Kenya,Nairobi East,Ngong,1147,0,0.00%,262,0,0.00%,22.85%,0.00
01/10/2025,124,Bata Rongai Destination,Kenya,Nairobi East,Ngong,0,182,-100.00%,0,72,-100.00%,0.00%,0.40
03/05/2025,124,Bata Rongai Destination,Kenya,Nairobi East,Ngong,0,84,-100.00%,0,41,-100.00%,0.00%,0.49
02/10/2025,124,Bata Rongai Destination,Kenya,Nairobi East,Ngong,0,104,-100.00%,0,40,-100.00%,0.00%,0.38
01/08/2026,124,Bata Rongai Destination,Kenya,Nairobi East,Ngong,607,0,0.00%,156,0,0.00%,25.72%,0.00
01/19/2025,124,Bata Rongai Destination,Kenya,Nairobi East,Ngong,0,112,-100.00%,0,43,-100.00%,0.00%,0.38
01/01/2026,124,Bata Rongai Destination,Kenya,Nairobi East,Ngong,241,0,0.00%,0,0,0.00%,0.00%,0.00
01/26/2025,124,Bata Rongai Destination,Kenya,Nairobi East,Ngong,0,113,-100.00%,0,38,-100.00%,0.00%,0.34
01/13/2026,124,Bata Rongai Destination,Kenya,Nairobi East,Ngong,446,0,0.00%,109,0,0.00%,24.47%,0.00
01/21/2025,124,Bata Rongai Destination,Kenya,Nairobi East,Ngong,0,122,-100.00%,0,39,-100.00%,0.00%,0.32
01/04/2026,124,Bata Rongai Destination,Kenya,Nairobi East,Ngong,818,0,0.00%,142,0,0.00%,17.37%,0.00
02/13/2025,124,Bata Rongai Destination,Kenya,Nairobi East,Ngong,0,113,-100.00%,0,48,-100.00%,0.00%,0.42
01/16/2026,124,Bata Rongai Destination,Kenya,Nairobi East,Ngong,228,0,0.00%,46,0,0.00%,20.22%,0.00
01/30/2025,124,Bata Rongai Destination,Kenya,Nairobi East,Ngong,0,90,-100.00%,0,33,-100.00%,0.00%,0.37
01/10/2026,124,Bata Rongai Destination,Kenya,Nairobi East,Ngong,817,0,0.00%,195,0,0.00%,23.88%,0.00
02/06/2025,124,Bata Rongai Destination,Kenya,Nairobi East,Ngong,0,72,-100.00%,0,32,-100.00%,0.00%,0.44
01/21/2026,124,Bata Rongai Destination,Kenya,Nairobi East,Ngong,186,0,0.00%,36,0,0.00%,19.35%,0.00
01/31/2025,124,Bata Rongai Destination,Kenya,Nairobi East,Ngong,0,94,-100.00%,0,42,-100.00%,0.00%,0.45
01/12/2026,124,Bata Rongai Destination,Kenya,Nairobi East,Ngong,501,0,0.00%,121,0,0.00%,24.15%,0.00
02/21/2025,124,Bata Rongai Destination,Kenya,Nairobi East,Ngong,0,112,-100.00%,0,38,-100.00%,0.00%,0.34
01/30/2026,124,Bata Rongai Destination,Kenya,Nairobi East,Ngong,138,0,0.00%,17,0,0.00%,12.32%,0.00
02/07/2025,124,Bata Rongai Destination,Kenya,Nairobi East,Ngong,0,91,-100.00%,0,24,-100.00%,0.00%,0.26
01/20/2026,124,Bata Rongai Destination,Kenya,Nairobi East,Ngong,200,0,0.00%,48,0,0.00%,24.00%,0.00
02/11/2025,124,Bata Rongai Destination,Kenya,Nairobi East,Ngong,0,97,-100.00%,0,31,-100.00%,0.00%,0.32
02/04/2026,124,Bata Rongai Destination,Kenya,Nairobi East,Ngong,194,0,0.00%,32,0,0.00%,16.54%,0.00
02/08/2025,124,Bata Rongai Destination,Kenya,Nairobi East,Ngong,0,131,-100.00%,0,46,-100.00%,0.00%,0.35
01/23/2026,124,Bata Rongai Destination,Kenya,Nairobi East,Ngong,148,0,0.00%,19,0,0.00%,12.84%,0.00
02/23/2025,124,Bata Rongai Destination,Kenya,Nairobi East,Ngong,0,78,-100.00%,0,23,-100.00%,0.00%,0.29
02/12/2026,124,Bata Rongai Destination,Kenya,Nairobi East,Ngong,131,0,0.00%,24,0,0.00%,18.39%,0.00
02/12/2025,124,Bata Rongai Destination,Kenya,Nairobi East,Ngong,0,85,-100.00%,0,44,-100.00%,0.00%,0.52
02/03/2026,124,Bata Rongai Destination,Kenya,Nairobi East,Ngong,163,0,0.00%,26,0,0.00%,15.95%,0.00
02/14/2025,124,Bata Rongai Destination,Kenya,Nairobi East,Ngong,0,110,-100.00%,0,43,-100.00%,0.00%,0.39
02/20/2026,124,Bata Rongai Destination,Kenya,Nairobi East,Ngong,95,0,0.00%,17,0,0.00%,17.89%,0.00
02/09/2025,124,Bata Rongai Destination,Kenya,Nairobi East,Ngong,0,113,-100.00%,0,22,-100.00%,0.00%,0.19
02/07/2026,124,Bata Rongai Destination,Kenya,Nairobi East,Ngong,216,0,0.00%,36,0,0.00%,16.67%,0.00
03/01/2025,124,Bata Rongai Destination,Kenya,Nairobi East,Ngong,0,231,-100.00%,0,72,-100.00%,0.00%,0.31
02/08/2026,124,Bata Rongai Destination,Kenya,Nairobi East,Ngong,148,0,0.00%,26,0,0.00%,17.57%,0.00
02/18/2025,124,Bata Rongai Destination,Kenya,Nairobi East,Ngong,0,92,-100.00%,0,24,-100.00%,0.00%,0.26
02/15/2026,124,Bata Rongai Destination,Kenya,Nairobi East,Ngong,134,0,0.00%,24,0,0.00%,17.91%,0.00
02/16/2025,124,Bata Rongai Destination,Kenya,Nairobi East,Ngong,0,90,-100.00%,0,25,-100.00%,0.00%,0.28
02/21/2026,124,Bata Rongai Destination,Kenya,Nairobi East,Ngong,153,0,0.00%,30,0,0.00%,19.67%,0.00
02/27/2025,124,Bata Rongai Destination,Kenya,Nairobi East,Ngong,0,143,-100.00%,0,35,-100.00%,0.00%,0.24
02/24/2026,124,Bata Rongai Destination,Kenya,Nairobi East,Ngong,140,0,0.00%,25,0,0.00%,17.92%,0.00
03/06/2025,124,Bata Rongai Destination,Kenya,Nairobi East,Ngong,0,88,-100.00%,0,45,-100.00%,0.00%,0.51
02/26/2026,124,Bata Rongai Destination,Kenya,Nairobi East,Ngong,161,0,0.00%,51,0,0.00%,31.78%,0.00
02/20/2025,124,Bata Rongai Destination,Kenya,Nairobi East,Ngong,0,88,-100.00%,0,32,-100.00%,0.00%,0.36
03/03/2026,124,Bata Rongai Destination,Kenya,Nairobi East,Ngong,209,0,0.00%,64,0,0.00%,30.62%,0.00
02/17/2025,124,Bata Rongai Destination,Kenya,Nairobi East,Ngong,0,97,-100.00%,0,32,-100.00%,0.00%,0.33
03/06/2026,124,Bata Rongai Destination,Kenya,Nairobi East,Ngong,162,0,0.00%,41,0,0.00%,25.31%,0.00
03/02/2025,124,Bata Rongai Destination,Kenya,Nairobi East,Ngong,0,175,-100.00%,0,54,-100.00%,0.00%,0.31
03/09/2026,124,Bata Rongai Destination,Kenya,Nairobi East,Ngong,23,0,0.00%,0,0,0.00%,0.00%,0.00
01/02/2026,124,Bata Rongai Destination,Kenya,Nairobi East,Ngong,817,0,0.00%,199,0,0.00%,24.36%,0.00
02/26/2025,124,Bata Rongai Destination,Kenya,Nairobi East,Ngong,0,93,-100.00%,0,22,-100.00%,0.00%,0.24
02/22/2025,124,Bata Rongai Destination,Kenya,Nairobi East,Ngong,0,170,-100.00%,0,55,-100.00%,0.00%,0.32
03/07/2025,124,Bata Rongai Destination,Kenya,Nairobi East,Ngong,0,94,-100.00%,0,32,-100.00%,0.00%,0.34
01/07/2026,124,Bata Rongai Destination,Kenya,Nairobi East,Ngong,750,0,0.00%,167,0,0.00%,22.28%,0.00
02/28/2025,124,Bata Rongai Destination,Kenya,Nairobi East,Ngong,0,124,-100.00%,0,58,-100.00%,0.00%,0.47
02/25/2025,124,Bata Rongai Destination,Kenya,Nairobi East,Ngong,0,74,-100.00%,0,18,-100.00%,0.00%,0.24
01/05/2026,124,Bata Rongai Destination,Kenya,Nairobi East,Ngong,1424,0,0.00%,326,0,0.00%,22.89%,0.00
01/09/2026,124,Bata Rongai Destination,Kenya,Nairobi East,Ngong,452,0,0.00%,110,0,0.00%,24.36%,0.00
03/03/2025,124,Bata Rongai Destination,Kenya,Nairobi East,Ngong,0,223,-100.00%,0,104,-100.00%,0.00%,0.47
03/04/2025,124,Bata Rongai Destination,Kenya,Nairobi East,Ngong,0,132,-100.00%,0,52,-100.00%,0.00%,0.39
01/11/2026,124,Bata Rongai Destination,Kenya,Nairobi East,Ngong,670,0,0.00%,141,0,0.00%,21.04%,0.00
01/15/2026,124,Bata Rongai Destination,Kenya,Nairobi East,Ngong,302,0,0.00%,56,0,0.00%,18.57%,0.00
03/08/2025,124,Bata Rongai Destination,Kenya,Nairobi East,Ngong,0,186,-100.00%,0,53,-100.00%,0.00%,0.28
01/03/2026,124,Bata Rongai Destination,Kenya,Nairobi East,Ngong,944,0,0.00%,193,0,0.00%,20.44%,0.00
01/14/2026,124,Bata Rongai Destination,Kenya,Nairobi East,Ngong,285,0,0.00%,65,0,0.00%,22.85%,0.00
01/25/2026,124,Bata Rongai Destination,Kenya,Nairobi East,Ngong,181,0,0.00%,28,0,0.00%,15.51%,0.00
01/17/2026,124,Bata Rongai Destination,Kenya,Nairobi East,Ngong,310,0,0.00%,54,0,0.00%,17.42%,0.00
01/24/2026,124,Bata Rongai Destination,Kenya,Nairobi East,Ngong,228,0,0.00%,44,0,0.00%,19.34%,0.00
01/19/2026,124,Bata Rongai Destination,Kenya,Nairobi East,Ngong,226,0,0.00%,30,0,0.00%,13.27%,0.00
01/26/2026,124,Bata Rongai Destination,Kenya,Nairobi East,Ngong,184,0,0.00%,0,0,0.00%,0.00%,0.00
01/18/2026,124,Bata Rongai Destination,Kenya,Nairobi East,Ngong,228,0,0.00%,45,0,0.00%,19.78%,0.00
01/27/2026,124,Bata Rongai Destination,Kenya,Nairobi East,Ngong,167,0,0.00%,44,0,0.00%,26.35%,0.00
01/22/2026,124,Bata Rongai Destination,Kenya,Nairobi East,Ngong,196,0,0.00%,36,0,0.00%,18.37%,0.00
01/28/2026,124,Bata Rongai Destination,Kenya,Nairobi East,Ngong,160,0,0.00%,35,0,0.00%,21.88%,0.00
01/31/2026,124,Bata Rongai Destination,Kenya,Nairobi East,Ngong,177,0,0.00%,34,0,0.00%,19.21%,0.00
02/01/2026,124,Bata Rongai Destination,Kenya,Nairobi East,Ngong,139,0,0.00%,22,0,0.00%,15.88%,0.00
01/29/2026,124,Bata Rongai Destination,Kenya,Nairobi East,Ngong,185,0,0.00%,33,0,0.00%,17.84%,0.00
02/05/2026,124,Bata Rongai Destination,Kenya,Nairobi East,Ngong,159,0,0.00%,40,0,0.00%,25.24%,0.00
02/02/2026,124,Bata Rongai Destination,Kenya,Nairobi East,Ngong,164,0,0.00%,31,0,0.00%,18.96%,0.00
02/06/2026,124,Bata Rongai Destination,Kenya,Nairobi East,Ngong,134,0,0.00%,15,0,0.00%,11.24%,0.00
02/17/2026,124,Bata Rongai Destination,Kenya,Nairobi East,Ngong,114,0,0.00%,23,0,0.00%,20.18%,0.00
02/18/2026,124,Bata Rongai Destination,Kenya,Nairobi East,Ngong,125,0,0.00%,23,0,0.00%,18.47%,0.00
02/10/2026,124,Bata Rongai Destination,Kenya,Nairobi East,Ngong,138,0,0.00%,24,0,0.00%,17.45%,0.00
02/09/2026,124,Bata Rongai Destination,Kenya,Nairobi East,Ngong,205,0,0.00%,29,0,0.00%,14.18%,0.00
02/19/2026,124,Bata Rongai Destination,Kenya,Nairobi East,Ngong,128,0,0.00%,17,0,0.00%,13.33%,0.00
03/01/2026,124,Bata Rongai Destination,Kenya,Nairobi East,Ngong,272,0,0.00%,58,0,0.00%,21.36%,0.00
02/13/2026,124,Bata Rongai Destination,Kenya,Nairobi East,Ngong,147,0,0.00%,29,0,0.00%,19.80%,0.00
02/11/2026,124,Bata Rongai Destination,Kenya,Nairobi East,Ngong,122,0,0.00%,20,0,0.00%,16.46%,0.00
02/22/2026,124,Bata Rongai Destination,Kenya,Nairobi East,Ngong,140,0,0.00%,19,0,0.00%,13.57%,0.00
02/14/2026,124,Bata Rongai Destination,Kenya,Nairobi East,Ngong,163,0,0.00%,30,0,0.00%,18.40%,0.00
02/16/2026,124,Bata Rongai Destination,Kenya,Nairobi East,Ngong,139,0,0.00%,19,0,0.00%,13.72%,0.00
02/25/2026,124,Bata Rongai Destination,Kenya,Nairobi East,Ngong,22,0,0.00%,1,0,0.00%,4.55%,0.00
02/28/2026,124,Bata Rongai Destination,Kenya,Nairobi East,Ngong,344,0,0.00%,76,0,0.00%,22.13%,0.00
02/27/2026,124,Bata Rongai Destination,Kenya,Nairobi East,Ngong,168,0,0.00%,34,0,0.00%,20.30%,0.00
02/23/2026,124,Bata Rongai Destination,Kenya,Nairobi East,Ngong,113,0,0.00%,16,0,0.00%,14.16%,0.00
03/07/2026,124,Bata Rongai Destination,Kenya,Nairobi East,Ngong,204,0,0.00%,47,0,0.00%,23.04%,0.00
03/02/2026,124,Bata Rongai Destination,Kenya,Nairobi East,Ngong,371,0,0.00%,93,0,0.00%,25.10%,0.00
03/08/2026,124,Bata Rongai Destination,Kenya,Nairobi East,Ngong,221,0,0.00%,41,0,0.00%,18.59%,0.00
03/04/2026,124,Bata Rongai Destination,Kenya,Nairobi East,Ngong,28,0,0.00%,29,0,0.00%,103.57%,0.00
03/05/2026,124,Bata Rongai Destination,Kenya,Nairobi East,Ngong,139,0,0.00%,22,0,0.00%,15.83%,0.00
01/03/2025,7,Bata Sarit Centre,Kenya,Nairobi West,Nairobi,0,1469,-100.00%,0,342,-100.00%,0.00%,0.23
01/01/2025,7,Bata Sarit Centre,Kenya,Nairobi West,Nairobi,0,754,-100.00%,0,11,-100.00%,0.00%,0.01
01/09/2025,7,Bata Sarit Centre,Kenya,Nairobi West,Nairobi,0,684,-100.00%,0,154,-100.00%,0.00%,0.23
01/04/2025,7,Bata Sarit Centre,Kenya,Nairobi West,Nairobi,0,1499,-100.00%,0,370,-100.00%,0.00%,0.25
01/11/2025,7,Bata Sarit Centre,Kenya,Nairobi West,Nairobi,0,1148,-100.00%,0,244,-100.00%,0.00%,0.21
01/05/2025,7,Bata Sarit Centre,Kenya,Nairobi West,Nairobi,0,1925,-100.00%,0,377,-100.00%,0.00%,0.20
01/17/2025,7,Bata Sarit Centre,Kenya,Nairobi West,Nairobi,0,531,-100.00%,0,119,-100.00%,0.00%,0.22
01/02/2025,7,Bata Sarit Centre,Kenya,Nairobi West,Nairobi,0,1259,-100.00%,0,307,-100.00%,0.00%,0.24
01/16/2025,7,Bata Sarit Centre,Kenya,Nairobi West,Nairobi,0,534,-100.00%,0,109,-100.00%,0.00%,0.20
01/22/2025,7,Bata Sarit Centre,Kenya,Nairobi West,Nairobi,0,439,-100.00%,0,96,-100.00%,0.00%,0.22
01/19/2025,7,Bata Sarit Centre,Kenya,Nairobi West,Nairobi,0,848,-100.00%,0,152,-100.00%,0.00%,0.18
01/06/2025,7,Bata Sarit Centre,Kenya,Nairobi West,Nairobi,0,1818,-100.00%,0,468,-100.00%,0.00%,0.26
01/21/2025,7,Bata Sarit Centre,Kenya,Nairobi West,Nairobi,0,472,-100.00%,0,119,-100.00%,0.00%,0.25
01/10/2025,7,Bata Sarit Centre,Kenya,Nairobi West,Nairobi,0,695,-100.00%,0,165,-100.00%,0.00%,0.24
01/20/2025,7,Bata Sarit Centre,Kenya,Nairobi West,Nairobi,0,525,-100.00%,0,133,-100.00%,0.00%,0.25
01/08/2025,7,Bata Sarit Centre,Kenya,Nairobi West,Nairobi,0,1109,-100.00%,0,314,-100.00%,0.00%,0.28
02/06/2025,7,Bata Sarit Centre,Kenya,Nairobi West,Nairobi,0,519,-100.00%,0,106,-100.00%,0.00%,0.20
01/25/2025,7,Bata Sarit Centre,Kenya,Nairobi West,Nairobi,0,788,-100.00%,0,183,-100.00%,0.00%,0.23
01/28/2025,7,Bata Sarit Centre,Kenya,Nairobi West,Nairobi,0,488,-100.00%,0,128,-100.00%,0.00%,0.26
01/07/2025,7,Bata Sarit Centre,Kenya,Nairobi West,Nairobi,0,1375,-100.00%,0,404,-100.00%,0.00%,0.29
02/08/2025,7,Bata Sarit Centre,Kenya,Nairobi West,Nairobi,0,607,-100.00%,0,112,-100.00%,0.00%,0.18
01/13/2025,7,Bata Sarit Centre,Kenya,Nairobi West,Nairobi,0,594,-100.00%,0,157,-100.00%,0.00%,0.26
02/02/2025,7,Bata Sarit Centre,Kenya,Nairobi West,Nairobi,0,797,-100.00%,0,159,-100.00%,0.00%,0.20
01/15/2025,7,Bata Sarit Centre,Kenya,Nairobi West,Nairobi,0,520,-100.00%,0,109,-100.00%,0.00%,0.21
02/19/2025,7,Bata Sarit Centre,Kenya,Nairobi West,Nairobi,0,490,-100.00%,0,101,-100.00%,0.00%,0.21
02/15/2025,7,Bata Sarit Centre,Kenya,Nairobi West,Nairobi,0,689,-100.00%,0,129,-100.00%,0.00%,0.19
02/05/2025,7,Bata Sarit Centre,Kenya,Nairobi West,Nairobi,0,419,-100.00%,0,99,-100.00%,0.00%,0.24
01/12/2025,7,Bata Sarit Centre,Kenya,Nairobi West,Nairobi,0,1246,-100.00%,0,225,-100.00%,0.00%,0.18
02/22/2025,7,Bata Sarit Centre,Kenya,Nairobi West,Nairobi,0,682,-100.00%,0,131,-100.00%,0.00%,0.19
01/26/2025,7,Bata Sarit Centre,Kenya,Nairobi West,Nairobi,0,771,-100.00%,0,152,-100.00%,0.00%,0.20
02/20/2025,7,Bata Sarit Centre,Kenya,Nairobi West,Nairobi,0,475,-100.00%,0,95,-100.00%,0.00%,0.20
01/18/2025,7,Bata Sarit Centre,Kenya,Nairobi West,Nairobi,0,793,-100.00%,0,174,-100.00%,0.00%,0.22
02/24/2025,7,Bata Sarit Centre,Kenya,Nairobi West,Nairobi,0,440,-100.00%,0,93,-100.00%,0.00%,0.21
02/18/2025,7,Bata Sarit Centre,Kenya,Nairobi West,Nairobi,0,407,-100.00%,0,86,-100.00%,0.00%,0.21
02/21/2025,7,Bata Sarit Centre,Kenya,Nairobi West,Nairobi,0,519,-100.00%,0,107,-100.00%,0.00%,0.21
01/14/2025,7,Bata Sarit Centre,Kenya,Nairobi West,Nairobi,0,516,-100.00%,0,126,-100.00%,0.00%,0.24
03/04/2025,7,Bata Sarit Centre,Kenya,Nairobi West,Nairobi,0,397,-100.00%,0,90,-100.00%,0.00%,0.23
01/29/2025,7,Bata Sarit Centre,Kenya,Nairobi West,Nairobi,0,471,-100.00%,0,105,-100.00%,0.00%,0.22
02/23/2025,7,Bata Sarit Centre,Kenya,Nairobi West,Nairobi,0,597,-100.00%,0,119,-100.00%,0.00%,0.20
01/23/2025,7,Bata Sarit Centre,Kenya,Nairobi West,Nairobi,0,513,-100.00%,0,116,-100.00%,0.00%,0.23
03/07/2025,7,Bata Sarit Centre,Kenya,Nairobi West,Nairobi,0,527,-100.00%,0,117,-100.00%,0.00%,0.22
02/26/2025,7,Bata Sarit Centre,Kenya,Nairobi West,Nairobi,0,517,-100.00%,0,101,-100.00%,0.00%,0.20
02/28/2025,7,Bata Sarit Centre,Kenya,Nairobi West,Nairobi,0,714,-100.00%,0,143,-100.00%,0.00%,0.20
01/27/2025,7,Bata Sarit Centre,Kenya,Nairobi West,Nairobi,0,420,-100.00%,0,0,0.00%,0.00%,0.00
03/09/2025,7,Bata Sarit Centre,Kenya,Nairobi West,Nairobi,0,681,-100.00%,0,126,-100.00%,0.00%,0.19
02/01/2025,7,Bata Sarit Centre,Kenya,Nairobi West,Nairobi,0,781,-100.00%,0,187,-100.00%,0.00%,0.24
03/06/2025,7,Bata Sarit Centre,Kenya,Nairobi West,Nairobi,0,448,-100.00%,0,106,-100.00%,0.00%,0.24
01/24/2025,7,Bata Sarit Centre,Kenya,Nairobi West,Nairobi,0,628,-100.00%,0,113,-100.00%,0.00%,0.18
01/06/2026,7,Bata Sarit Centre,Kenya,Nairobi West,Nairobi,1370,0,0.00%,350,0,0.00%,25.55%,0.00
03/03/2025,7,Bata Sarit Centre,Kenya,Nairobi West,Nairobi,0,505,-100.00%,0,141,-100.00%,0.00%,0.28
01/01/2026,7,Bata Sarit Centre,Kenya,Nairobi West,Nairobi,714,0,0.00%,0,0,0.00%,0.00%,0.00
01/30/2025,7,Bata Sarit Centre,Kenya,Nairobi West,Nairobi,0,462,-100.00%,0,110,-100.00%,0.00%,0.24
01/08/2026,7,Bata Sarit Centre,Kenya,Nairobi West,Nairobi,921,0,0.00%,211,0,0.00%,22.91%,0.00
02/03/2025,7,Bata Sarit Centre,Kenya,Nairobi West,Nairobi,0,419,-100.00%,0,110,-100.00%,0.00%,0.26
01/04/2026,7,Bata Sarit Centre,Kenya,Nairobi West,Nairobi,1966,0,0.00%,361,0,0.00%,18.36%,0.00
01/31/2025,7,Bata Sarit Centre,Kenya,Nairobi West,Nairobi,0,445,-100.00%,0,115,-100.00%,0.00%,0.26
01/21/2026,7,Bata Sarit Centre,Kenya,Nairobi West,Nairobi,512,0,0.00%,104,0,0.00%,20.33%,0.00
03/05/2025,7,Bata Sarit Centre,Kenya,Nairobi West,Nairobi,0,460,-100.00%,0,124,-100.00%,0.00%,0.27
01/09/2026,7,Bata Sarit Centre,Kenya,Nairobi West,Nairobi,831,0,0.00%,187,0,0.00%,22.50%,0.00
02/04/2025,7,Bata Sarit Centre,Kenya,Nairobi West,Nairobi,0,462,-100.00%,0,99,-100.00%,0.00%,0.21
01/22/2026,7,Bata Sarit Centre,Kenya,Nairobi West,Nairobi,471,0,0.00%,80,0,0.00%,17.00%,0.00
02/11/2025,7,Bata Sarit Centre,Kenya,Nairobi West,Nairobi,0,432,-100.00%,0,94,-100.00%,0.00%,0.22
01/12/2026,7,Bata Sarit Centre,Kenya,Nairobi West,Nairobi,864,0,0.00%,200,0,0.00%,23.15%,0.00
02/09/2025,7,Bata Sarit Centre,Kenya,Nairobi West,Nairobi,0,751,-100.00%,0,138,-100.00%,0.00%,0.18
01/29/2026,7,Bata Sarit Centre,Kenya,Nairobi West,Nairobi,517,0,0.00%,89,0,0.00%,17.21%,0.00
01/02/2026,7,Bata Sarit Centre,Kenya,Nairobi West,Nairobi,1313,0,0.00%,279,0,0.00%,21.26%,0.00
01/15/2026,7,Bata Sarit Centre,Kenya,Nairobi West,Nairobi,567,0,0.00%,116,0,0.00%,20.48%,0.00
02/07/2025,7,Bata Sarit Centre,Kenya,Nairobi West,Nairobi,0,471,-100.00%,0,99,-100.00%,0.00%,0.21
01/30/2026,7,Bata Sarit Centre,Kenya,Nairobi West,Nairobi,605,0,0.00%,113,0,0.00%,18.68%,0.00
02/14/2025,7,Bata Sarit Centre,Kenya,Nairobi West,Nairobi,0,510,-100.00%,0,99,-100.00%,0.00%,0.19
01/18/2026,7,Bata Sarit Centre,Kenya,Nairobi West,Nairobi,860,0,0.00%,159,0,0.00%,18.49%,0.00
02/16/2025,7,Bata Sarit Centre,Kenya,Nairobi West,Nairobi,0,715,-100.00%,0,120,-100.00%,0.00%,0.17
02/19/2026,7,Bata Sarit Centre,Kenya,Nairobi West,Nairobi,432,0,0.00%,82,0,0.00%,19.00%,0.00
01/07/2026,7,Bata Sarit Centre,Kenya,Nairobi West,Nairobi,1050,0,0.00%,274,0,0.00%,26.10%,0.00
01/28/2026,7,Bata Sarit Centre,Kenya,Nairobi West,Nairobi,478,0,0.00%,103,0,0.00%,21.55%,0.00
02/10/2025,7,Bata Sarit Centre,Kenya,Nairobi West,Nairobi,0,436,-100.00%,0,101,-100.00%,0.00%,0.23
02/27/2026,7,Bata Sarit Centre,Kenya,Nairobi West,Nairobi,546,0,0.00%,131,0,0.00%,24.01%,0.00
02/27/2025,7,Bata Sarit Centre,Kenya,Nairobi West,Nairobi,0,550,-100.00%,0,95,-100.00%,0.00%,0.17
02/05/2026,7,Bata Sarit Centre,Kenya,Nairobi West,Nairobi,482,0,0.00%,104,0,0.00%,21.60%,0.00
02/17/2025,7,Bata Sarit Centre,Kenya,Nairobi West,Nairobi,0,487,-100.00%,0,88,-100.00%,0.00%,0.18
02/15/2026,7,Bata Sarit Centre,Kenya,Nairobi West,Nairobi,609,0,0.00%,106,0,0.00%,17.42%,0.00
01/17/2026,7,Bata Sarit Centre,Kenya,Nairobi West,Nairobi,781,0,0.00%,135,0,0.00%,17.30%,0.00
02/23/2026,7,Bata Sarit Centre,Kenya,Nairobi West,Nairobi,391,0,0.00%,72,0,0.00%,18.44%,0.00
02/12/2025,7,Bata Sarit Centre,Kenya,Nairobi West,Nairobi,0,462,-100.00%,0,93,-100.00%,0.00%,0.20
02/24/2026,7,Bata Sarit Centre,Kenya,Nairobi West,Nairobi,390,0,0.00%,71,0,0.00%,18.21%,0.00
01/03/2026,7,Bata Sarit Centre,Kenya,Nairobi West,Nairobi,1544,0,0.00%,340,0,0.00%,22.02%,0.00
03/01/2026,7,Bata Sarit Centre,Kenya,Nairobi West,Nairobi,888,0,0.00%,160,0,0.00%,18.03%,0.00
02/25/2025,7,Bata Sarit Centre,Kenya,Nairobi West,Nairobi,0,464,-100.00%,0,93,-100.00%,0.00%,0.20
03/06/2026,7,Bata Sarit Centre,Kenya,Nairobi West,Nairobi,525,0,0.00%,128,0,0.00%,24.38%,0.00
01/20/2026,7,Bata Sarit Centre,Kenya,Nairobi West,Nairobi,469,0,0.00%,95,0,0.00%,20.26%,0.00
02/13/2025,7,Bata Sarit Centre,Kenya,Nairobi West,Nairobi,0,509,-100.00%,0,125,-100.00%,0.00%,0.25
01/14/2026,7,Bata Sarit Centre,Kenya,Nairobi West,Nairobi,667,0,0.00%,134,0,0.00%,20.09%,0.00
03/02/2025,7,Bata Sarit Centre,Kenya,Nairobi West,Nairobi,0,952,-100.00%,0,182,-100.00%,0.00%,0.19
01/25/2026,7,Bata Sarit Centre,Kenya,Nairobi West,Nairobi,883,0,0.00%,163,0,0.00%,18.47%,0.00
03/01/2025,7,Bata Sarit Centre,Kenya,Nairobi West,Nairobi,0,820,-100.00%,0,171,-100.00%,0.00%,0.21
01/24/2026,7,Bata Sarit Centre,Kenya,Nairobi West,Nairobi,706,0,0.00%,110,0,0.00%,15.59%,0.00
01/05/2026,7,Bata Sarit Centre,Kenya,Nairobi West,Nairobi,1794,0,0.00%,436,0,0.00%,24.30%,0.00
01/26/2026,7,Bata Sarit Centre,Kenya,Nairobi West,Nairobi,424,0,0.00%,0,0,0.00%,0.00%,0.00
03/08/2025,7,Bata Sarit Centre,Kenya,Nairobi West,Nairobi,0,708,-100.00%,0,151,-100.00%,0.00%,0.21
02/01/2026,7,Bata Sarit Centre,Kenya,Nairobi West,Nairobi,857,0,0.00%,147,0,0.00%,17.16%,0.00
01/11/2026,7,Bata Sarit Centre,Kenya,Nairobi West,Nairobi,1454,0,0.00%,267,0,0.00%,18.36%,0.00
02/02/2026,7,Bata Sarit Centre,Kenya,Nairobi West,Nairobi,433,0,0.00%,77,0,0.00%,17.78%,0.00
01/10/2026,7,Bata Sarit Centre,Kenya,Nairobi West,Nairobi,1307,0,0.00%,278,0,0.00%,21.27%,0.00
02/09/2026,7,Bata Sarit Centre,Kenya,Nairobi West,Nairobi,420,0,0.00%,101,0,0.00%,24.05%,0.00
01/13/2026,7,Bata Sarit Centre,Kenya,Nairobi West,Nairobi,709,0,0.00%,160,0,0.00%,22.57%,0.00
02/10/2026,7,Bata Sarit Centre,Kenya,Nairobi West,Nairobi,489,0,0.00%,84,0,0.00%,17.18%,0.00
01/23/2026,7,Bata Sarit Centre,Kenya,Nairobi West,Nairobi,449,0,0.00%,95,0,0.00%,21.18%,0.00
02/12/2026,7,Bata Sarit Centre,Kenya,Nairobi West,Nairobi,460,0,0.00%,0,0,0.00%,0.00%,0.00
01/16/2026,7,Bata Sarit Centre,Kenya,Nairobi West,Nairobi,541,0,0.00%,108,0,0.00%,19.98%,0.00
02/16/2026,7,Bata Sarit Centre,Kenya,Nairobi West,Nairobi,394,0,0.00%,76,0,0.00%,19.29%,0.00
01/31/2026,7,Bata Sarit Centre,Kenya,Nairobi West,Nairobi,712,0,0.00%,149,0,0.00%,20.93%,0.00
02/17/2026,7,Bata Sarit Centre,Kenya,Nairobi West,Nairobi,397,0,0.00%,75,0,0.00%,18.92%,0.00
01/19/2026,7,Bata Sarit Centre,Kenya,Nairobi West,Nairobi,434,0,0.00%,98,0,0.00%,22.61%,0.00
02/21/2026,7,Bata Sarit Centre,Kenya,Nairobi West,Nairobi,616,0,0.00%,113,0,0.00%,18.36%,0.00
02/03/2026,7,Bata Sarit Centre,Kenya,Nairobi West,Nairobi,458,0,0.00%,113,0,0.00%,24.70%,0.00
02/28/2026,7,Bata Sarit Centre,Kenya,Nairobi West,Nairobi,869,0,0.00%,195,0,0.00%,22.44%,0.00
01/27/2026,7,Bata Sarit Centre,Kenya,Nairobi West,Nairobi,426,0,0.00%,83,0,0.00%,19.48%,0.00
02/26/2026,7,Bata Sarit Centre,Kenya,Nairobi West,Nairobi,453,0,0.00%,100,0,0.00%,22.10%,0.00
02/07/2026,7,Bata Sarit Centre,Kenya,Nairobi West,Nairobi,708,0,0.00%,122,0,0.00%,17.24%,0.00
03/02/2026,7,Bata Sarit Centre,Kenya,Nairobi West,Nairobi,525,0,0.00%,127,0,0.00%,24.19%,0.00
02/04/2026,7,Bata Sarit Centre,Kenya,Nairobi West,Nairobi,489,0,0.00%,101,0,0.00%,20.68%,0.00
03/03/2026,7,Bata Sarit Centre,Kenya,Nairobi West,Nairobi,519,0,0.00%,131,0,0.00%,25.24%,0.00
02/08/2026,7,Bata Sarit Centre,Kenya,Nairobi West,Nairobi,702,0,0.00%,109,0,0.00%,15.54%,0.00
03/07/2026,7,Bata Sarit Centre,Kenya,Nairobi West,Nairobi,722,0,0.00%,159,0,0.00%,22.04%,0.00
02/06/2026,7,Bata Sarit Centre,Kenya,Nairobi West,Nairobi,452,0,0.00%,94,0,0.00%,20.82%,0.00
02/13/2026,7,Bata Sarit Centre,Kenya,Nairobi West,Nairobi,498,0,0.00%,51,0,0.00%,10.24%,0.00
02/11/2026,7,Bata Sarit Centre,Kenya,Nairobi West,Nairobi,557,0,0.00%,113,0,0.00%,20.29%,0.00
02/18/2026,7,Bata Sarit Centre,Kenya,Nairobi West,Nairobi,452,0,0.00%,87,0,0.00%,19.27%,0.00
02/14/2026,7,Bata Sarit Centre,Kenya,Nairobi West,Nairobi,689,0,0.00%,143,0,0.00%,20.77%,0.00
03/04/2026,7,Bata Sarit Centre,Kenya,Nairobi West,Nairobi,511,0,0.00%,108,0,0.00%,21.16%,0.00
02/20/2026,7,Bata Sarit Centre,Kenya,Nairobi West,Nairobi,462,0,0.00%,107,0,0.00%,23.19%,0.00
03/09/2026,7,Bata Sarit Centre,Kenya,Nairobi West,Nairobi,32,0,0.00%,0,0,0.00%,0.00%,0.00
02/22/2026,7,Bata Sarit Centre,Kenya,Nairobi West,Nairobi,571,0,0.00%,111,0,0.00%,19.44%,0.00
02/25/2026,7,Bata Sarit Centre,Kenya,Nairobi West,Nairobi,472,0,0.00%,106,0,0.00%,22.48%,0.00
03/05/2026,7,Bata Sarit Centre,Kenya,Nairobi West,Nairobi,528,0,0.00%,91,0,0.00%,17.25%,0.00
03/08/2026,7,Bata Sarit Centre,Kenya,Nairobi West,Nairobi,838,0,0.00%,154,0,0.00%,18.38%,0.00
01/03/2025,84,Bata Thika One,Kenya,Nairobi West,Thika,0,817,-100.00%,0,234,-100.00%,0.00%,0.29
01/12/2025,84,Bata Thika One,Kenya,Nairobi West,Thika,0,230,-100.00%,0,46,-100.00%,0.00%,0.20
01/01/2025,84,Bata Thika One,Kenya,Nairobi West,Thika,0,190,-100.00%,0,0,0.00%,0.00%,0.00
01/02/2025,84,Bata Thika One,Kenya,Nairobi West,Thika,0,598,-100.00%,0,174,-100.00%,0.00%,0.29
01/06/2025,84,Bata Thika One,Kenya,Nairobi West,Thika,0,1143,-100.00%,0,312,-100.00%,0.00%,0.27
01/21/2025,84,Bata Thika One,Kenya,Nairobi West,Thika,0,163,-100.00%,0,45,-100.00%,0.00%,0.28
01/04/2025,84,Bata Thika One,Kenya,Nairobi West,Thika,0,972,-100.00%,0,265,-100.00%,0.00%,0.27
01/05/2025,84,Bata Thika One,Kenya,Nairobi West,Thika,0,524,-100.00%,0,124,-100.00%,0.00%,0.24
01/08/2025,84,Bata Thika One,Kenya,Nairobi West,Thika,0,566,-100.00%,0,170,-100.00%,0.00%,0.30
01/17/2025,84,Bata Thika One,Kenya,Nairobi West,Thika,0,227,-100.00%,0,54,-100.00%,0.00%,0.24
01/07/2025,84,Bata Thika One,Kenya,Nairobi West,Thika,0,741,-100.00%,0,218,-100.00%,0.00%,0.29
01/09/2025,84,Bata Thika One,Kenya,Nairobi West,Thika,0,324,-100.00%,0,88,-100.00%,0.00%,0.27
01/19/2025,84,Bata Thika One,Kenya,Nairobi West,Thika,0,89,-100.00%,0,24,-100.00%,0.00%,0.27
01/27/2025,84,Bata Thika One,Kenya,Nairobi West,Thika,0,141,-100.00%,0,0,0.00%,0.00%,0.00
01/10/2025,84,Bata Thika One,Kenya,Nairobi West,Thika,0,237,-100.00%,0,61,-100.00%,0.00%,0.26
01/11/2025,84,Bata Thika One,Kenya,Nairobi West,Thika,0,442,-100.00%,0,123,-100.00%,0.00%,0.28
01/22/2025,84,Bata Thika One,Kenya,Nairobi West,Thika,0,150,-100.00%,0,39,-100.00%,0.00%,0.26
01/26/2025,84,Bata Thika One,Kenya,Nairobi West,Thika,0,151,-100.00%,0,32,-100.00%,0.00%,0.21
01/20/2025,84,Bata Thika One,Kenya,Nairobi West,Thika,0,159,-100.00%,0,48,-100.00%,0.00%,0.30
01/15/2025,84,Bata Thika One,Kenya,Nairobi West,Thika,0,168,-100.00%,0,44,-100.00%,0.00%,0.26
01/24/2025,84,Bata Thika One,Kenya,Nairobi West,Thika,0,159,-100.00%,0,52,-100.00%,0.00%,0.33
01/29/2025,84,Bata Thika One,Kenya,Nairobi West,Thika,0,165,-100.00%,0,47,-100.00%,0.00%,0.28
01/23/2025,84,Bata Thika One,Kenya,Nairobi West,Thika,0,113,-100.00%,0,28,-100.00%,0.00%,0.25
01/13/2025,84,Bata Thika One,Kenya,Nairobi West,Thika,0,294,-100.00%,0,70,-100.00%,0.00%,0.24
02/15/2025,84,Bata Thika One,Kenya,Nairobi West,Thika,0,191,-100.00%,0,58,-100.00%,0.00%,0.30
01/28/2025,84,Bata Thika One,Kenya,Nairobi West,Thika,0,173,-100.00%,0,68,-100.00%,0.00%,0.39
01/25/2025,84,Bata Thika One,Kenya,Nairobi West,Thika,0,207,-100.00%,0,55,-100.00%,0.00%,0.27
01/18/2025,84,Bata Thika One,Kenya,Nairobi West,Thika,0,250,-100.00%,0,81,-100.00%,0.00%,0.32
02/22/2025,84,Bata Thika One,Kenya,Nairobi West,Thika,0,174,-100.00%,0,40,-100.00%,0.00%,0.23
01/30/2025,84,Bata Thika One,Kenya,Nairobi West,Thika,0,160,-100.00%,0,66,-100.00%,0.00%,0.41
02/02/2025,84,Bata Thika One,Kenya,Nairobi West,Thika,0,103,-100.00%,0,16,-100.00%,0.00%,0.16
01/14/2025,84,Bata Thika One,Kenya,Nairobi West,Thika,0,211,-100.00%,0,55,-100.00%,0.00%,0.26
03/02/2025,84,Bata Thika One,Kenya,Nairobi West,Thika,0,150,-100.00%,0,33,-100.00%,0.00%,0.22
02/03/2025,84,Bata Thika One,Kenya,Nairobi West,Thika,0,184,-100.00%,0,55,-100.00%,0.00%,0.30
02/10/2025,84,Bata Thika One,Kenya,Nairobi West,Thika,0,147,-100.00%,0,38,-100.00%,0.00%,0.26
01/31/2025,84,Bata Thika One,Kenya,Nairobi West,Thika,0,164,-100.00%,0,54,-100.00%,0.00%,0.33
03/07/2025,84,Bata Thika One,Kenya,Nairobi West,Thika,0,148,-100.00%,0,42,-100.00%,0.00%,0.28
02/07/2025,84,Bata Thika One,Kenya,Nairobi West,Thika,0,180,-100.00%,0,52,-100.00%,0.00%,0.29
02/13/2025,84,Bata Thika One,Kenya,Nairobi West,Thika,0,150,-100.00%,0,42,-100.00%,0.00%,0.28
01/16/2025,84,Bata Thika One,Kenya,Nairobi West,Thika,0,181,-100.00%,0,35,-100.00%,0.00%,0.19
03/08/2025,84,Bata Thika One,Kenya,Nairobi West,Thika,0,210,-100.00%,0,65,-100.00%,0.00%,0.31
02/05/2025,84,Bata Thika One,Kenya,Nairobi West,Thika,0,154,-100.00%,0,51,-100.00%,0.00%,0.33
02/18/2025,84,Bata Thika One,Kenya,Nairobi West,Thika,0,139,-100.00%,0,35,-100.00%,0.00%,0.25
02/11/2025,84,Bata Thika One,Kenya,Nairobi West,Thika,0,166,-100.00%,0,48,-100.00%,0.00%,0.29
01/06/2026,84,Bata Thika One,Kenya,Nairobi West,Thika,969,0,0.00%,274,0,0.00%,28.28%,0.00
02/12/2025,84,Bata Thika One,Kenya,Nairobi West,Thika,0,156,-100.00%,0,36,-100.00%,0.00%,0.23
02/21/2025,84,Bata Thika One,Kenya,Nairobi West,Thika,0,140,-100.00%,0,38,-100.00%,0.00%,0.27
02/01/2025,84,Bata Thika One,Kenya,Nairobi West,Thika,0,280,-100.00%,0,69,-100.00%,0.00%,0.25
01/11/2026,84,Bata Thika One,Kenya,Nairobi West,Thika,0,0,0.00%,91,0,0.00%,0.00%,0.00
02/08/2025,84,Bata Thika One,Kenya,Nairobi West,Thika,0,213,-100.00%,0,65,-100.00%,0.00%,0.31
03/04/2025,84,Bata Thika One,Kenya,Nairobi West,Thika,0,304,-100.00%,0,92,-100.00%,0.00%,0.30
02/24/2025,84,Bata Thika One,Kenya,Nairobi West,Thika,0,147,-100.00%,0,43,-100.00%,0.00%,0.29
01/25/2026,84,Bata Thika One,Kenya,Nairobi West,Thika,100,0,0.00%,19,0,0.00%,19.00%,0.00
02/14/2025,84,Bata Thika One,Kenya,Nairobi West,Thika,0,141,-100.00%,0,29,-100.00%,0.00%,0.21
01/02/2026,84,Bata Thika One,Kenya,Nairobi West,Thika,877,0,0.00%,204,0,0.00%,23.27%,0.00
02/04/2025,84,Bata Thika One,Kenya,Nairobi West,Thika,0,180,-100.00%,0,45,-100.00%,0.00%,0.25
02/02/2026,84,Bata Thika One,Kenya,Nairobi West,Thika,165,0,0.00%,54,0,0.00%,32.73%,0.00
02/16/2025,84,Bata Thika One,Kenya,Nairobi West,Thika,0,87,-100.00%,0,22,-100.00%,0.00%,0.25
01/05/2026,84,Bata Thika One,Kenya,Nairobi West,Thika,1163,0,0.00%,306,0,0.00%,26.32%,0.00
03/03/2025,84,Bata Thika One,Kenya,Nairobi West,Thika,0,360,-100.00%,0,92,-100.00%,0.00%,0.26
02/09/2026,84,Bata Thika One,Kenya,Nairobi West,Thika,180,0,0.00%,32,0,0.00%,17.83%,0.00
02/20/2025,84,Bata Thika One,Kenya,Nairobi West,Thika,0,142,-100.00%,0,35,-100.00%,0.00%,0.25
01/07/2026,84,Bata Thika One,Kenya,Nairobi West,Thika,906,0,0.00%,224,0,0.00%,24.74%,0.00
02/06/2025,84,Bata Thika One,Kenya,Nairobi West,Thika,0,203,-100.00%,0,57,-100.00%,0.00%,0.28
02/15/2026,84,Bata Thika One,Kenya,Nairobi West,Thika,87,0,0.00%,14,0,0.00%,16.09%,0.00
02/23/2025,84,Bata Thika One,Kenya,Nairobi West,Thika,0,104,-100.00%,0,15,-100.00%,0.00%,0.14
01/13/2026,84,Bata Thika One,Kenya,Nairobi West,Thika,460,0,0.00%,101,0,0.00%,21.98%,0.00
01/10/2026,84,Bata Thika One,Kenya,Nairobi West,Thika,0,0,0.00%,250,0,0.00%,0.00%,0.00
02/26/2026,84,Bata Thika One,Kenya,Nairobi West,Thika,184,0,0.00%,32,0,0.00%,17.44%,0.00
02/25/2025,84,Bata Thika One,Kenya,Nairobi West,Thika,0,138,-100.00%,0,27,-100.00%,0.00%,0.20
01/29/2026,84,Bata Thika One,Kenya,Nairobi West,Thika,196,0,0.00%,40,0,0.00%,20.41%,0.00
02/09/2025,84,Bata Thika One,Kenya,Nairobi West,Thika,0,115,-100.00%,0,27,-100.00%,0.00%,0.23
03/03/2026,84,Bata Thika One,Kenya,Nairobi West,Thika,305,0,0.00%,91,0,0.00%,29.89%,0.00
02/26/2025,84,Bata Thika One,Kenya,Nairobi West,Thika,0,188,-100.00%,0,47,-100.00%,0.00%,0.25
02/03/2026,84,Bata Thika One,Kenya,Nairobi West,Thika,161,0,0.00%,37,0,0.00%,22.98%,0.00
01/15/2026,84,Bata Thika One,Kenya,Nairobi West,Thika,325,0,0.00%,81,0,0.00%,24.92%,0.00
02/06/2026,84,Bata Thika One,Kenya,Nairobi West,Thika,132,0,0.00%,29,0,0.00%,21.97%,0.00
03/05/2025,84,Bata Thika One,Kenya,Nairobi West,Thika,0,208,-100.00%,0,51,-100.00%,0.00%,0.25
02/19/2026,84,Bata Thika One,Kenya,Nairobi West,Thika,132,0,0.00%,29,0,0.00%,22.05%,0.00
02/17/2025,84,Bata Thika One,Kenya,Nairobi West,Thika,0,145,-100.00%,0,38,-100.00%,0.00%,0.26
03/01/2026,84,Bata Thika One,Kenya,Nairobi West,Thika,170,0,0.00%,40,0,0.00%,23.53%,0.00
03/01/2025,84,Bata Thika One,Kenya,Nairobi West,Thika,0,83,-100.00%,0,92,-100.00%,0.00%,1.11
03/04/2026,84,Bata Thika One,Kenya,Nairobi West,Thika,239,0,0.00%,60,0,0.00%,25.16%,0.00
01/21/2026,84,Bata Thika One,Kenya,Nairobi West,Thika,157,0,0.00%,33,0,0.00%,21.02%,0.00
03/09/2026,84,Bata Thika One,Kenya,Nairobi West,Thika,8,0,0.00%,0,0,0.00%,0.00%,0.00
01/03/2026,84,Bata Thika One,Kenya,Nairobi West,Thika,910,0,0.00%,228,0,0.00%,25.05%,0.00
02/19/2025,84,Bata Thika One,Kenya,Nairobi West,Thika,0,125,-100.00%,0,46,-100.00%,0.00%,0.37
03/06/2025,84,Bata Thika One,Kenya,Nairobi West,Thika,0,178,-100.00%,0,52,-100.00%,0.00%,0.29
01/28/2026,84,Bata Thika One,Kenya,Nairobi West,Thika,175,0,0.00%,39,0,0.00%,22.35%,0.00
01/04/2026,84,Bata Thika One,Kenya,Nairobi West,Thika,502,0,0.00%,113,0,0.00%,22.53%,0.00
02/27/2025,84,Bata Thika One,Kenya,Nairobi West,Thika,0,177,-100.00%,0,53,-100.00%,0.00%,0.30
03/09/2025,84,Bata Thika One,Kenya,Nairobi West,Thika,0,119,-100.00%,0,22,-100.00%,0.00%,0.18
01/31/2026,84,Bata Thika One,Kenya,Nairobi West,Thika,203,0,0.00%,42,0,0.00%,20.74%,0.00
01/17/2026,84,Bata Thika One,Kenya,Nairobi West,Thika,286,0,0.00%,53,0,0.00%,18.56%,0.00
02/28/2025,84,Bata Thika One,Kenya,Nairobi West,Thika,0,0,0.00%,0,82,-100.00%,0.00%,0.00
01/08/2026,84,Bata Thika One,Kenya,Nairobi West,Thika,771,0,0.00%,192,0,0.00%,24.90%,0.00
02/05/2026,84,Bata Thika One,Kenya,Nairobi West,Thika,152,0,0.00%,40,0,0.00%,26.32%,0.00
01/19/2026,84,Bata Thika One,Kenya,Nairobi West,Thika,243,0,0.00%,57,0,0.00%,23.51%,0.00
01/01/2026,84,Bata Thika One,Kenya,Nairobi West,Thika,216,0,0.00%,0,0,0.00%,0.00%,0.00
01/16/2026,84,Bata Thika One,Kenya,Nairobi West,Thika,254,0,0.00%,58,0,0.00%,22.83%,0.00
02/08/2026,84,Bata Thika One,Kenya,Nairobi West,Thika,113,0,0.00%,15,0,0.00%,13.27%,0.00
01/20/2026,84,Bata Thika One,Kenya,Nairobi West,Thika,164,0,0.00%,43,0,0.00%,26.22%,0.00
01/09/2026,84,Bata Thika One,Kenya,Nairobi West,Thika,260,0,0.00%,216,0,0.00%,83.08%,0.00
01/18/2026,84,Bata Thika One,Kenya,Nairobi West,Thika,123,0,0.00%,22,0,0.00%,17.96%,0.00
02/14/2026,84,Bata Thika One,Kenya,Nairobi West,Thika,177,0,0.00%,34,0,0.00%,19.21%,0.00
01/22/2026,84,Bata Thika One,Kenya,Nairobi West,Thika,164,0,0.00%,46,0,0.00%,28.13%,0.00
01/12/2026,84,Bata Thika One,Kenya,Nairobi West,Thika,237,0,0.00%,188,0,0.00%,79.32%,0.00
01/23/2026,84,Bata Thika One,Kenya,Nairobi West,Thika,145,0,0.00%,26,0,0.00%,17.93%,0.00
02/22/2026,84,Bata Thika One,Kenya,Nairobi West,Thika,34,0,0.00%,11,0,0.00%,32.84%,0.00
01/24/2026,84,Bata Thika One,Kenya,Nairobi West,Thika,213,0,0.00%,46,0,0.00%,21.65%,0.00
01/14/2026,84,Bata Thika One,Kenya,Nairobi West,Thika,393,0,0.00%,80,0,0.00%,20.36%,0.00
01/26/2026,84,Bata Thika One,Kenya,Nairobi West,Thika,149,0,0.00%,0,0,0.00%,0.00%,0.00
02/24/2026,84,Bata Thika One,Kenya,Nairobi West,Thika,156,0,0.00%,45,0,0.00%,28.94%,0.00
01/27/2026,84,Bata Thika One,Kenya,Nairobi West,Thika,149,0,0.00%,25,0,0.00%,16.84%,0.00
01/30/2026,84,Bata Thika One,Kenya,Nairobi West,Thika,146,0,0.00%,29,0,0.00%,19.86%,0.00
02/11/2026,84,Bata Thika One,Kenya,Nairobi West,Thika,118,0,0.00%,37,0,0.00%,31.36%,0.00
02/27/2026,84,Bata Thika One,Kenya,Nairobi West,Thika,211,0,0.00%,48,0,0.00%,22.75%,0.00
02/04/2026,84,Bata Thika One,Kenya,Nairobi West,Thika,127,0,0.00%,25,0,0.00%,19.69%,0.00
02/01/2026,84,Bata Thika One,Kenya,Nairobi West,Thika,93,0,0.00%,22,0,0.00%,23.78%,0.00
02/13/2026,84,Bata Thika One,Kenya,Nairobi West,Thika,143,0,0.00%,30,0,0.00%,21.05%,0.00
03/02/2026,84,Bata Thika One,Kenya,Nairobi West,Thika,358,0,0.00%,107,0,0.00%,29.93%,0.00
02/12/2026,84,Bata Thika One,Kenya,Nairobi West,Thika,151,0,0.00%,33,0,0.00%,21.93%,0.00
02/07/2026,84,Bata Thika One,Kenya,Nairobi West,Thika,205,0,0.00%,54,0,0.00%,26.34%,0.00
02/16/2026,84,Bata Thika One,Kenya,Nairobi West,Thika,134,0,0.00%,26,0,0.00%,19.40%,0.00
02/10/2026,84,Bata Thika One,Kenya,Nairobi West,Thika,152,0,0.00%,26,0,0.00%,17.16%,0.00
02/17/2026,84,Bata Thika One,Kenya,Nairobi West,Thika,110,0,0.00%,18,0,0.00%,16.36%,0.00
02/20/2026,84,Bata Thika One,Kenya,Nairobi West,Thika,109,0,0.00%,17,0,0.00%,15.60%,0.00
02/21/2026,84,Bata Thika One,Kenya,Nairobi West,Thika,128,0,0.00%,32,0,0.00%,25.00%,0.00
02/23/2026,84,Bata Thika One,Kenya,Nairobi West,Thika,105,0,0.00%,19,0,0.00%,18.10%,0.00
02/18/2026,84,Bata Thika One,Kenya,Nairobi West,Thika,111,0,0.00%,26,0,0.00%,23.42%,0.00
02/28/2026,84,Bata Thika One,Kenya,Nairobi West,Thika,265,0,0.00%,80,0,0.00%,30.19%,0.00
03/07/2026,84,Bata Thika One,Kenya,Nairobi West,Thika,153,0,0.00%,46,0,0.00%,30.16%,0.00
03/08/2026,84,Bata Thika One,Kenya,Nairobi West,Thika,117,0,0.00%,22,0,0.00%,18.80%,0.00
02/25/2026,84,Bata Thika One,Kenya,Nairobi West,Thika,175,0,0.00%,54,0,0.00%,30.86%,0.00
03/05/2026,84,Bata Thika One,Kenya,Nairobi West,Thika,143,0,0.00%,41,0,0.00%,28.77%,0.00
03/06/2026,84,Bata Thika One,Kenya,Nairobi West,Thika,163,0,0.00%,48,0,0.00%,29.45%,0.00
01/02/2025,49,Bata Thika Road Mall,Kenya,Nairobi East,Nairobi,0,403,-100.00%,0,354,-100.00%,0.00%,0.88
01/01/2025,49,Bata Thika Road Mall,Kenya,Nairobi East,Nairobi,0,249,-100.00%,0,0,0.00%,0.00%,0.00
01/06/2025,49,Bata Thika Road Mall,Kenya,Nairobi East,Nairobi,0,955,-100.00%,0,678,-100.00%,0.00%,0.71
01/12/2025,49,Bata Thika Road Mall,Kenya,Nairobi East,Nairobi,0,473,-100.00%,0,303,-100.00%,0.00%,0.64
01/03/2025,49,Bata Thika Road Mall,Kenya,Nairobi East,Nairobi,0,494,-100.00%,0,461,-100.00%,0.00%,0.93
01/05/2025,49,Bata Thika Road Mall,Kenya,Nairobi East,Nairobi,0,976,-100.00%,0,517,-100.00%,0.00%,0.53
01/07/2025,49,Bata Thika Road Mall,Kenya,Nairobi East,Nairobi,0,679,-100.00%,0,590,-100.00%,0.00%,0.87
01/13/2025,49,Bata Thika Road Mall,Kenya,Nairobi East,Nairobi,0,172,-100.00%,0,161,-100.00%,0.00%,0.94
01/11/2025,49,Bata Thika Road Mall,Kenya,Nairobi East,Nairobi,0,312,-100.00%,0,295,-100.00%,0.00%,0.95
01/04/2025,49,Bata Thika Road Mall,Kenya,Nairobi East,Nairobi,0,752,-100.00%,0,512,-100.00%,0.00%,0.68
01/22/2025,49,Bata Thika Road Mall,Kenya,Nairobi East,Nairobi,0,124,-100.00%,0,131,-100.00%,0.00%,1.06
01/14/2025,49,Bata Thika Road Mall,Kenya,Nairobi East,Nairobi,0,147,-100.00%,0,171,-100.00%,0.00%,1.16
01/16/2025,49,Bata Thika Road Mall,Kenya,Nairobi East,Nairobi,0,118,-100.00%,0,106,-100.00%,0.00%,0.90
01/08/2025,49,Bata Thika Road Mall,Kenya,Nairobi East,Nairobi,0,335,-100.00%,0,333,-100.00%,0.00%,0.99
01/25/2025,49,Bata Thika Road Mall,Kenya,Nairobi East,Nairobi,0,155,-100.00%,0,140,-100.00%,0.00%,0.90
01/18/2025,49,Bata Thika Road Mall,Kenya,Nairobi East,Nairobi,0,224,-100.00%,0,160,-100.00%,0.00%,0.71
01/21/2025,49,Bata Thika Road Mall,Kenya,Nairobi East,Nairobi,0,141,-100.00%,0,110,-100.00%,0.00%,0.78
01/09/2025,49,Bata Thika Road Mall,Kenya,Nairobi East,Nairobi,0,197,-100.00%,0,185,-100.00%,0.00%,0.94
02/13/2025,49,Bata Thika Road Mall,Kenya,Nairobi East,Nairobi,0,306,-100.00%,0,95,-100.00%,0.00%,0.31
01/27/2025,49,Bata Thika Road Mall,Kenya,Nairobi East,Nairobi,0,108,-100.00%,0,0,0.00%,0.00%,0.00
01/24/2025,49,Bata Thika Road Mall,Kenya,Nairobi East,Nairobi,0,148,-100.00%,0,82,-100.00%,0.00%,0.55
01/10/2025,49,Bata Thika Road Mall,Kenya,Nairobi East,Nairobi,0,191,-100.00%,0,161,-100.00%,0.00%,0.84
02/23/2025,49,Bata Thika Road Mall,Kenya,Nairobi East,Nairobi,0,448,-100.00%,0,74,-100.00%,0.00%,0.17
01/19/2025,49,Bata Thika Road Mall,Kenya,Nairobi East,Nairobi,0,264,-100.00%,0,196,-100.00%,0.00%,0.74
01/31/2025,49,Bata Thika Road Mall,Kenya,Nairobi East,Nairobi,0,121,-100.00%,0,71,-100.00%,0.00%,0.59
01/15/2025,49,Bata Thika Road Mall,Kenya,Nairobi East,Nairobi,0,122,-100.00%,0,120,-100.00%,0.00%,0.98
03/03/2025,49,Bata Thika Road Mall,Kenya,Nairobi East,Nairobi,0,552,-100.00%,0,173,-100.00%,0.00%,0.31
01/30/2025,49,Bata Thika Road Mall,Kenya,Nairobi East,Nairobi,0,124,-100.00%,0,81,-100.00%,0.00%,0.65
02/03/2025,49,Bata Thika Road Mall,Kenya,Nairobi East,Nairobi,0,295,-100.00%,0,80,-100.00%,0.00%,0.27
01/26/2025,49,Bata Thika Road Mall,Kenya,Nairobi East,Nairobi,0,210,-100.00%,0,128,-100.00%,0.00%,0.61
03/06/2025,49,Bata Thika Road Mall,Kenya,Nairobi East,Nairobi,0,261,-100.00%,0,66,-100.00%,0.00%,0.25
01/23/2025,49,Bata Thika Road Mall,Kenya,Nairobi East,Nairobi,0,91,-100.00%,0,72,-100.00%,0.00%,0.79
02/09/2025,49,Bata Thika Road Mall,Kenya,Nairobi East,Nairobi,0,429,-100.00%,0,97,-100.00%,0.00%,0.23
01/17/2025,49,Bata Thika Road Mall,Kenya,Nairobi East,Nairobi,0,127,-100.00%,0,100,-100.00%,0.00%,0.79
01/07/2026,49,Bata Thika Road Mall,Kenya,Nairobi East,Nairobi,1349,0,0.00%,340,0,0.00%,25.20%,0.00
02/02/2025,49,Bata Thika Road Mall,Kenya,Nairobi East,Nairobi,0,642,-100.00%,0,143,-100.00%,0.00%,0.22
02/17/2025,49,Bata Thika Road Mall,Kenya,Nairobi East,Nairobi,0,263,-100.00%,0,57,-100.00%,0.00%,0.22
02/01/2025,49,Bata Thika Road Mall,Kenya,Nairobi East,Nairobi,0,530,-100.00%,0,127,-100.00%,0.00%,0.24
01/17/2026,49,Bata Thika Road Mall,Kenya,Nairobi East,Nairobi,563,0,0.00%,132,0,0.00%,23.45%,0.00
01/29/2025,49,Bata Thika Road Mall,Kenya,Nairobi East,Nairobi,0,96,-100.00%,0,182,-100.00%,0.00%,1.90
02/24/2025,49,Bata Thika Road Mall,Kenya,Nairobi East,Nairobi,0,215,-100.00%,0,50,-100.00%,0.00%,0.23
01/20/2025,49,Bata Thika Road Mall,Kenya,Nairobi East,Nairobi,0,118,-100.00%,0,107,-100.00%,0.00%,0.91
01/18/2026,49,Bata Thika Road Mall,Kenya,Nairobi East,Nairobi,650,0,0.00%,137,0,0.00%,21.08%,0.00
02/04/2025,49,Bata Thika Road Mall,Kenya,Nairobi East,Nairobi,0,276,-100.00%,0,68,-100.00%,0.00%,0.25
02/25/2025,49,Bata Thika Road Mall,Kenya,Nairobi East,Nairobi,0,240,-100.00%,0,53,-100.00%,0.00%,0.22
02/06/2025,49,Bata Thika Road Mall,Kenya,Nairobi East,Nairobi,0,282,-100.00%,0,89,-100.00%,0.00%,0.32
01/20/2026,49,Bata Thika Road Mall,Kenya,Nairobi East,Nairobi,293,0,0.00%,0,0,0.00%,0.00%,0.00
02/08/2025,49,Bata Thika Road Mall,Kenya,Nairobi East,Nairobi,0,409,-100.00%,0,111,-100.00%,0.00%,0.27
03/04/2025,49,Bata Thika Road Mall,Kenya,Nairobi East,Nairobi,0,430,-100.00%,0,131,-100.00%,0.00%,0.30
01/28/2025,49,Bata Thika Road Mall,Kenya,Nairobi East,Nairobi,0,96,-100.00%,0,105,-100.00%,0.00%,1.09
02/08/2026,49,Bata Thika Road Mall,Kenya,Nairobi East,Nairobi,527,0,0.00%,115,0,0.00%,21.82%,0.00
02/07/2025,49,Bata Thika Road Mall,Kenya,Nairobi East,Nairobi,0,305,-100.00%,0,75,-100.00%,0.00%,0.25
03/05/2025,49,Bata Thika Road Mall,Kenya,Nairobi East,Nairobi,0,336,-100.00%,0,105,-100.00%,0.00%,0.31
02/14/2025,49,Bata Thika Road Mall,Kenya,Nairobi East,Nairobi,0,385,-100.00%,0,91,-100.00%,0.00%,0.24
02/10/2026,49,Bata Thika Road Mall,Kenya,Nairobi East,Nairobi,242,0,0.00%,71,0,0.00%,29.40%,0.00
02/11/2025,49,Bata Thika Road Mall,Kenya,Nairobi East,Nairobi,0,298,-100.00%,0,90,-100.00%,0.00%,0.30
01/06/2026,49,Bata Thika Road Mall,Kenya,Nairobi East,Nairobi,2182,0,0.00%,546,0,0.00%,25.02%,0.00
02/05/2025,49,Bata Thika Road Mall,Kenya,Nairobi East,Nairobi,0,264,-100.00%,0,78,-100.00%,0.00%,0.30
02/18/2026,49,Bata Thika Road Mall,Kenya,Nairobi East,Nairobi,236,0,0.00%,72,0,0.00%,30.51%,0.00
02/15/2025,49,Bata Thika Road Mall,Kenya,Nairobi East,Nairobi,0,406,-100.00%,0,94,-100.00%,0.00%,0.23
01/11/2026,49,Bata Thika Road Mall,Kenya,Nairobi East,Nairobi,0,0,0.00%,434,0,0.00%,0.00%,0.00
02/16/2025,49,Bata Thika Road Mall,Kenya,Nairobi East,Nairobi,0,417,-100.00%,0,104,-100.00%,0.00%,0.25
03/01/2026,49,Bata Thika Road Mall,Kenya,Nairobi East,Nairobi,370,0,0.00%,199,0,0.00%,53.86%,0.00
02/22/2025,49,Bata Thika Road Mall,Kenya,Nairobi East,Nairobi,0,331,-100.00%,0,84,-100.00%,0.00%,0.25
01/14/2026,49,Bata Thika Road Mall,Kenya,Nairobi East,Nairobi,645,0,0.00%,182,0,0.00%,28.22%,0.00
02/10/2025,49,Bata Thika Road Mall,Kenya,Nairobi East,Nairobi,0,269,-100.00%,0,71,-100.00%,0.00%,0.26
01/16/2026,49,Bata Thika Road Mall,Kenya,Nairobi East,Nairobi,399,0,0.00%,87,0,0.00%,21.83%,0.00
02/18/2025,49,Bata Thika Road Mall,Kenya,Nairobi East,Nairobi,0,251,-100.00%,0,59,-100.00%,0.00%,0.24
01/22/2026,49,Bata Thika Road Mall,Kenya,Nairobi East,Nairobi,251,0,0.00%,65,0,0.00%,25.95%,0.00
02/19/2025,49,Bata Thika Road Mall,Kenya,Nairobi East,Nairobi,0,208,-100.00%,0,46,-100.00%,0.00%,0.22
01/30/2026,49,Bata Thika Road Mall,Kenya,Nairobi East,Nairobi,289,0,0.00%,63,0,0.00%,21.84%,0.00
01/05/2026,49,Bata Thika Road Mall,Kenya,Nairobi East,Nairobi,2579,0,0.00%,551,0,0.00%,21.37%,0.00
02/01/2026,49,Bata Thika Road Mall,Kenya,Nairobi East,Nairobi,604,0,0.00%,134,0,0.00%,22.20%,0.00
02/12/2025,49,Bata Thika Road Mall,Kenya,Nairobi East,Nairobi,0,261,-100.00%,0,72,-100.00%,0.00%,0.28
02/12/2026,49,Bata Thika Road Mall,Kenya,Nairobi East,Nairobi,295,0,0.00%,81,0,0.00%,27.50%,0.00
02/21/2025,49,Bata Thika Road Mall,Kenya,Nairobi East,Nairobi,0,227,-100.00%,0,53,-100.00%,0.00%,0.23
02/20/2026,49,Bata Thika Road Mall,Kenya,Nairobi East,Nairobi,104,0,0.00%,56,0,0.00%,53.85%,0.00
02/27/2025,49,Bata Thika Road Mall,Kenya,Nairobi East,Nairobi,0,338,-100.00%,0,74,-100.00%,0.00%,0.22
02/22/2026,49,Bata Thika Road Mall,Kenya,Nairobi East,Nairobi,406,0,0.00%,88,0,0.00%,21.70%,0.00
01/19/2026,49,Bata Thika Road Mall,Kenya,Nairobi East,Nairobi,353,0,0.00%,100,0,0.00%,28.37%,0.00
02/25/2026,49,Bata Thika Road Mall,Kenya,Nairobi East,Nairobi,271,0,0.00%,75,0,0.00%,27.68%,0.00
02/20/2025,49,Bata Thika Road Mall,Kenya,Nairobi East,Nairobi,0,245,-100.00%,0,62,-100.00%,0.00%,0.25
03/07/2026,49,Bata Thika Road Mall,Kenya,Nairobi East,Nairobi,157,0,0.00%,109,0,0.00%,69.43%,0.00
03/09/2025,49,Bata Thika Road Mall,Kenya,Nairobi East,Nairobi,0,82,-100.00%,0,63,-100.00%,0.00%,0.77
03/02/2025,49,Bata Thika Road Mall,Kenya,Nairobi East,Nairobi,0,755,-100.00%,0,176,-100.00%,0.00%,0.23
01/21/2026,49,Bata Thika Road Mall,Kenya,Nairobi East,Nairobi,360,0,0.00%,159,0,0.00%,44.23%,0.00
02/26/2025,49,Bata Thika Road Mall,Kenya,Nairobi East,Nairobi,0,272,-100.00%,0,54,-100.00%,0.00%,0.20
01/01/2026,49,Bata Thika Road Mall,Kenya,Nairobi East,Nairobi,771,0,0.00%,0,0,0.00%,0.00%,0.00
03/07/2025,49,Bata Thika Road Mall,Kenya,Nairobi East,Nairobi,0,284,-100.00%,0,75,-100.00%,0.00%,0.26
01/24/2026,49,Bata Thika Road Mall,Kenya,Nairobi East,Nairobi,499,0,0.00%,121,0,0.00%,24.27%,0.00
02/28/2025,49,Bata Thika Road Mall,Kenya,Nairobi East,Nairobi,0,353,-100.00%,0,95,-100.00%,0.00%,0.27
01/04/2026,49,Bata Thika Road Mall,Kenya,Nairobi East,Nairobi,2294,0,0.00%,440,0,0.00%,19.18%,0.00
01/03/2026,49,Bata Thika Road Mall,Kenya,Nairobi East,Nairobi,1664,0,0.00%,421,0,0.00%,25.31%,0.00
01/29/2026,49,Bata Thika Road Mall,Kenya,Nairobi East,Nairobi,286,0,0.00%,75,0,0.00%,26.27%,0.00
03/01/2025,49,Bata Thika Road Mall,Kenya,Nairobi East,Nairobi,0,579,-100.00%,0,148,-100.00%,0.00%,0.26
01/10/2026,49,Bata Thika Road Mall,Kenya,Nairobi East,Nairobi,0,0,0.00%,406,0,0.00%,0.00%,0.00
01/08/2026,49,Bata Thika Road Mall,Kenya,Nairobi East,Nairobi,995,0,0.00%,305,0,0.00%,30.67%,0.00
02/04/2026,49,Bata Thika Road Mall,Kenya,Nairobi East,Nairobi,279,0,0.00%,80,0,0.00%,28.73%,0.00
03/08/2025,49,Bata Thika Road Mall,Kenya,Nairobi East,Nairobi,0,339,-100.00%,0,96,-100.00%,0.00%,0.28
01/26/2026,49,Bata Thika Road Mall,Kenya,Nairobi East,Nairobi,309,0,0.00%,0,0,0.00%,0.00%,0.00
01/13/2026,49,Bata Thika Road Mall,Kenya,Nairobi East,Nairobi,756,0,0.00%,207,0,0.00%,27.38%,0.00
02/06/2026,49,Bata Thika Road Mall,Kenya,Nairobi East,Nairobi,305,0,0.00%,89,0,0.00%,29.18%,0.00
01/02/2026,49,Bata Thika Road Mall,Kenya,Nairobi East,Nairobi,1441,0,0.00%,401,0,0.00%,27.83%,0.00
01/31/2026,49,Bata Thika Road Mall,Kenya,Nairobi East,Nairobi,393,0,0.00%,130,0,0.00%,33.08%,0.00
01/27/2026,49,Bata Thika Road Mall,Kenya,Nairobi East,Nairobi,291,0,0.00%,105,0,0.00%,36.08%,0.00
02/14/2026,49,Bata Thika Road Mall,Kenya,Nairobi East,Nairobi,465,0,0.00%,109,0,0.00%,23.47%,0.00
01/09/2026,49,Bata Thika Road Mall,Kenya,Nairobi East,Nairobi,0,0,0.00%,260,0,0.00%,0.00%,0.00
02/03/2026,49,Bata Thika Road Mall,Kenya,Nairobi East,Nairobi,253,0,0.00%,72,0,0.00%,28.51%,0.00
02/07/2026,49,Bata Thika Road Mall,Kenya,Nairobi East,Nairobi,461,0,0.00%,103,0,0.00%,22.34%,0.00
02/15/2026,49,Bata Thika Road Mall,Kenya,Nairobi East,Nairobi,493,0,0.00%,99,0,0.00%,20.10%,0.00
01/12/2026,49,Bata Thika Road Mall,Kenya,Nairobi East,Nairobi,633,0,0.00%,280,0,0.00%,44.27%,0.00
02/13/2026,49,Bata Thika Road Mall,Kenya,Nairobi East,Nairobi,334,0,0.00%,85,0,0.00%,25.45%,0.00
02/09/2026,49,Bata Thika Road Mall,Kenya,Nairobi East,Nairobi,268,0,0.00%,59,0,0.00%,22.01%,0.00
02/19/2026,49,Bata Thika Road Mall,Kenya,Nairobi East,Nairobi,259,0,0.00%,52,0,0.00%,20.12%,0.00
01/15/2026,49,Bata Thika Road Mall,Kenya,Nairobi East,Nairobi,538,0,0.00%,139,0,0.00%,25.84%,0.00
02/16/2026,49,Bata Thika Road Mall,Kenya,Nairobi East,Nairobi,250,0,0.00%,66,0,0.00%,26.45%,0.00
02/17/2026,49,Bata Thika Road Mall,Kenya,Nairobi East,Nairobi,253,0,0.00%,63,0,0.00%,24.95%,0.00
02/21/2026,49,Bata Thika Road Mall,Kenya,Nairobi East,Nairobi,148,0,0.00%,76,0,0.00%,51.53%,0.00
01/23/2026,49,Bata Thika Road Mall,Kenya,Nairobi East,Nairobi,286,0,0.00%,74,0,0.00%,25.92%,0.00
03/04/2026,49,Bata Thika Road Mall,Kenya,Nairobi East,Nairobi,319,0,0.00%,99,0,0.00%,31.03%,0.00
02/27/2026,49,Bata Thika Road Mall,Kenya,Nairobi East,Nairobi,181,0,0.00%,113,0,0.00%,62.43%,0.00
03/06/2026,49,Bata Thika Road Mall,Kenya,Nairobi East,Nairobi,312,0,0.00%,81,0,0.00%,26.00%,0.00
01/25/2026,49,Bata Thika Road Mall,Kenya,Nairobi East,Nairobi,531,0,0.00%,106,0,0.00%,19.98%,0.00
03/09/2026,49,Bata Thika Road Mall,Kenya,Nairobi East,Nairobi,3,0,0.00%,0,0,0.00%,0.00%,0.00
02/28/2026,49,Bata Thika Road Mall,Kenya,Nairobi East,Nairobi,290,0,0.00%,193,0,0.00%,66.67%,0.00
01/28/2026,49,Bata Thika Road Mall,Kenya,Nairobi East,Nairobi,257,0,0.00%,64,0,0.00%,24.95%,0.00
03/02/2026,49,Bata Thika Road Mall,Kenya,Nairobi East,Nairobi,527,0,0.00%,193,0,0.00%,36.66%,0.00
02/02/2026,49,Bata Thika Road Mall,Kenya,Nairobi East,Nairobi,349,0,0.00%,106,0,0.00%,30.37%,0.00
03/05/2026,49,Bata Thika Road Mall,Kenya,Nairobi East,Nairobi,79,0,0.00%,64,0,0.00%,81.01%,0.00
02/05/2026,49,Bata Thika Road Mall,Kenya,Nairobi East,Nairobi,265,0,0.00%,77,0,0.00%,29.11%,0.00
03/08/2026,49,Bata Thika Road Mall,Kenya,Nairobi East,Nairobi,243,0,0.00%,124,0,0.00%,51.03%,0.00
02/11/2026,49,Bata Thika Road Mall,Kenya,Nairobi East,Nairobi,231,0,0.00%,63,0,0.00%,27.27%,0.00
02/23/2026,49,Bata Thika Road Mall,Kenya,Nairobi East,Nairobi,215,0,0.00%,46,0,0.00%,21.40%,0.00
02/24/2026,49,Bata Thika Road Mall,Kenya,Nairobi East,Nairobi,234,0,0.00%,52,0,0.00%,22.27%,0.00
02/26/2026,49,Bata Thika Road Mall,Kenya,Nairobi East,Nairobi,119,0,0.00%,87,0,0.00%,73.11%,0.00
03/03/2026,49,Bata Thika Road Mall,Kenya,Nairobi East,Nairobi,131,0,0.00%,120,0,0.00%,91.95%,0.00
01/24/2025,46,Bata Tom Mboya Mega,Kenya,Nairobi East,Nairobi,0,627,-100.00%,0,213,-100.00%,0.00%,0.34
01/02/2025,46,Bata Tom Mboya Mega,Kenya,Nairobi East,Nairobi,0,1430,-100.00%,0,461,-100.00%,0.00%,0.32
01/04/2025,46,Bata Tom Mboya Mega,Kenya,Nairobi East,Nairobi,0,2089,-100.00%,0,654,-100.00%,0.00%,0.31
01/01/2025,46,Bata Tom Mboya Mega,Kenya,Nairobi East,Nairobi,0,369,-100.00%,0,84,-100.00%,0.00%,0.23
02/01/2025,46,Bata Tom Mboya Mega,Kenya,Nairobi East,Nairobi,0,954,-100.00%,0,285,-100.00%,0.00%,0.30
01/03/2025,46,Bata Tom Mboya Mega,Kenya,Nairobi East,Nairobi,0,1847,-100.00%,0,634,-100.00%,0.00%,0.34
01/17/2025,46,Bata Tom Mboya Mega,Kenya,Nairobi East,Nairobi,0,670,-100.00%,0,236,-100.00%,0.00%,0.35
01/06/2025,46,Bata Tom Mboya Mega,Kenya,Nairobi East,Nairobi,0,2184,-100.00%,0,783,-100.00%,0.00%,0.36
02/03/2025,46,Bata Tom Mboya Mega,Kenya,Nairobi East,Nairobi,0,602,-100.00%,0,178,-100.00%,0.00%,0.30
01/09/2025,46,Bata Tom Mboya Mega,Kenya,Nairobi East,Nairobi,0,878,-100.00%,0,413,-100.00%,0.00%,0.47
01/18/2025,46,Bata Tom Mboya Mega,Kenya,Nairobi East,Nairobi,0,923,-100.00%,0,329,-100.00%,0.00%,0.36
01/07/2025,46,Bata Tom Mboya Mega,Kenya,Nairobi East,Nairobi,0,1947,-100.00%,0,728,-100.00%,0.00%,0.37
02/06/2025,46,Bata Tom Mboya Mega,Kenya,Nairobi East,Nairobi,0,594,-100.00%,0,179,-100.00%,0.00%,0.30
01/05/2025,46,Bata Tom Mboya Mega,Kenya,Nairobi East,Nairobi,0,1154,-100.00%,0,337,-100.00%,0.00%,0.29
01/25/2025,46,Bata Tom Mboya Mega,Kenya,Nairobi East,Nairobi,0,807,-100.00%,0,263,-100.00%,0.00%,0.33
01/08/2025,46,Bata Tom Mboya Mega,Kenya,Nairobi East,Nairobi,0,1343,-100.00%,0,497,-100.00%,0.00%,0.37
02/11/2025,46,Bata Tom Mboya Mega,Kenya,Nairobi East,Nairobi,0,549,-100.00%,0,160,-100.00%,0.00%,0.29
01/15/2025,46,Bata Tom Mboya Mega,Kenya,Nairobi East,Nairobi,0,856,-100.00%,0,334,-100.00%,0.00%,0.39
01/26/2025,46,Bata Tom Mboya Mega,Kenya,Nairobi East,Nairobi,0,289,-100.00%,0,58,-100.00%,0.00%,0.20
01/10/2025,46,Bata Tom Mboya Mega,Kenya,Nairobi East,Nairobi,0,861,-100.00%,0,361,-100.00%,0.00%,0.42
02/25/2025,46,Bata Tom Mboya Mega,Kenya,Nairobi East,Nairobi,0,459,-100.00%,0,120,-100.00%,0.00%,0.26
01/13/2025,46,Bata Tom Mboya Mega,Kenya,Nairobi East,Nairobi,0,869,-100.00%,0,354,-100.00%,0.00%,0.41
01/31/2025,46,Bata Tom Mboya Mega,Kenya,Nairobi East,Nairobi,0,713,-100.00%,0,237,-100.00%,0.00%,0.33
01/11/2025,46,Bata Tom Mboya Mega,Kenya,Nairobi East,Nairobi,0,1394,-100.00%,0,560,-100.00%,0.00%,0.40
02/27/2025,46,Bata Tom Mboya Mega,Kenya,Nairobi East,Nairobi,0,587,-100.00%,0,153,-100.00%,0.00%,0.26
01/20/2025,46,Bata Tom Mboya Mega,Kenya,Nairobi East,Nairobi,0,615,-100.00%,0,220,-100.00%,0.00%,0.36
02/02/2025,46,Bata Tom Mboya Mega,Kenya,Nairobi East,Nairobi,0,360,-100.00%,0,88,-100.00%,0.00%,0.24
01/12/2025,46,Bata Tom Mboya Mega,Kenya,Nairobi East,Nairobi,0,572,-100.00%,0,179,-100.00%,0.00%,0.31
03/02/2025,46,Bata Tom Mboya Mega,Kenya,Nairobi East,Nairobi,0,469,-100.00%,0,121,-100.00%,0.00%,0.26
01/14/2025,46,Bata Tom Mboya Mega,Kenya,Nairobi East,Nairobi,0,833,-100.00%,0,342,-100.00%,0.00%,0.41
02/08/2025,46,Bata Tom Mboya Mega,Kenya,Nairobi East,Nairobi,0,825,-100.00%,0,225,-100.00%,0.00%,0.27
01/16/2025,46,Bata Tom Mboya Mega,Kenya,Nairobi East,Nairobi,0,696,-100.00%,0,268,-100.00%,0.00%,0.39
01/01/2026,46,Bata Tom Mboya Mega,Kenya,Nairobi East,Nairobi,441,0,0.00%,0,0,0.00%,0.00%,0.00
01/28/2025,46,Bata Tom Mboya Mega,Kenya,Nairobi East,Nairobi,0,513,-100.00%,0,168,-100.00%,0.00%,0.33
02/13/2025,46,Bata Tom Mboya Mega,Kenya,Nairobi East,Nairobi,0,527,-100.00%,0,154,-100.00%,0.00%,0.29
01/23/2025,46,Bata Tom Mboya Mega,Kenya,Nairobi East,Nairobi,0,607,-100.00%,0,215,-100.00%,0.00%,0.35
01/03/2026,46,Bata Tom Mboya Mega,Kenya,Nairobi East,Nairobi,2248,0,0.00%,767,0,0.00%,34.12%,0.00
01/22/2025,46,Bata Tom Mboya Mega,Kenya,Nairobi East,Nairobi,0,624,-100.00%,0,206,-100.00%,0.00%,0.33
02/18/2025,46,Bata Tom Mboya Mega,Kenya,Nairobi East,Nairobi,0,459,-100.00%,0,135,-100.00%,0.00%,0.29
01/19/2025,46,Bata Tom Mboya Mega,Kenya,Nairobi East,Nairobi,0,365,-100.00%,0,116,-100.00%,0.00%,0.32
01/06/2026,46,Bata Tom Mboya Mega,Kenya,Nairobi East,Nairobi,2351,0,0.00%,725,0,0.00%,30.84%,0.00
02/10/2025,46,Bata Tom Mboya Mega,Kenya,Nairobi East,Nairobi,0,472,-100.00%,0,148,-100.00%,0.00%,0.31
03/06/2025,46,Bata Tom Mboya Mega,Kenya,Nairobi East,Nairobi,0,591,-100.00%,0,167,-100.00%,0.00%,0.28
01/30/2025,46,Bata Tom Mboya Mega,Kenya,Nairobi East,Nairobi,0,520,-100.00%,0,154,-100.00%,0.00%,0.30
01/11/2026,46,Bata Tom Mboya Mega,Kenya,Nairobi East,Nairobi,1387,0,0.00%,338,0,0.00%,24.37%,0.00
01/27/2025,46,Bata Tom Mboya Mega,Kenya,Nairobi East,Nairobi,0,550,-100.00%,0,191,-100.00%,0.00%,0.35
01/05/2026,46,Bata Tom Mboya Mega,Kenya,Nairobi East,Nairobi,2767,0,0.00%,745,0,0.00%,26.93%,0.00
01/21/2025,46,Bata Tom Mboya Mega,Kenya,Nairobi East,Nairobi,0,644,-100.00%,0,219,-100.00%,0.00%,0.34
01/16/2026,46,Bata Tom Mboya Mega,Kenya,Nairobi East,Nairobi,872,0,0.00%,210,0,0.00%,24.08%,0.00
02/21/2025,46,Bata Tom Mboya Mega,Kenya,Nairobi East,Nairobi,0,501,-100.00%,0,134,-100.00%,0.00%,0.27
01/07/2026,46,Bata Tom Mboya Mega,Kenya,Nairobi East,Nairobi,2075,0,0.00%,573,0,0.00%,27.61%,0.00
02/05/2025,46,Bata Tom Mboya Mega,Kenya,Nairobi East,Nairobi,0,592,-100.00%,0,166,-100.00%,0.00%,0.28
01/22/2026,46,Bata Tom Mboya Mega,Kenya,Nairobi East,Nairobi,609,0,0.00%,146,0,0.00%,23.99%,0.00
02/09/2025,46,Bata Tom Mboya Mega,Kenya,Nairobi East,Nairobi,0,317,-100.00%,0,68,-100.00%,0.00%,0.21
01/21/2026,46,Bata Tom Mboya Mega,Kenya,Nairobi East,Nairobi,763,0,0.00%,170,0,0.00%,22.30%,0.00
01/29/2025,46,Bata Tom Mboya Mega,Kenya,Nairobi East,Nairobi,0,573,-100.00%,0,185,-100.00%,0.00%,0.32
01/27/2026,46,Bata Tom Mboya Mega,Kenya,Nairobi East,Nairobi,545,0,0.00%,0,0,0.00%,0.00%,0.00
02/24/2025,46,Bata Tom Mboya Mega,Kenya,Nairobi East,Nairobi,0,397,-100.00%,0,91,-100.00%,0.00%,0.23
01/23/2026,46,Bata Tom Mboya Mega,Kenya,Nairobi East,Nairobi,634,0,0.00%,138,0,0.00%,21.78%,0.00
02/07/2025,46,Bata Tom Mboya Mega,Kenya,Nairobi East,Nairobi,0,586,-100.00%,0,158,-100.00%,0.00%,0.27
02/01/2026,46,Bata Tom Mboya Mega,Kenya,Nairobi East,Nairobi,391,0,0.00%,79,0,0.00%,20.23%,0.00
02/12/2025,46,Bata Tom Mboya Mega,Kenya,Nairobi East,Nairobi,0,544,-100.00%,0,151,-100.00%,0.00%,0.28
01/26/2026,46,Bata Tom Mboya Mega,Kenya,Nairobi East,Nairobi,625,0,0.00%,1,0,0.00%,0.16%,0.00
02/04/2025,46,Bata Tom Mboya Mega,Kenya,Nairobi East,Nairobi,0,576,-100.00%,0,178,-100.00%,0.00%,0.31
02/10/2026,46,Bata Tom Mboya Mega,Kenya,Nairobi East,Nairobi,495,0,0.00%,121,0,0.00%,24.47%,0.00
03/03/2025,46,Bata Tom Mboya Mega,Kenya,Nairobi East,Nairobi,0,830,-100.00%,0,280,-100.00%,0.00%,0.34
02/26/2026,46,Bata Tom Mboya Mega,Kenya,Nairobi East,Nairobi,666,0,0.00%,113,0,0.00%,16.97%,0.00
02/15/2025,46,Bata Tom Mboya Mega,Kenya,Nairobi East,Nairobi,0,649,-100.00%,0,175,-100.00%,0.00%,0.27
02/15/2026,46,Bata Tom Mboya Mega,Kenya,Nairobi East,Nairobi,253,0,0.00%,53,0,0.00%,20.95%,0.00
02/14/2025,46,Bata Tom Mboya Mega,Kenya,Nairobi East,Nairobi,0,604,-100.00%,0,141,-100.00%,0.00%,0.23
02/27/2026,46,Bata Tom Mboya Mega,Kenya,Nairobi East,Nairobi,675,0,0.00%,194,0,0.00%,28.76%,0.00
02/20/2025,46,Bata Tom Mboya Mega,Kenya,Nairobi East,Nairobi,0,464,-100.00%,0,133,-100.00%,0.00%,0.29
02/23/2026,46,Bata Tom Mboya Mega,Kenya,Nairobi East,Nairobi,406,0,0.00%,99,0,0.00%,24.41%,0.00
01/10/2026,46,Bata Tom Mboya Mega,Kenya,Nairobi East,Nairobi,2937,0,0.00%,755,0,0.00%,25.71%,0.00
03/04/2026,46,Bata Tom Mboya Mega,Kenya,Nairobi East,Nairobi,613,0,0.00%,136,0,0.00%,22.19%,0.00
02/16/2025,46,Bata Tom Mboya Mega,Kenya,Nairobi East,Nairobi,0,276,-100.00%,0,61,-100.00%,0.00%,0.22
02/28/2026,46,Bata Tom Mboya Mega,Kenya,Nairobi East,Nairobi,904,0,0.00%,276,0,0.00%,30.53%,0.00
02/17/2025,46,Bata Tom Mboya Mega,Kenya,Nairobi East,Nairobi,0,464,-100.00%,0,128,-100.00%,0.00%,0.28
03/08/2026,46,Bata Tom Mboya Mega,Kenya,Nairobi East,Nairobi,367,0,0.00%,84,0,0.00%,22.89%,0.00
03/05/2025,46,Bata Tom Mboya Mega,Kenya,Nairobi East,Nairobi,0,600,-100.00%,0,176,-100.00%,0.00%,0.29
01/12/2026,46,Bata Tom Mboya Mega,Kenya,Nairobi East,Nairobi,2011,0,0.00%,574,0,0.00%,28.54%,0.00
02/23/2025,46,Bata Tom Mboya Mega,Kenya,Nairobi East,Nairobi,0,231,-100.00%,0,55,-100.00%,0.00%,0.24
02/19/2025,46,Bata Tom Mboya Mega,Kenya,Nairobi East,Nairobi,0,429,-100.00%,0,122,-100.00%,0.00%,0.28
03/07/2025,46,Bata Tom Mboya Mega,Kenya,Nairobi East,Nairobi,0,580,-100.00%,0,135,-100.00%,0.00%,0.23
01/13/2026,46,Bata Tom Mboya Mega,Kenya,Nairobi East,Nairobi,1557,0,0.00%,433,0,0.00%,27.82%,0.00
02/26/2025,46,Bata Tom Mboya Mega,Kenya,Nairobi East,Nairobi,0,591,-100.00%,0,147,-100.00%,0.00%,0.25
02/22/2025,46,Bata Tom Mboya Mega,Kenya,Nairobi East,Nairobi,0,595,-100.00%,0,153,-100.00%,0.00%,0.26
01/04/2026,46,Bata Tom Mboya Mega,Kenya,Nairobi East,Nairobi,1328,0,0.00%,579,0,0.00%,43.62%,0.00
01/18/2026,46,Bata Tom Mboya Mega,Kenya,Nairobi East,Nairobi,378,0,0.00%,89,0,0.00%,23.58%,0.00
03/01/2025,46,Bata Tom Mboya Mega,Kenya,Nairobi East,Nairobi,0,1058,-100.00%,0,300,-100.00%,0.00%,0.28
02/28/2025,46,Bata Tom Mboya Mega,Kenya,Nairobi East,Nairobi,0,760,-100.00%,0,216,-100.00%,0.00%,0.28
01/09/2026,46,Bata Tom Mboya Mega,Kenya,Nairobi East,Nairobi,1957,0,0.00%,548,0,0.00%,28.01%,0.00
01/29/2026,46,Bata Tom Mboya Mega,Kenya,Nairobi East,Nairobi,582,0,0.00%,216,0,0.00%,37.11%,0.00
03/04/2025,46,Bata Tom Mboya Mega,Kenya,Nairobi East,Nairobi,0,713,-100.00%,0,205,-100.00%,0.00%,0.29
03/08/2025,46,Bata Tom Mboya Mega,Kenya,Nairobi East,Nairobi,0,686,-100.00%,0,203,-100.00%,0.00%,0.30
01/14/2026,46,Bata Tom Mboya Mega,Kenya,Nairobi East,Nairobi,1280,0,0.00%,386,0,0.00%,30.17%,0.00
02/08/2026,46,Bata Tom Mboya Mega,Kenya,Nairobi East,Nairobi,273,0,0.00%,57,0,0.00%,20.92%,0.00
03/09/2025,46,Bata Tom Mboya Mega,Kenya,Nairobi East,Nairobi,0,277,-100.00%,0,66,-100.00%,0.00%,0.24
01/08/2026,46,Bata Tom Mboya Mega,Kenya,Nairobi East,Nairobi,1844,0,0.00%,431,0,0.00%,23.37%,0.00
01/19/2026,46,Bata Tom Mboya Mega,Kenya,Nairobi East,Nairobi,663,0,0.00%,157,0,0.00%,23.70%,0.00
02/11/2026,46,Bata Tom Mboya Mega,Kenya,Nairobi East,Nairobi,485,0,0.00%,117,0,0.00%,24.12%,0.00
01/02/2026,46,Bata Tom Mboya Mega,Kenya,Nairobi East,Nairobi,1983,0,0.00%,93,0,0.00%,4.69%,0.00
01/17/2026,46,Bata Tom Mboya Mega,Kenya,Nairobi East,Nairobi,987,0,0.00%,242,0,0.00%,24.53%,0.00
01/24/2026,46,Bata Tom Mboya Mega,Kenya,Nairobi East,Nairobi,856,0,0.00%,168,0,0.00%,19.64%,0.00
02/13/2026,46,Bata Tom Mboya Mega,Kenya,Nairobi East,Nairobi,543,0,0.00%,128,0,0.00%,23.59%,0.00
01/15/2026,46,Bata Tom Mboya Mega,Kenya,Nairobi East,Nairobi,1126,0,0.00%,276,0,0.00%,24.51%,0.00
01/25/2026,46,Bata Tom Mboya Mega,Kenya,Nairobi East,Nairobi,289,0,0.00%,62,0,0.00%,21.49%,0.00
01/30/2026,46,Bata Tom Mboya Mega,Kenya,Nairobi East,Nairobi,552,0,0.00%,126,0,0.00%,22.85%,0.00
02/16/2026,46,Bata Tom Mboya Mega,Kenya,Nairobi East,Nairobi,440,0,0.00%,105,0,0.00%,23.89%,0.00
01/20/2026,46,Bata Tom Mboya Mega,Kenya,Nairobi East,Nairobi,654,0,0.00%,175,0,0.00%,26.76%,0.00
02/04/2026,46,Bata Tom Mboya Mega,Kenya,Nairobi East,Nairobi,580,0,0.00%,139,0,0.00%,23.97%,0.00
02/02/2026,46,Bata Tom Mboya Mega,Kenya,Nairobi East,Nairobi,484,0,0.00%,101,0,0.00%,20.89%,0.00
02/21/2026,46,Bata Tom Mboya Mega,Kenya,Nairobi East,Nairobi,509,0,0.00%,124,0,0.00%,24.36%,0.00
01/28/2026,46,Bata Tom Mboya Mega,Kenya,Nairobi East,Nairobi,595,0,0.00%,349,0,0.00%,58.66%,0.00
02/07/2026,46,Bata Tom Mboya Mega,Kenya,Nairobi East,Nairobi,816,0,0.00%,155,0,0.00%,19.00%,0.00
02/09/2026,46,Bata Tom Mboya Mega,Kenya,Nairobi East,Nairobi,453,0,0.00%,103,0,0.00%,22.74%,0.00
03/07/2026,46,Bata Tom Mboya Mega,Kenya,Nairobi East,Nairobi,874,0,0.00%,174,0,0.00%,19.91%,0.00
01/31/2026,46,Bata Tom Mboya Mega,Kenya,Nairobi East,Nairobi,767,0,0.00%,174,0,0.00%,22.70%,0.00
02/12/2026,46,Bata Tom Mboya Mega,Kenya,Nairobi East,Nairobi,502,0,0.00%,112,0,0.00%,22.31%,0.00
02/20/2026,46,Bata Tom Mboya Mega,Kenya,Nairobi East,Nairobi,420,0,0.00%,116,0,0.00%,27.62%,0.00
03/09/2026,46,Bata Tom Mboya Mega,Kenya,Nairobi East,Nairobi,37,0,0.00%,0,0,0.00%,0.00%,0.00
02/03/2026,46,Bata Tom Mboya Mega,Kenya,Nairobi East,Nairobi,564,0,0.00%,140,0,0.00%,24.84%,0.00
02/17/2026,46,Bata Tom Mboya Mega,Kenya,Nairobi East,Nairobi,498,0,0.00%,91,0,0.00%,18.29%,0.00
02/22/2026,46,Bata Tom Mboya Mega,Kenya,Nairobi East,Nairobi,203,0,0.00%,40,0,0.00%,19.75%,0.00
02/18/2026,46,Bata Tom Mboya Mega,Kenya,Nairobi East,Nairobi,453,0,0.00%,119,0,0.00%,26.30%,0.00
02/05/2026,46,Bata Tom Mboya Mega,Kenya,Nairobi East,Nairobi,527,0,0.00%,133,0,0.00%,25.24%,0.00
03/03/2026,46,Bata Tom Mboya Mega,Kenya,Nairobi East,Nairobi,750,0,0.00%,193,0,0.00%,25.73%,0.00
02/25/2026,46,Bata Tom Mboya Mega,Kenya,Nairobi East,Nairobi,472,0,0.00%,122,0,0.00%,25.85%,0.00
02/06/2026,46,Bata Tom Mboya Mega,Kenya,Nairobi East,Nairobi,620,0,0.00%,127,0,0.00%,20.48%,0.00
03/02/2026,46,Bata Tom Mboya Mega,Kenya,Nairobi East,Nairobi,862,0,0.00%,274,0,0.00%,31.79%,0.00
02/14/2026,46,Bata Tom Mboya Mega,Kenya,Nairobi East,Nairobi,673,0,0.00%,157,0,0.00%,23.33%,0.00
03/05/2026,46,Bata Tom Mboya Mega,Kenya,Nairobi East,Nairobi,687,0,0.00%,129,0,0.00%,18.78%,0.00
02/19/2026,46,Bata Tom Mboya Mega,Kenya,Nairobi East,Nairobi,403,0,0.00%,101,0,0.00%,25.06%,0.00
02/24/2026,46,Bata Tom Mboya Mega,Kenya,Nairobi East,Nairobi,396,0,0.00%,91,0,0.00%,22.98%,0.00
03/01/2026,46,Bata Tom Mboya Mega,Kenya,Nairobi East,Nairobi,383,0,0.00%,105,0,0.00%,27.42%,0.00
03/06/2026,46,Bata Tom Mboya Mega,Kenya,Nairobi East,Nairobi,921,0,0.00%,140,0,0.00%,15.21%,0.00
01/03/2025,16,Bata Tropical Craft,Kenya,Nairobi West,Nairobi,0,740,-100.00%,0,169,-100.00%,0.00%,0.23
01/08/2025,16,Bata Tropical Craft,Kenya,Nairobi West,Nairobi,0,612,-100.00%,0,153,-100.00%,0.00%,0.25
01/04/2025,16,Bata Tropical Craft,Kenya,Nairobi West,Nairobi,0,989,-100.00%,0,226,-100.00%,0.00%,0.23
01/07/2025,16,Bata Tropical Craft,Kenya,Nairobi West,Nairobi,0,787,-100.00%,0,225,-100.00%,0.00%,0.29
01/05/2025,16,Bata Tropical Craft,Kenya,Nairobi West,Nairobi,0,521,-100.00%,0,118,-100.00%,0.00%,0.23
01/01/2025,16,Bata Tropical Craft,Kenya,Nairobi West,Nairobi,0,137,-100.00%,0,0,0.00%,0.00%,0.00
01/14/2025,16,Bata Tropical Craft,Kenya,Nairobi West,Nairobi,0,287,-100.00%,0,57,-100.00%,0.00%,0.20
01/02/2025,16,Bata Tropical Craft,Kenya,Nairobi West,Nairobi,0,643,-100.00%,0,148,-100.00%,0.00%,0.23
01/11/2025,16,Bata Tropical Craft,Kenya,Nairobi West,Nairobi,0,559,-100.00%,0,111,-100.00%,0.00%,0.20
01/13/2025,16,Bata Tropical Craft,Kenya,Nairobi West,Nairobi,0,344,-100.00%,0,76,-100.00%,0.00%,0.22
01/30/2025,16,Bata Tropical Craft,Kenya,Nairobi West,Nairobi,0,188,-100.00%,0,49,-100.00%,0.00%,0.26
01/09/2025,16,Bata Tropical Craft,Kenya,Nairobi West,Nairobi,0,479,-100.00%,0,101,-100.00%,0.00%,0.21
01/16/2025,16,Bata Tropical Craft,Kenya,Nairobi West,Nairobi,0,266,-100.00%,0,60,-100.00%,0.00%,0.23
01/06/2025,16,Bata Tropical Craft,Kenya,Nairobi West,Nairobi,0,955,-100.00%,0,251,-100.00%,0.00%,0.26
02/02/2025,16,Bata Tropical Craft,Kenya,Nairobi West,Nairobi,0,110,-100.00%,0,15,-100.00%,0.00%,0.14
01/10/2025,16,Bata Tropical Craft,Kenya,Nairobi West,Nairobi,0,356,-100.00%,0,74,-100.00%,0.00%,0.21
01/18/2025,16,Bata Tropical Craft,Kenya,Nairobi West,Nairobi,0,261,-100.00%,0,64,-100.00%,0.00%,0.25
01/19/2025,16,Bata Tropical Craft,Kenya,Nairobi West,Nairobi,0,116,-100.00%,0,22,-100.00%,0.00%,0.19
02/10/2025,16,Bata Tropical Craft,Kenya,Nairobi West,Nairobi,0,165,-100.00%,0,28,-100.00%,0.00%,0.17
01/17/2025,16,Bata Tropical Craft,Kenya,Nairobi West,Nairobi,0,276,-100.00%,0,43,-100.00%,0.00%,0.16
01/27/2025,16,Bata Tropical Craft,Kenya,Nairobi West,Nairobi,0,177,-100.00%,0,0,0.00%,0.00%,0.00
01/12/2025,16,Bata Tropical Craft,Kenya,Nairobi West,Nairobi,0,188,-100.00%,0,36,-100.00%,0.00%,0.19
02/15/2025,16,Bata Tropical Craft,Kenya,Nairobi West,Nairobi,0,244,-100.00%,0,59,-100.00%,0.00%,0.24
01/21/2025,16,Bata Tropical Craft,Kenya,Nairobi West,Nairobi,0,248,-100.00%,0,51,-100.00%,0.00%,0.21
01/29/2025,16,Bata Tropical Craft,Kenya,Nairobi West,Nairobi,0,227,-100.00%,0,52,-100.00%,0.00%,0.23
02/01/2025,16,Bata Tropical Craft,Kenya,Nairobi West,Nairobi,0,295,-100.00%,0,57,-100.00%,0.00%,0.19
02/21/2025,16,Bata Tropical Craft,Kenya,Nairobi West,Nairobi,0,205,-100.00%,0,40,-100.00%,0.00%,0.20
01/20/2025,16,Bata Tropical Craft,Kenya,Nairobi West,Nairobi,0,223,-100.00%,0,49,-100.00%,0.00%,0.22
02/04/2025,16,Bata Tropical Craft,Kenya,Nairobi West,Nairobi,0,215,-100.00%,0,46,-100.00%,0.00%,0.21
01/15/2025,16,Bata Tropical Craft,Kenya,Nairobi West,Nairobi,0,315,-100.00%,0,62,-100.00%,0.00%,0.20
02/26/2025,16,Bata Tropical Craft,Kenya,Nairobi West,Nairobi,0,190,-100.00%,0,39,-100.00%,0.00%,0.21
01/24/2025,16,Bata Tropical Craft,Kenya,Nairobi West,Nairobi,0,224,-100.00%,0,39,-100.00%,0.00%,0.17
02/06/2025,16,Bata Tropical Craft,Kenya,Nairobi West,Nairobi,0,214,-100.00%,0,43,-100.00%,0.00%,0.20
02/03/2025,16,Bata Tropical Craft,Kenya,Nairobi West,Nairobi,0,206,-100.00%,0,40,-100.00%,0.00%,0.19
03/08/2025,16,Bata Tropical Craft,Kenya,Nairobi West,Nairobi,0,263,-100.00%,0,62,-100.00%,0.00%,0.24
01/22/2025,16,Bata Tropical Craft,Kenya,Nairobi West,Nairobi,0,239,-100.00%,0,45,-100.00%,0.00%,0.19
02/11/2025,16,Bata Tropical Craft,Kenya,Nairobi West,Nairobi,0,186,-100.00%,0,51,-100.00%,0.00%,0.27
01/23/2025,16,Bata Tropical Craft,Kenya,Nairobi West,Nairobi,0,238,-100.00%,0,47,-100.00%,0.00%,0.20
01/02/2026,16,Bata Tropical Craft,Kenya,Nairobi West,Nairobi,977,0,0.00%,171,0,0.00%,17.51%,0.00
01/26/2025,16,Bata Tropical Craft,Kenya,Nairobi West,Nairobi,0,118,-100.00%,0,19,-100.00%,0.00%,0.16
02/22/2025,16,Bata Tropical Craft,Kenya,Nairobi West,Nairobi,0,215,-100.00%,0,46,-100.00%,0.00%,0.21
02/09/2025,16,Bata Tropical Craft,Kenya,Nairobi West,Nairobi,0,74,-100.00%,0,13,-100.00%,0.00%,0.18
01/04/2026,16,Bata Tropical Craft,Kenya,Nairobi West,Nairobi,521,0,0.00%,98,0,0.00%,18.83%,0.00
02/08/2025,16,Bata Tropical Craft,Kenya,Nairobi West,Nairobi,0,268,-100.00%,0,52,-100.00%,0.00%,0.19
02/27/2025,16,Bata Tropical Craft,Kenya,Nairobi West,Nairobi,0,207,-100.00%,0,30,-100.00%,0.00%,0.14
01/25/2025,16,Bata Tropical Craft,Kenya,Nairobi West,Nairobi,0,227,-100.00%,0,41,-100.00%,0.00%,0.18
01/05/2026,16,Bata Tropical Craft,Kenya,Nairobi West,Nairobi,1139,0,0.00%,226,0,0.00%,19.84%,0.00
02/19/2025,16,Bata Tropical Craft,Kenya,Nairobi West,Nairobi,0,192,-100.00%,0,48,-100.00%,0.00%,0.25
03/05/2025,16,Bata Tropical Craft,Kenya,Nairobi West,Nairobi,0,234,-100.00%,0,51,-100.00%,0.00%,0.22
02/14/2025,16,Bata Tropical Craft,Kenya,Nairobi West,Nairobi,0,246,-100.00%,0,53,-100.00%,0.00%,0.22
01/10/2026,16,Bata Tropical Craft,Kenya,Nairobi West,Nairobi,1463,0,0.00%,260,0,0.00%,17.77%,0.00
02/20/2025,16,Bata Tropical Craft,Kenya,Nairobi West,Nairobi,0,175,-100.00%,0,30,-100.00%,0.00%,0.17
01/01/2026,16,Bata Tropical Craft,Kenya,Nairobi West,Nairobi,238,0,0.00%,0,0,0.00%,0.00%,0.00
01/28/2025,16,Bata Tropical Craft,Kenya,Nairobi West,Nairobi,0,199,-100.00%,0,75,-100.00%,0.00%,0.38
01/15/2026,16,Bata Tropical Craft,Kenya,Nairobi West,Nairobi,628,0,0.00%,112,0,0.00%,17.83%,0.00
02/24/2025,16,Bata Tropical Craft,Kenya,Nairobi West,Nairobi,0,209,-100.00%,0,36,-100.00%,0.00%,0.17
01/11/2026,16,Bata Tropical Craft,Kenya,Nairobi West,Nairobi,687,0,0.00%,112,0,0.00%,16.30%,0.00
02/16/2025,16,Bata Tropical Craft,Kenya,Nairobi West,Nairobi,0,98,-100.00%,0,17,-100.00%,0.00%,0.17
01/20/2026,16,Bata Tropical Craft,Kenya,Nairobi West,Nairobi,321,0,0.00%,53,0,0.00%,16.54%,0.00
02/23/2025,16,Bata Tropical Craft,Kenya,Nairobi West,Nairobi,0,111,-100.00%,0,28,-100.00%,0.00%,0.25
01/19/2026,16,Bata Tropical Craft,Kenya,Nairobi West,Nairobi,363,0,0.00%,48,0,0.00%,13.24%,0.00
01/31/2025,16,Bata Tropical Craft,Kenya,Nairobi West,Nairobi,0,232,-100.00%,0,52,-100.00%,0.00%,0.22
01/25/2026,16,Bata Tropical Craft,Kenya,Nairobi West,Nairobi,128,0,0.00%,17,0,0.00%,13.28%,0.00
02/25/2025,16,Bata Tropical Craft,Kenya,Nairobi West,Nairobi,0,192,-100.00%,0,39,-100.00%,0.00%,0.20
01/21/2026,16,Bata Tropical Craft,Kenya,Nairobi West,Nairobi,274,0,0.00%,34,0,0.00%,12.41%,0.00
02/17/2025,16,Bata Tropical Craft,Kenya,Nairobi West,Nairobi,0,176,-100.00%,0,31,-100.00%,0.00%,0.18
02/02/2026,16,Bata Tropical Craft,Kenya,Nairobi West,Nairobi,169,0,0.00%,27,0,0.00%,15.98%,0.00
03/01/2025,16,Bata Tropical Craft,Kenya,Nairobi West,Nairobi,0,359,-100.00%,0,80,-100.00%,0.00%,0.22
01/27/2026,16,Bata Tropical Craft,Kenya,Nairobi West,Nairobi,208,0,0.00%,0,0,0.00%,0.00%,0.00
02/05/2025,16,Bata Tropical Craft,Kenya,Nairobi West,Nairobi,0,211,-100.00%,0,55,-100.00%,0.00%,0.26
02/05/2026,16,Bata Tropical Craft,Kenya,Nairobi West,Nairobi,234,0,0.00%,48,0,0.00%,20.56%,0.00
03/02/2025,16,Bata Tropical Craft,Kenya,Nairobi West,Nairobi,0,168,-100.00%,0,34,-100.00%,0.00%,0.20
02/04/2026,16,Bata Tropical Craft,Kenya,Nairobi West,Nairobi,177,0,0.00%,36,0,0.00%,20.34%,0.00
01/03/2026,16,Bata Tropical Craft,Kenya,Nairobi West,Nairobi,997,0,0.00%,203,0,0.00%,20.36%,0.00
02/10/2026,16,Bata Tropical Craft,Kenya,Nairobi West,Nairobi,215,0,0.00%,29,0,0.00%,13.49%,0.00
03/06/2025,16,Bata Tropical Craft,Kenya,Nairobi West,Nairobi,0,216,-100.00%,0,51,-100.00%,0.00%,0.24
02/06/2026,16,Bata Tropical Craft,Kenya,Nairobi West,Nairobi,273,0,0.00%,42,0,0.00%,15.38%,0.00
02/07/2025,16,Bata Tropical Craft,Kenya,Nairobi West,Nairobi,0,221,-100.00%,0,47,-100.00%,0.00%,0.21
02/13/2026,16,Bata Tropical Craft,Kenya,Nairobi West,Nairobi,217,0,0.00%,42,0,0.00%,19.40%,0.00
03/04/2025,16,Bata Tropical Craft,Kenya,Nairobi West,Nairobi,0,220,-100.00%,0,59,-100.00%,0.00%,0.27
02/14/2026,16,Bata Tropical Craft,Kenya,Nairobi West,Nairobi,232,0,0.00%,38,0,0.00%,16.38%,0.00
01/08/2026,16,Bata Tropical Craft,Kenya,Nairobi West,Nairobi,1022,0,0.00%,216,0,0.00%,21.15%,0.00
02/21/2026,16,Bata Tropical Craft,Kenya,Nairobi West,Nairobi,224,0,0.00%,42,0,0.00%,18.79%,0.00
03/09/2025,16,Bata Tropical Craft,Kenya,Nairobi West,Nairobi,0,97,-100.00%,0,14,-100.00%,0.00%,0.14
02/15/2026,16,Bata Tropical Craft,Kenya,Nairobi West,Nairobi,104,0,0.00%,10,0,0.00%,9.66%,0.00
02/12/2025,16,Bata Tropical Craft,Kenya,Nairobi West,Nairobi,0,212,-100.00%,0,57,-100.00%,0.00%,0.27
03/04/2026,16,Bata Tropical Craft,Kenya,Nairobi West,Nairobi,215,0,0.00%,42,0,0.00%,19.58%,0.00
03/07/2025,16,Bata Tropical Craft,Kenya,Nairobi West,Nairobi,0,228,-100.00%,0,55,-100.00%,0.00%,0.24
02/20/2026,16,Bata Tropical Craft,Kenya,Nairobi West,Nairobi,183,0,0.00%,28,0,0.00%,15.34%,0.00
01/09/2026,16,Bata Tropical Craft,Kenya,Nairobi West,Nairobi,1049,0,0.00%,222,0,0.00%,21.17%,0.00
02/28/2026,16,Bata Tropical Craft,Kenya,Nairobi West,Nairobi,362,0,0.00%,65,0,0.00%,17.98%,0.00
01/18/2026,16,Bata Tropical Craft,Kenya,Nairobi West,Nairobi,179,0,0.00%,18,0,0.00%,10.08%,0.00
03/02/2026,16,Bata Tropical Craft,Kenya,Nairobi West,Nairobi,321,0,0.00%,82,0,0.00%,25.59%,0.00
02/13/2025,16,Bata Tropical Craft,Kenya,Nairobi West,Nairobi,0,225,-100.00%,0,57,-100.00%,0.00%,0.25
03/03/2026,16,Bata Tropical Craft,Kenya,Nairobi West,Nairobi,278,0,0.00%,70,0,0.00%,25.23%,0.00
01/06/2026,16,Bata Tropical Craft,Kenya,Nairobi West,Nairobi,1012,0,0.00%,208,0,0.00%,20.55%,0.00
03/05/2026,16,Bata Tropical Craft,Kenya,Nairobi West,Nairobi,225,0,0.00%,29,0,0.00%,12.89%,0.00
01/14/2026,16,Bata Tropical Craft,Kenya,Nairobi West,Nairobi,862,0,0.00%,159,0,0.00%,18.46%,0.00
03/08/2026,16,Bata Tropical Craft,Kenya,Nairobi West,Nairobi,83,0,0.00%,12,0,0.00%,14.55%,0.00
01/26/2026,16,Bata Tropical Craft,Kenya,Nairobi West,Nairobi,232,0,0.00%,0,0,0.00%,0.00%,0.00
02/18/2025,16,Bata Tropical Craft,Kenya,Nairobi West,Nairobi,0,176,-100.00%,0,43,-100.00%,0.00%,0.24
01/17/2026,16,Bata Tropical Craft,Kenya,Nairobi West,Nairobi,450,0,0.00%,77,0,0.00%,17.13%,0.00
01/16/2026,16,Bata Tropical Craft,Kenya,Nairobi West,Nairobi,451,0,0.00%,64,0,0.00%,14.21%,0.00
02/19/2026,16,Bata Tropical Craft,Kenya,Nairobi West,Nairobi,152,0,0.00%,23,0,0.00%,15.18%,0.00
02/28/2025,16,Bata Tropical Craft,Kenya,Nairobi West,Nairobi,0,322,-100.00%,0,66,-100.00%,0.00%,0.20
01/22/2026,16,Bata Tropical Craft,Kenya,Nairobi West,Nairobi,267,0,0.00%,42,0,0.00%,15.73%,0.00
01/24/2026,16,Bata Tropical Craft,Kenya,Nairobi West,Nairobi,271,0,0.00%,39,0,0.00%,14.42%,0.00
02/27/2026,16,Bata Tropical Craft,Kenya,Nairobi West,Nairobi,275,0,0.00%,54,0,0.00%,19.67%,0.00
03/03/2025,16,Bata Tropical Craft,Kenya,Nairobi West,Nairobi,0,295,-100.00%,0,77,-100.00%,0.00%,0.26
02/07/2026,16,Bata Tropical Craft,Kenya,Nairobi West,Nairobi,288,0,0.00%,37,0,0.00%,12.85%,0.00
01/29/2026,16,Bata Tropical Craft,Kenya,Nairobi West,Nairobi,190,0,0.00%,41,0,0.00%,21.64%,0.00
03/01/2026,16,Bata Tropical Craft,Kenya,Nairobi West,Nairobi,96,0,0.00%,22,0,0.00%,23.04%,0.00
01/07/2026,16,Bata Tropical Craft,Kenya,Nairobi West,Nairobi,1100,0,0.00%,227,0,0.00%,20.64%,0.00
02/09/2026,16,Bata Tropical Craft,Kenya,Nairobi West,Nairobi,214,0,0.00%,34,0,0.00%,15.93%,0.00
01/30/2026,16,Bata Tropical Craft,Kenya,Nairobi West,Nairobi,167,0,0.00%,38,0,0.00%,22.75%,0.00
03/07/2026,16,Bata Tropical Craft,Kenya,Nairobi West,Nairobi,159,0,0.00%,41,0,0.00%,25.87%,0.00
01/12/2026,16,Bata Tropical Craft,Kenya,Nairobi West,Nairobi,1314,0,0.00%,196,0,0.00%,14.92%,0.00
02/17/2026,16,Bata Tropical Craft,Kenya,Nairobi West,Nairobi,173,0,0.00%,24,0,0.00%,13.87%,0.00
02/01/2026,16,Bata Tropical Craft,Kenya,Nairobi West,Nairobi,104,0,0.00%,13,0,0.00%,12.56%,0.00
02/23/2026,16,Bata Tropical Craft,Kenya,Nairobi West,Nairobi,185,0,0.00%,0,0,0.00%,0.00%,0.00
01/13/2026,16,Bata Tropical Craft,Kenya,Nairobi West,Nairobi,889,0,0.00%,166,0,0.00%,18.68%,0.00
02/25/2026,16,Bata Tropical Craft,Kenya,Nairobi West,Nairobi,193,0,0.00%,0,0,0.00%,0.00%,0.00
02/12/2026,16,Bata Tropical Craft,Kenya,Nairobi West,Nairobi,185,0,0.00%,42,0,0.00%,22.76%,0.00
01/23/2026,16,Bata Tropical Craft,Kenya,Nairobi West,Nairobi,253,0,0.00%,32,0,0.00%,12.65%,0.00
02/22/2026,16,Bata Tropical Craft,Kenya,Nairobi West,Nairobi,69,0,0.00%,5,0,0.00%,7.30%,0.00
01/28/2026,16,Bata Tropical Craft,Kenya,Nairobi West,Nairobi,199,0,0.00%,100,0,0.00%,50.25%,0.00
01/31/2026,16,Bata Tropical Craft,Kenya,Nairobi West,Nairobi,298,0,0.00%,57,0,0.00%,19.16%,0.00
02/03/2026,16,Bata Tropical Craft,Kenya,Nairobi West,Nairobi,192,0,0.00%,35,0,0.00%,18.23%,0.00
02/08/2026,16,Bata Tropical Craft,Kenya,Nairobi West,Nairobi,94,0,0.00%,12,0,0.00%,12.83%,0.00
02/11/2026,16,Bata Tropical Craft,Kenya,Nairobi West,Nairobi,193,0,0.00%,28,0,0.00%,14.51%,0.00
02/16/2026,16,Bata Tropical Craft,Kenya,Nairobi West,Nairobi,198,0,0.00%,37,0,0.00%,18.73%,0.00
02/18/2026,16,Bata Tropical Craft,Kenya,Nairobi West,Nairobi,172,0,0.00%,37,0,0.00%,21.57%,0.00
02/24/2026,16,Bata Tropical Craft,Kenya,Nairobi West,Nairobi,151,0,0.00%,0,0,0.00%,0.00%,0.00
02/26/2026,16,Bata Tropical Craft,Kenya,Nairobi West,Nairobi,252,0,0.00%,87,0,0.00%,34.52%,0.00
03/06/2026,16,Bata Tropical Craft,Kenya,Nairobi West,Nairobi,139,0,0.00%,40,0,0.00%,28.88%,0.00
03/09/2026,16,Bata Tropical Craft,Kenya,Nairobi West,Nairobi,17,0,0.00%,1,0,0.00%,5.88%,0.00
01/03/2025,130,Bata Tuffoam Mall,Kenya,Nyanza,Kisumu,0,231,-100.00%,0,182,-100.00%,0.00%,0.79
01/14/2025,130,Bata Tuffoam Mall,Kenya,Nyanza,Kisumu,0,118,-100.00%,0,69,-100.00%,0.00%,0.58
01/04/2025,130,Bata Tuffoam Mall,Kenya,Nyanza,Kisumu,0,252,-100.00%,0,204,-100.00%,0.00%,0.81
01/01/2025,130,Bata Tuffoam Mall,Kenya,Nyanza,Kisumu,0,71,-100.00%,0,35,-100.00%,0.00%,0.49
01/05/2025,130,Bata Tuffoam Mall,Kenya,Nyanza,Kisumu,0,208,-100.00%,0,219,-100.00%,0.00%,1.05
01/02/2025,130,Bata Tuffoam Mall,Kenya,Nyanza,Kisumu,0,174,-100.00%,0,110,-100.00%,0.00%,0.63
01/10/2025,130,Bata Tuffoam Mall,Kenya,Nyanza,Kisumu,0,146,-100.00%,0,74,-100.00%,0.00%,0.51
01/08/2025,130,Bata Tuffoam Mall,Kenya,Nyanza,Kisumu,0,196,-100.00%,0,142,-100.00%,0.00%,0.72
01/06/2025,130,Bata Tuffoam Mall,Kenya,Nyanza,Kisumu,0,345,-100.00%,0,259,-100.00%,0.00%,0.75
01/16/2025,130,Bata Tuffoam Mall,Kenya,Nyanza,Kisumu,0,90,-100.00%,0,42,-100.00%,0.00%,0.47
01/28/2025,130,Bata Tuffoam Mall,Kenya,Nyanza,Kisumu,0,91,-100.00%,0,34,-100.00%,0.00%,0.37
01/09/2025,130,Bata Tuffoam Mall,Kenya,Nyanza,Kisumu,0,168,-100.00%,0,108,-100.00%,0.00%,0.64
01/13/2025,130,Bata Tuffoam Mall,Kenya,Nyanza,Kisumu,0,116,-100.00%,0,60,-100.00%,0.00%,0.52
01/07/2025,130,Bata Tuffoam Mall,Kenya,Nyanza,Kisumu,0,276,-100.00%,0,223,-100.00%,0.00%,0.81
02/02/2025,130,Bata Tuffoam Mall,Kenya,Nyanza,Kisumu,0,118,-100.00%,0,26,-100.00%,0.00%,0.22
01/11/2025,130,Bata Tuffoam Mall,Kenya,Nyanza,Kisumu,0,161,-100.00%,0,89,-100.00%,0.00%,0.55
01/21/2025,130,Bata Tuffoam Mall,Kenya,Nyanza,Kisumu,0,119,-100.00%,0,30,-100.00%,0.00%,0.25
01/19/2025,130,Bata Tuffoam Mall,Kenya,Nyanza,Kisumu,0,84,-100.00%,0,32,-100.00%,0.00%,0.38
02/05/2025,130,Bata Tuffoam Mall,Kenya,Nyanza,Kisumu,0,171,-100.00%,0,35,-100.00%,0.00%,0.20
01/15/2025,130,Bata Tuffoam Mall,Kenya,Nyanza,Kisumu,0,121,-100.00%,0,42,-100.00%,0.00%,0.35
01/27/2025,130,Bata Tuffoam Mall,Kenya,Nyanza,Kisumu,0,89,-100.00%,0,21,-100.00%,0.00%,0.24
01/12/2025,130,Bata Tuffoam Mall,Kenya,Nyanza,Kisumu,0,114,-100.00%,0,70,-100.00%,0.00%,0.61
02/08/2025,130,Bata Tuffoam Mall,Kenya,Nyanza,Kisumu,0,200,-100.00%,0,50,-100.00%,0.00%,0.25
01/22/2025,130,Bata Tuffoam Mall,Kenya,Nyanza,Kisumu,0,102,-100.00%,0,42,-100.00%,0.00%,0.41
02/06/2025,130,Bata Tuffoam Mall,Kenya,Nyanza,Kisumu,0,177,-100.00%,0,30,-100.00%,0.00%,0.17
01/24/2025,130,Bata Tuffoam Mall,Kenya,Nyanza,Kisumu,0,110,-100.00%,0,29,-100.00%,0.00%,0.26
02/10/2025,130,Bata Tuffoam Mall,Kenya,Nyanza,Kisumu,0,144,-100.00%,0,13,-100.00%,0.00%,0.09
01/17/2025,130,Bata Tuffoam Mall,Kenya,Nyanza,Kisumu,0,129,-100.00%,0,41,-100.00%,0.00%,0.32
02/07/2025,130,Bata Tuffoam Mall,Kenya,Nyanza,Kisumu,0,142,-100.00%,0,23,-100.00%,0.00%,0.16
01/25/2025,130,Bata Tuffoam Mall,Kenya,Nyanza,Kisumu,0,76,-100.00%,0,34,-100.00%,0.00%,0.45
02/11/2025,130,Bata Tuffoam Mall,Kenya,Nyanza,Kisumu,0,134,-100.00%,0,21,-100.00%,0.00%,0.16
01/30/2025,130,Bata Tuffoam Mall,Kenya,Nyanza,Kisumu,0,91,-100.00%,0,46,-100.00%,0.00%,0.51
02/12/2025,130,Bata Tuffoam Mall,Kenya,Nyanza,Kisumu,0,150,-100.00%,0,30,-100.00%,0.00%,0.20
01/29/2025,130,Bata Tuffoam Mall,Kenya,Nyanza,Kisumu,0,93,-100.00%,0,49,-100.00%,0.00%,0.53
02/18/2025,130,Bata Tuffoam Mall,Kenya,Nyanza,Kisumu,0,170,-100.00%,0,31,-100.00%,0.00%,0.18
01/18/2025,130,Bata Tuffoam Mall,Kenya,Nyanza,Kisumu,0,111,-100.00%,0,51,-100.00%,0.00%,0.46
02/14/2025,130,Bata Tuffoam Mall,Kenya,Nyanza,Kisumu,0,206,-100.00%,0,25,-100.00%,0.00%,0.12
01/26/2025,130,Bata Tuffoam Mall,Kenya,Nyanza,Kisumu,0,55,-100.00%,0,33,-100.00%,0.00%,0.60
02/23/2025,130,Bata Tuffoam Mall,Kenya,Nyanza,Kisumu,0,121,-100.00%,0,15,-100.00%,0.00%,0.12
02/01/2025,130,Bata Tuffoam Mall,Kenya,Nyanza,Kisumu,0,197,-100.00%,0,40,-100.00%,0.00%,0.20
02/19/2025,130,Bata Tuffoam Mall,Kenya,Nyanza,Kisumu,0,144,-100.00%,0,26,-100.00%,0.00%,0.18
02/04/2025,130,Bata Tuffoam Mall,Kenya,Nyanza,Kisumu,0,169,-100.00%,0,24,-100.00%,0.00%,0.14
02/24/2025,130,Bata Tuffoam Mall,Kenya,Nyanza,Kisumu,0,131,-100.00%,0,15,-100.00%,0.00%,0.11
01/20/2025,130,Bata Tuffoam Mall,Kenya,Nyanza,Kisumu,0,89,-100.00%,0,34,-100.00%,0.00%,0.38
03/07/2025,130,Bata Tuffoam Mall,Kenya,Nyanza,Kisumu,0,197,-100.00%,0,49,-100.00%,0.00%,0.25
01/31/2025,130,Bata Tuffoam Mall,Kenya,Nyanza,Kisumu,0,71,-100.00%,0,43,-100.00%,0.00%,0.61
02/26/2025,130,Bata Tuffoam Mall,Kenya,Nyanza,Kisumu,0,178,-100.00%,0,34,-100.00%,0.00%,0.19
02/15/2025,130,Bata Tuffoam Mall,Kenya,Nyanza,Kisumu,0,159,-100.00%,0,27,-100.00%,0.00%,0.17
01/11/2026,130,Bata Tuffoam Mall,Kenya,Nyanza,Kisumu,349,0,0.00%,99,0,0.00%,28.41%,0.00
02/09/2025,130,Bata Tuffoam Mall,Kenya,Nyanza,Kisumu,0,109,-100.00%,0,23,-100.00%,0.00%,0.21
03/04/2025,130,Bata Tuffoam Mall,Kenya,Nyanza,Kisumu,0,188,-100.00%,0,40,-100.00%,0.00%,0.21
01/23/2025,130,Bata Tuffoam Mall,Kenya,Nyanza,Kisumu,0,68,-100.00%,0,36,-100.00%,0.00%,0.53
01/19/2026,130,Bata Tuffoam Mall,Kenya,Nyanza,Kisumu,172,0,0.00%,28,0,0.00%,16.33%,0.00
02/03/2025,130,Bata Tuffoam Mall,Kenya,Nyanza,Kisumu,0,194,-100.00%,0,36,-100.00%,0.00%,0.19
01/02/2026,130,Bata Tuffoam Mall,Kenya,Nyanza,Kisumu,397,0,0.00%,115,0,0.00%,29.00%,0.00
02/17/2025,130,Bata Tuffoam Mall,Kenya,Nyanza,Kisumu,0,133,-100.00%,0,23,-100.00%,0.00%,0.17
01/20/2026,130,Bata Tuffoam Mall,Kenya,Nyanza,Kisumu,148,0,0.00%,28,0,0.00%,18.92%,0.00
02/20/2025,130,Bata Tuffoam Mall,Kenya,Nyanza,Kisumu,0,198,-100.00%,0,18,-100.00%,0.00%,0.09
01/15/2026,130,Bata Tuffoam Mall,Kenya,Nyanza,Kisumu,276,0,0.00%,45,0,0.00%,16.30%,0.00
02/13/2025,130,Bata Tuffoam Mall,Kenya,Nyanza,Kisumu,0,163,-100.00%,0,35,-100.00%,0.00%,0.21
01/22/2026,130,Bata Tuffoam Mall,Kenya,Nyanza,Kisumu,107,0,0.00%,29,0,0.00%,27.10%,0.00
02/21/2025,130,Bata Tuffoam Mall,Kenya,Nyanza,Kisumu,0,144,-100.00%,0,24,-100.00%,0.00%,0.17
01/21/2026,130,Bata Tuffoam Mall,Kenya,Nyanza,Kisumu,125,0,0.00%,31,0,0.00%,24.90%,0.00
02/25/2025,130,Bata Tuffoam Mall,Kenya,Nyanza,Kisumu,0,134,-100.00%,0,21,-100.00%,0.00%,0.16
01/25/2026,130,Bata Tuffoam Mall,Kenya,Nyanza,Kisumu,136,0,0.00%,18,0,0.00%,13.24%,0.00
02/22/2025,130,Bata Tuffoam Mall,Kenya,Nyanza,Kisumu,0,160,-100.00%,0,25,-100.00%,0.00%,0.16
01/26/2026,130,Bata Tuffoam Mall,Kenya,Nyanza,Kisumu,168,0,0.00%,10,0,0.00%,5.95%,0.00
02/16/2025,130,Bata Tuffoam Mall,Kenya,Nyanza,Kisumu,0,87,-100.00%,0,17,-100.00%,0.00%,0.20
02/07/2026,130,Bata Tuffoam Mall,Kenya,Nyanza,Kisumu,126,0,0.00%,34,0,0.00%,27.09%,0.00
03/01/2025,130,Bata Tuffoam Mall,Kenya,Nyanza,Kisumu,0,269,-100.00%,0,51,-100.00%,0.00%,0.19
01/28/2026,130,Bata Tuffoam Mall,Kenya,Nyanza,Kisumu,139,0,0.00%,26,0,0.00%,18.71%,0.00
02/27/2025,130,Bata Tuffoam Mall,Kenya,Nyanza,Kisumu,0,170,-100.00%,0,42,-100.00%,0.00%,0.25
02/09/2026,130,Bata Tuffoam Mall,Kenya,Nyanza,Kisumu,109,0,0.00%,22,0,0.00%,20.18%,0.00
02/28/2025,130,Bata Tuffoam Mall,Kenya,Nyanza,Kisumu,0,217,-100.00%,0,43,-100.00%,0.00%,0.20
01/29/2026,130,Bata Tuffoam Mall,Kenya,Nyanza,Kisumu,124,0,0.00%,21,0,0.00%,17.00%,0.00
03/03/2025,130,Bata Tuffoam Mall,Kenya,Nyanza,Kisumu,0,232,-100.00%,0,68,-100.00%,0.00%,0.29
02/17/2026,130,Bata Tuffoam Mall,Kenya,Nyanza,Kisumu,103,0,0.00%,13,0,0.00%,12.68%,0.00
03/06/2025,130,Bata Tuffoam Mall,Kenya,Nyanza,Kisumu,0,165,-100.00%,0,33,-100.00%,0.00%,0.20
02/11/2026,130,Bata Tuffoam Mall,Kenya,Nyanza,Kisumu,113,0,0.00%,28,0,0.00%,24.89%,0.00
01/14/2026,130,Bata Tuffoam Mall,Kenya,Nyanza,Kisumu,266,0,0.00%,95,0,0.00%,35.71%,0.00
02/23/2026,130,Bata Tuffoam Mall,Kenya,Nyanza,Kisumu,163,0,0.00%,42,0,0.00%,25.77%,0.00
03/02/2025,130,Bata Tuffoam Mall,Kenya,Nyanza,Kisumu,0,149,-100.00%,0,26,-100.00%,0.00%,0.17
02/16/2026,130,Bata Tuffoam Mall,Kenya,Nyanza,Kisumu,121,0,0.00%,20,0,0.00%,16.60%,0.00
01/13/2026,130,Bata Tuffoam Mall,Kenya,Nyanza,Kisumu,283,0,0.00%,93,0,0.00%,32.92%,0.00
03/05/2026,130,Bata Tuffoam Mall,Kenya,Nyanza,Kisumu,197,0,0.00%,48,0,0.00%,24.43%,0.00
03/09/2025,130,Bata Tuffoam Mall,Kenya,Nyanza,Kisumu,0,105,-100.00%,0,12,-100.00%,0.00%,0.11
02/24/2026,130,Bata Tuffoam Mall,Kenya,Nyanza,Kisumu,141,0,0.00%,30,0,0.00%,21.28%,0.00
01/17/2026,130,Bata Tuffoam Mall,Kenya,Nyanza,Kisumu,185,0,0.00%,36,0,0.00%,19.51%,0.00
03/06/2026,130,Bata Tuffoam Mall,Kenya,Nyanza,Kisumu,229,0,0.00%,49,0,0.00%,21.40%,0.00
03/05/2025,130,Bata Tuffoam Mall,Kenya,Nyanza,Kisumu,0,188,-100.00%,0,29,-100.00%,0.00%,0.15
02/27/2026,130,Bata Tuffoam Mall,Kenya,Nyanza,Kisumu,214,0,0.00%,46,0,0.00%,21.50%,0.00
01/16/2026,130,Bata Tuffoam Mall,Kenya,Nyanza,Kisumu,167,0,0.00%,37,0,0.00%,22.16%,0.00
03/01/2026,130,Bata Tuffoam Mall,Kenya,Nyanza,Kisumu,181,0,0.00%,42,0,0.00%,23.20%,0.00
01/05/2026,130,Bata Tuffoam Mall,Kenya,Nyanza,Kisumu,557,0,0.00%,169,0,0.00%,30.37%,0.00
03/07/2026,130,Bata Tuffoam Mall,Kenya,Nyanza,Kisumu,90,0,0.00%,36,0,0.00%,40.22%,0.00
02/01/2026,130,Bata Tuffoam Mall,Kenya,Nyanza,Kisumu,97,0,0.00%,11,0,0.00%,11.40%,0.00
03/08/2025,130,Bata Tuffoam Mall,Kenya,Nyanza,Kisumu,0,151,-100.00%,0,33,-100.00%,0.00%,0.22
01/18/2026,130,Bata Tuffoam Mall,Kenya,Nyanza,Kisumu,177,0,0.00%,39,0,0.00%,22.03%,0.00
01/07/2026,130,Bata Tuffoam Mall,Kenya,Nyanza,Kisumu,385,0,0.00%,137,0,0.00%,35.58%,0.00
02/04/2026,130,Bata Tuffoam Mall,Kenya,Nyanza,Kisumu,126,0,0.00%,27,0,0.00%,21.43%,0.00
01/01/2026,130,Bata Tuffoam Mall,Kenya,Nyanza,Kisumu,207,0,0.00%,11,0,0.00%,5.31%,0.00
01/23/2026,130,Bata Tuffoam Mall,Kenya,Nyanza,Kisumu,217,0,0.00%,34,0,0.00%,15.67%,0.00
01/08/2026,130,Bata Tuffoam Mall,Kenya,Nyanza,Kisumu,360,0,0.00%,103,0,0.00%,28.61%,0.00
02/10/2026,130,Bata Tuffoam Mall,Kenya,Nyanza,Kisumu,105,0,0.00%,17,0,0.00%,16.19%,0.00
01/03/2026,130,Bata Tuffoam Mall,Kenya,Nyanza,Kisumu,398,0,0.00%,111,0,0.00%,27.89%,0.00
01/24/2026,130,Bata Tuffoam Mall,Kenya,Nyanza,Kisumu,165,0,0.00%,28,0,0.00%,17.02%,0.00
01/10/2026,130,Bata Tuffoam Mall,Kenya,Nyanza,Kisumu,464,0,0.00%,147,0,0.00%,31.72%,0.00
02/12/2026,130,Bata Tuffoam Mall,Kenya,Nyanza,Kisumu,123,0,0.00%,23,0,0.00%,18.78%,0.00
01/04/2026,130,Bata Tuffoam Mall,Kenya,Nyanza,Kisumu,380,0,0.00%,113,0,0.00%,29.74%,0.00
02/03/2026,130,Bata Tuffoam Mall,Kenya,Nyanza,Kisumu,118,0,0.00%,25,0,0.00%,21.28%,0.00
01/31/2026,130,Bata Tuffoam Mall,Kenya,Nyanza,Kisumu,172,0,0.00%,32,0,0.00%,18.66%,0.00
02/18/2026,130,Bata Tuffoam Mall,Kenya,Nyanza,Kisumu,95,0,0.00%,22,0,0.00%,23.16%,0.00
01/06/2026,130,Bata Tuffoam Mall,Kenya,Nyanza,Kisumu,488,0,0.00%,141,0,0.00%,28.89%,0.00
02/14/2026,130,Bata Tuffoam Mall,Kenya,Nyanza,Kisumu,103,0,0.00%,29,0,0.00%,28.16%,0.00
02/05/2026,130,Bata Tuffoam Mall,Kenya,Nyanza,Kisumu,127,0,0.00%,25,0,0.00%,19.69%,0.00
02/20/2026,130,Bata Tuffoam Mall,Kenya,Nyanza,Kisumu,135,0,0.00%,10,0,0.00%,7.41%,0.00
01/09/2026,130,Bata Tuffoam Mall,Kenya,Nyanza,Kisumu,295,0,0.00%,105,0,0.00%,35.59%,0.00
02/19/2026,130,Bata Tuffoam Mall,Kenya,Nyanza,Kisumu,89,0,0.00%,19,0,0.00%,21.47%,0.00
02/06/2026,130,Bata Tuffoam Mall,Kenya,Nyanza,Kisumu,130,0,0.00%,22,0,0.00%,16.92%,0.00
02/28/2026,130,Bata Tuffoam Mall,Kenya,Nyanza,Kisumu,260,0,0.00%,69,0,0.00%,26.54%,0.00
01/12/2026,130,Bata Tuffoam Mall,Kenya,Nyanza,Kisumu,360,0,0.00%,110,0,0.00%,30.60%,0.00
03/02/2026,130,Bata Tuffoam Mall,Kenya,Nyanza,Kisumu,233,0,0.00%,56,0,0.00%,24.03%,0.00
02/08/2026,130,Bata Tuffoam Mall,Kenya,Nyanza,Kisumu,82,0,0.00%,22,0,0.00%,26.83%,0.00
03/03/2026,130,Bata Tuffoam Mall,Kenya,Nyanza,Kisumu,270,0,0.00%,73,0,0.00%,27.04%,0.00
01/27/2026,130,Bata Tuffoam Mall,Kenya,Nyanza,Kisumu,200,0,0.00%,21,0,0.00%,10.53%,0.00
03/04/2026,130,Bata Tuffoam Mall,Kenya,Nyanza,Kisumu,171,0,0.00%,41,0,0.00%,24.05%,0.00
02/13/2026,130,Bata Tuffoam Mall,Kenya,Nyanza,Kisumu,121,0,0.00%,21,0,0.00%,17.36%,0.00
03/09/2026,130,Bata Tuffoam Mall,Kenya,Nyanza,Kisumu,11,0,0.00%,0,0,0.00%,0.00%,0.00
01/30/2026,130,Bata Tuffoam Mall,Kenya,Nyanza,Kisumu,108,0,0.00%,23,0,0.00%,21.40%,0.00
02/21/2026,130,Bata Tuffoam Mall,Kenya,Nyanza,Kisumu,93,0,0.00%,32,0,0.00%,34.41%,0.00
02/02/2026,130,Bata Tuffoam Mall,Kenya,Nyanza,Kisumu,107,0,0.00%,19,0,0.00%,17.84%,0.00
02/22/2026,130,Bata Tuffoam Mall,Kenya,Nyanza,Kisumu,86,0,0.00%,33,0,0.00%,38.37%,0.00
02/15/2026,130,Bata Tuffoam Mall,Kenya,Nyanza,Kisumu,71,0,0.00%,19,0,0.00%,26.95%,0.00
02/25/2026,130,Bata Tuffoam Mall,Kenya,Nyanza,Kisumu,173,0,0.00%,32,0,0.00%,18.50%,0.00
02/26/2026,130,Bata Tuffoam Mall,Kenya,Nyanza,Kisumu,194,0,0.00%,41,0,0.00%,21.19%,0.00
03/08/2026,130,Bata Tuffoam Mall,Kenya,Nyanza,Kisumu,49,0,0.00%,16,0,0.00%,32.65%,0.00
01/05/2025,63,Bata Two Rivers,Kenya,Nairobi West,Karuri,0,1048,-100.00%,0,213,-100.00%,0.00%,0.20
01/03/2025,63,Bata Two Rivers,Kenya,Nairobi West,Karuri,0,580,-100.00%,0,149,-100.00%,0.00%,0.26
01/10/2025,63,Bata Two Rivers,Kenya,Nairobi West,Karuri,0,219,-100.00%,0,41,-100.00%,0.00%,0.19
01/01/2025,63,Bata Two Rivers,Kenya,Nairobi West,Karuri,0,621,-100.00%,0,1,-100.00%,0.00%,0.00
01/06/2025,63,Bata Two Rivers,Kenya,Nairobi West,Karuri,0,896,-100.00%,0,227,-100.00%,0.00%,0.25
01/04/2025,63,Bata Two Rivers,Kenya,Nairobi West,Karuri,0,750,-100.00%,0,164,-100.00%,0.00%,0.22
01/15/2025,63,Bata Two Rivers,Kenya,Nairobi West,Karuri,0,154,-100.00%,0,36,-100.00%,0.00%,0.23
01/14/2025,63,Bata Two Rivers,Kenya,Nairobi West,Karuri,0,190,-100.00%,0,54,-100.00%,0.00%,0.28
01/08/2025,63,Bata Two Rivers,Kenya,Nairobi West,Karuri,0,317,-100.00%,0,97,-100.00%,0.00%,0.31
01/11/2025,63,Bata Two Rivers,Kenya,Nairobi West,Karuri,0,425,-100.00%,0,93,-100.00%,0.00%,0.22
01/17/2025,63,Bata Two Rivers,Kenya,Nairobi West,Karuri,0,149,-100.00%,0,26,-100.00%,0.00%,0.17
01/02/2025,63,Bata Two Rivers,Kenya,Nairobi West,Karuri,0,476,-100.00%,0,169,-100.00%,0.00%,0.36
01/16/2025,63,Bata Two Rivers,Kenya,Nairobi West,Karuri,0,140,-100.00%,0,31,-100.00%,0.00%,0.22
01/07/2025,63,Bata Two Rivers,Kenya,Nairobi West,Karuri,0,593,-100.00%,0,150,-100.00%,0.00%,0.25
01/18/2025,63,Bata Two Rivers,Kenya,Nairobi West,Karuri,0,302,-100.00%,0,59,-100.00%,0.00%,0.20
01/29/2025,63,Bata Two Rivers,Kenya,Nairobi West,Karuri,0,160,-100.00%,0,27,-100.00%,0.00%,0.17
01/19/2025,63,Bata Two Rivers,Kenya,Nairobi West,Karuri,0,500,-100.00%,0,71,-100.00%,0.00%,0.14
01/13/2025,63,Bata Two Rivers,Kenya,Nairobi West,Karuri,0,165,-100.00%,0,43,-100.00%,0.00%,0.26
01/23/2025,63,Bata Two Rivers,Kenya,Nairobi West,Karuri,0,113,-100.00%,0,26,-100.00%,0.00%,0.23
01/09/2025,63,Bata Two Rivers,Kenya,Nairobi West,Karuri,0,214,-100.00%,0,57,-100.00%,0.00%,0.27
01/21/2025,63,Bata Two Rivers,Kenya,Nairobi West,Karuri,0,101,-100.00%,0,28,-100.00%,0.00%,0.28
01/12/2025,63,Bata Two Rivers,Kenya,Nairobi West,Karuri,0,717,-100.00%,0,145,-100.00%,0.00%,0.20
01/31/2025,63,Bata Two Rivers,Kenya,Nairobi West,Karuri,0,192,-100.00%,0,36,-100.00%,0.00%,0.19
02/04/2025,63,Bata Two Rivers,Kenya,Nairobi West,Karuri,0,155,-100.00%,0,26,-100.00%,0.00%,0.17
01/24/2025,63,Bata Two Rivers,Kenya,Nairobi West,Karuri,0,136,-100.00%,0,27,-100.00%,0.00%,0.20
01/22/2025,63,Bata Two Rivers,Kenya,Nairobi West,Karuri,0,139,-100.00%,0,25,-100.00%,0.00%,0.18
02/03/2025,63,Bata Two Rivers,Kenya,Nairobi West,Karuri,0,147,-100.00%,0,31,-100.00%,0.00%,0.21
01/20/2025,63,Bata Two Rivers,Kenya,Nairobi West,Karuri,0,163,-100.00%,0,37,-100.00%,0.00%,0.23
01/30/2025,63,Bata Two Rivers,Kenya,Nairobi West,Karuri,0,133,-100.00%,0,36,-100.00%,0.00%,0.27
01/28/2025,63,Bata Two Rivers,Kenya,Nairobi West,Karuri,0,144,-100.00%,0,54,-100.00%,0.00%,0.38
02/10/2025,63,Bata Two Rivers,Kenya,Nairobi West,Karuri,0,129,-100.00%,0,31,-100.00%,0.00%,0.24
02/06/2025,63,Bata Two Rivers,Kenya,Nairobi West,Karuri,0,127,-100.00%,0,23,-100.00%,0.00%,0.18
02/01/2025,63,Bata Two Rivers,Kenya,Nairobi West,Karuri,0,264,-100.00%,0,51,-100.00%,0.00%,0.19
01/27/2025,63,Bata Two Rivers,Kenya,Nairobi West,Karuri,0,143,-100.00%,0,0,0.00%,0.00%,0.00
02/24/2025,63,Bata Two Rivers,Kenya,Nairobi West,Karuri,0,98,-100.00%,0,23,-100.00%,0.00%,0.23
01/25/2025,63,Bata Two Rivers,Kenya,Nairobi West,Karuri,0,335,-100.00%,0,61,-100.00%,0.00%,0.18
02/07/2025,63,Bata Two Rivers,Kenya,Nairobi West,Karuri,0,171,-100.00%,0,35,-100.00%,0.00%,0.20
02/08/2025,63,Bata Two Rivers,Kenya,Nairobi West,Karuri,0,328,-100.00%,0,67,-100.00%,0.00%,0.20
02/26/2025,63,Bata Two Rivers,Kenya,Nairobi West,Karuri,0,131,-100.00%,0,23,-100.00%,0.00%,0.18
02/11/2025,63,Bata Two Rivers,Kenya,Nairobi West,Karuri,0,155,-100.00%,0,28,-100.00%,0.00%,0.18
02/12/2025,63,Bata Two Rivers,Kenya,Nairobi West,Karuri,0,146,-100.00%,0,30,-100.00%,0.00%,0.21
02/09/2025,63,Bata Two Rivers,Kenya,Nairobi West,Karuri,0,321,-100.00%,0,60,-100.00%,0.00%,0.19
03/09/2025,63,Bata Two Rivers,Kenya,Nairobi West,Karuri,0,368,-100.00%,0,63,-100.00%,0.00%,0.17
01/26/2025,63,Bata Two Rivers,Kenya,Nairobi West,Karuri,0,383,-100.00%,0,52,-100.00%,0.00%,0.14
02/25/2025,63,Bata Two Rivers,Kenya,Nairobi West,Karuri,0,148,-100.00%,0,35,-100.00%,0.00%,0.24
02/16/2025,63,Bata Two Rivers,Kenya,Nairobi West,Karuri,0,432,-100.00%,0,65,-100.00%,0.00%,0.15
01/02/2026,63,Bata Two Rivers,Kenya,Nairobi West,Karuri,610,0,0.00%,174,0,0.00%,28.52%,0.00
02/14/2025,63,Bata Two Rivers,Kenya,Nairobi West,Karuri,0,0,0.00%,0,27,-100.00%,0.00%,0.00
03/02/2025,63,Bata Two Rivers,Kenya,Nairobi West,Karuri,0,481,-100.00%,0,95,-100.00%,0.00%,0.20
02/17/2025,63,Bata Two Rivers,Kenya,Nairobi West,Karuri,0,101,-100.00%,0,17,-100.00%,0.00%,0.17
01/16/2026,63,Bata Two Rivers,Kenya,Nairobi West,Karuri,172,0,0.00%,38,0,0.00%,22.09%,0.00
02/02/2025,63,Bata Two Rivers,Kenya,Nairobi West,Karuri,0,458,-100.00%,0,94,-100.00%,0.00%,0.21
01/06/2026,63,Bata Two Rivers,Kenya,Nairobi West,Karuri,715,0,0.00%,159,0,0.00%,22.24%,0.00
02/18/2025,63,Bata Two Rivers,Kenya,Nairobi West,Karuri,0,130,-100.00%,0,33,-100.00%,0.00%,0.25
02/03/2026,63,Bata Two Rivers,Kenya,Nairobi West,Karuri,145,0,0.00%,25,0,0.00%,17.30%,0.00
02/19/2025,63,Bata Two Rivers,Kenya,Nairobi West,Karuri,0,117,-100.00%,0,27,-100.00%,0.00%,0.23
01/11/2026,63,Bata Two Rivers,Kenya,Nairobi West,Karuri,755,0,0.00%,122,0,0.00%,16.16%,0.00
02/20/2025,63,Bata Two Rivers,Kenya,Nairobi West,Karuri,0,164,-100.00%,0,35,-100.00%,0.00%,0.21
02/19/2026,63,Bata Two Rivers,Kenya,Nairobi West,Karuri,117,0,0.00%,21,0,0.00%,18.03%,0.00
02/05/2025,63,Bata Two Rivers,Kenya,Nairobi West,Karuri,0,129,-100.00%,0,25,-100.00%,0.00%,0.19
01/12/2026,63,Bata Two Rivers,Kenya,Nairobi West,Karuri,265,0,0.00%,49,0,0.00%,18.49%,0.00
02/23/2025,63,Bata Two Rivers,Kenya,Nairobi West,Karuri,0,365,-100.00%,0,61,-100.00%,0.00%,0.17
02/21/2026,63,Bata Two Rivers,Kenya,Nairobi West,Karuri,238,0,0.00%,42,0,0.00%,17.68%,0.00
02/22/2025,63,Bata Two Rivers,Kenya,Nairobi West,Karuri,0,263,-100.00%,0,38,-100.00%,0.00%,0.14
01/17/2026,63,Bata Two Rivers,Kenya,Nairobi West,Karuri,263,0,0.00%,41,0,0.00%,15.62%,0.00
02/27/2025,63,Bata Two Rivers,Kenya,Nairobi West,Karuri,0,145,-100.00%,0,22,-100.00%,0.00%,0.15
03/02/2026,63,Bata Two Rivers,Kenya,Nairobi West,Karuri,251,0,0.00%,61,0,0.00%,24.30%,0.00
02/13/2025,63,Bata Two Rivers,Kenya,Nairobi West,Karuri,0,31,-100.00%,0,22,-100.00%,0.00%,0.71
01/19/2026,63,Bata Two Rivers,Kenya,Nairobi West,Karuri,111,0,0.00%,27,0,0.00%,24.32%,0.00
03/01/2025,63,Bata Two Rivers,Kenya,Nairobi West,Karuri,0,330,-100.00%,0,66,-100.00%,0.00%,0.20
01/22/2026,63,Bata Two Rivers,Kenya,Nairobi West,Karuri,142,0,0.00%,20,0,0.00%,14.13%,0.00
03/05/2025,63,Bata Two Rivers,Kenya,Nairobi West,Karuri,0,174,-100.00%,0,31,-100.00%,0.00%,0.18
01/24/2026,63,Bata Two Rivers,Kenya,Nairobi West,Karuri,317,0,0.00%,58,0,0.00%,18.33%,0.00
02/28/2025,63,Bata Two Rivers,Kenya,Nairobi West,Karuri,0,200,-100.00%,0,44,-100.00%,0.00%,0.22
01/30/2026,63,Bata Two Rivers,Kenya,Nairobi West,Karuri,167,0,0.00%,31,0,0.00%,18.56%,0.00
02/15/2025,63,Bata Two Rivers,Kenya,Nairobi West,Karuri,0,157,-100.00%,0,55,-100.00%,0.00%,0.35
02/07/2026,63,Bata Two Rivers,Kenya,Nairobi West,Karuri,265,0,0.00%,58,0,0.00%,21.89%,0.00
03/03/2025,63,Bata Two Rivers,Kenya,Nairobi West,Karuri,0,218,-100.00%,0,55,-100.00%,0.00%,0.25
02/17/2026,63,Bata Two Rivers,Kenya,Nairobi West,Karuri,118,0,0.00%,13,0,0.00%,11.02%,0.00
01/01/2026,63,Bata Two Rivers,Kenya,Nairobi West,Karuri,594,0,0.00%,0,0,0.00%,0.00%,0.00
02/18/2026,63,Bata Two Rivers,Kenya,Nairobi West,Karuri,134,0,0.00%,18,0,0.00%,13.48%,0.00
03/07/2025,63,Bata Two Rivers,Kenya,Nairobi West,Karuri,0,169,-100.00%,0,33,-100.00%,0.00%,0.20
02/20/2026,63,Bata Two Rivers,Kenya,Nairobi West,Karuri,139,0,0.00%,28,0,0.00%,20.22%,0.00
02/21/2025,63,Bata Two Rivers,Kenya,Nairobi West,Karuri,0,157,-100.00%,0,29,-100.00%,0.00%,0.18
02/25/2026,63,Bata Two Rivers,Kenya,Nairobi West,Karuri,175,0,0.00%,35,0,0.00%,20.06%,0.00
01/07/2026,63,Bata Two Rivers,Kenya,Nairobi West,Karuri,506,0,0.00%,111,0,0.00%,21.96%,0.00
03/03/2026,63,Bata Two Rivers,Kenya,Nairobi West,Karuri,175,0,0.00%,32,0,0.00%,18.34%,0.00
01/04/2026,63,Bata Two Rivers,Kenya,Nairobi West,Karuri,1139,0,0.00%,208,0,0.00%,18.27%,0.00
03/05/2026,63,Bata Two Rivers,Kenya,Nairobi West,Karuri,141,0,0.00%,32,0,0.00%,22.78%,0.00
03/08/2025,63,Bata Two Rivers,Kenya,Nairobi West,Karuri,0,272,-100.00%,0,52,-100.00%,0.00%,0.19
03/08/2026,63,Bata Two Rivers,Kenya,Nairobi West,Karuri,418,0,0.00%,80,0,0.00%,19.14%,0.00
03/04/2025,63,Bata Two Rivers,Kenya,Nairobi West,Karuri,0,170,-100.00%,0,44,-100.00%,0.00%,0.26
01/13/2026,63,Bata Two Rivers,Kenya,Nairobi West,Karuri,219,0,0.00%,52,0,0.00%,23.80%,0.00
01/09/2026,63,Bata Two Rivers,Kenya,Nairobi West,Karuri,334,0,0.00%,74,0,0.00%,22.16%,0.00
01/03/2026,63,Bata Two Rivers,Kenya,Nairobi West,Karuri,776,0,0.00%,161,0,0.00%,20.76%,0.00
03/06/2025,63,Bata Two Rivers,Kenya,Nairobi West,Karuri,0,183,-100.00%,0,31,-100.00%,0.00%,0.17
01/18/2026,63,Bata Two Rivers,Kenya,Nairobi West,Karuri,458,0,0.00%,70,0,0.00%,15.28%,0.00
01/25/2026,63,Bata Two Rivers,Kenya,Nairobi West,Karuri,366,0,0.00%,67,0,0.00%,18.31%,0.00
01/14/2026,63,Bata Two Rivers,Kenya,Nairobi West,Karuri,222,0,0.00%,52,0,0.00%,23.48%,0.00
01/05/2026,63,Bata Two Rivers,Kenya,Nairobi West,Karuri,818,0,0.00%,198,0,0.00%,24.22%,0.00
01/21/2026,63,Bata Two Rivers,Kenya,Nairobi West,Karuri,135,0,0.00%,29,0,0.00%,21.48%,0.00
02/01/2026,63,Bata Two Rivers,Kenya,Nairobi West,Karuri,384,0,0.00%,55,0,0.00%,14.32%,0.00
01/27/2026,63,Bata Two Rivers,Kenya,Nairobi West,Karuri,151,0,0.00%,55,0,0.00%,36.42%,0.00
01/08/2026,63,Bata Two Rivers,Kenya,Nairobi West,Karuri,338,0,0.00%,78,0,0.00%,23.08%,0.00
01/23/2026,63,Bata Two Rivers,Kenya,Nairobi West,Karuri,188,0,0.00%,32,0,0.00%,17.02%,0.00
02/02/2026,63,Bata Two Rivers,Kenya,Nairobi West,Karuri,132,0,0.00%,22,0,0.00%,16.67%,0.00
02/09/2026,63,Bata Two Rivers,Kenya,Nairobi West,Karuri,136,0,0.00%,26,0,0.00%,19.19%,0.00
01/10/2026,63,Bata Two Rivers,Kenya,Nairobi West,Karuri,537,0,0.00%,105,0,0.00%,19.57%,0.00
01/29/2026,63,Bata Two Rivers,Kenya,Nairobi West,Karuri,135,0,0.00%,27,0,0.00%,20.07%,0.00
02/04/2026,63,Bata Two Rivers,Kenya,Nairobi West,Karuri,123,0,0.00%,27,0,0.00%,21.95%,0.00
02/10/2026,63,Bata Two Rivers,Kenya,Nairobi West,Karuri,129,0,0.00%,31,0,0.00%,24.12%,0.00
01/15/2026,63,Bata Two Rivers,Kenya,Nairobi West,Karuri,216,0,0.00%,50,0,0.00%,23.20%,0.00
01/31/2026,63,Bata Two Rivers,Kenya,Nairobi West,Karuri,313,0,0.00%,47,0,0.00%,15.02%,0.00
02/12/2026,63,Bata Two Rivers,Kenya,Nairobi West,Karuri,144,0,0.00%,36,0,0.00%,25.09%,0.00
02/23/2026,63,Bata Two Rivers,Kenya,Nairobi West,Karuri,104,0,0.00%,21,0,0.00%,20.29%,0.00
01/20/2026,63,Bata Two Rivers,Kenya,Nairobi West,Karuri,150,0,0.00%,27,0,0.00%,18.06%,0.00
02/06/2026,63,Bata Two Rivers,Kenya,Nairobi West,Karuri,183,0,0.00%,30,0,0.00%,16.39%,0.00
02/15/2026,63,Bata Two Rivers,Kenya,Nairobi West,Karuri,367,0,0.00%,60,0,0.00%,16.35%,0.00
02/26/2026,63,Bata Two Rivers,Kenya,Nairobi West,Karuri,181,0,0.00%,39,0,0.00%,21.55%,0.00
01/26/2026,63,Bata Two Rivers,Kenya,Nairobi West,Karuri,157,0,0.00%,0,0,0.00%,0.00%,0.00
02/11/2026,63,Bata Two Rivers,Kenya,Nairobi West,Karuri,145,0,0.00%,28,0,0.00%,19.31%,0.00
02/28/2026,63,Bata Two Rivers,Kenya,Nairobi West,Karuri,375,0,0.00%,84,0,0.00%,22.43%,0.00
02/13/2026,63,Bata Two Rivers,Kenya,Nairobi West,Karuri,203,0,0.00%,37,0,0.00%,18.23%,0.00
01/28/2026,63,Bata Two Rivers,Kenya,Nairobi West,Karuri,160,0,0.00%,24,0,0.00%,15.05%,0.00
02/14/2026,63,Bata Two Rivers,Kenya,Nairobi West,Karuri,322,0,0.00%,59,0,0.00%,18.32%,0.00
03/06/2026,63,Bata Two Rivers,Kenya,Nairobi West,Karuri,151,0,0.00%,29,0,0.00%,19.21%,0.00
02/16/2026,63,Bata Two Rivers,Kenya,Nairobi West,Karuri,135,0,0.00%,22,0,0.00%,16.30%,0.00
02/05/2026,63,Bata Two Rivers,Kenya,Nairobi West,Karuri,115,0,0.00%,30,0,0.00%,26.20%,0.00
02/24/2026,63,Bata Two Rivers,Kenya,Nairobi West,Karuri,115,0,0.00%,21,0,0.00%,18.34%,0.00
02/08/2026,63,Bata Two Rivers,Kenya,Nairobi West,Karuri,494,0,0.00%,72,0,0.00%,14.57%,0.00
02/27/2026,63,Bata Two Rivers,Kenya,Nairobi West,Karuri,261,0,0.00%,51,0,0.00%,19.54%,0.00
02/22/2026,63,Bata Two Rivers,Kenya,Nairobi West,Karuri,339,0,0.00%,54,0,0.00%,15.93%,0.00
03/04/2026,63,Bata Two Rivers,Kenya,Nairobi West,Karuri,148,0,0.00%,27,0,0.00%,18.31%,0.00
03/01/2026,63,Bata Two Rivers,Kenya,Nairobi West,Karuri,596,0,0.00%,97,0,0.00%,16.28%,0.00
03/07/2026,63,Bata Two Rivers,Kenya,Nairobi West,Karuri,300,0,0.00%,64,0,0.00%,21.37%,0.00
03/09/2026,63,Bata Two Rivers,Kenya,Nairobi West,Karuri,10,0,0.00%,0,0,0.00%,0.00%,0.00
01/03/2025,134,Bata United Mall,Kenya,Nyanza,Kisumu,0,665,-100.00%,0,209,-100.00%,0.00%,0.31
01/02/2025,134,Bata United Mall,Kenya,Nyanza,Kisumu,0,513,-100.00%,0,160,-100.00%,0.00%,0.31
01/01/2025,134,Bata United Mall,Kenya,Nyanza,Kisumu,0,295,-100.00%,0,54,-100.00%,0.00%,0.18
01/09/2025,134,Bata United Mall,Kenya,Nyanza,Kisumu,0,356,-100.00%,0,109,-100.00%,0.00%,0.31
01/06/2025,134,Bata United Mall,Kenya,Nyanza,Kisumu,0,899,-100.00%,0,345,-100.00%,0.00%,0.38
01/05/2025,134,Bata United Mall,Kenya,Nyanza,Kisumu,0,829,-100.00%,0,303,-100.00%,0.00%,0.37
01/17/2025,134,Bata United Mall,Kenya,Nyanza,Kisumu,0,130,-100.00%,0,47,-100.00%,0.00%,0.36
01/08/2025,134,Bata United Mall,Kenya,Nyanza,Kisumu,0,666,-100.00%,0,229,-100.00%,0.00%,0.34
01/27/2025,134,Bata United Mall,Kenya,Nyanza,Kisumu,0,107,-100.00%,0,28,-100.00%,0.00%,0.26
01/04/2025,134,Bata United Mall,Kenya,Nyanza,Kisumu,0,855,-100.00%,0,296,-100.00%,0.00%,0.35
01/20/2025,134,Bata United Mall,Kenya,Nyanza,Kisumu,0,136,-100.00%,0,34,-100.00%,0.00%,0.25
01/18/2025,134,Bata United Mall,Kenya,Nyanza,Kisumu,0,188,-100.00%,0,74,-100.00%,0.00%,0.39
01/30/2025,134,Bata United Mall,Kenya,Nyanza,Kisumu,0,123,-100.00%,0,41,-100.00%,0.00%,0.33
01/11/2025,134,Bata United Mall,Kenya,Nyanza,Kisumu,0,355,-100.00%,0,122,-100.00%,0.00%,0.34
01/23/2025,134,Bata United Mall,Kenya,Nyanza,Kisumu,0,105,-100.00%,0,40,-100.00%,0.00%,0.38
01/14/2025,134,Bata United Mall,Kenya,Nyanza,Kisumu,0,186,-100.00%,0,74,-100.00%,0.00%,0.40
02/06/2025,134,Bata United Mall,Kenya,Nyanza,Kisumu,0,176,-100.00%,0,57,-100.00%,0.00%,0.32
01/07/2025,134,Bata United Mall,Kenya,Nyanza,Kisumu,0,842,-100.00%,0,369,-100.00%,0.00%,0.44
02/03/2025,134,Bata United Mall,Kenya,Nyanza,Kisumu,0,141,-100.00%,0,41,-100.00%,0.00%,0.29
01/28/2025,134,Bata United Mall,Kenya,Nyanza,Kisumu,0,178,-100.00%,0,45,-100.00%,0.00%,0.25
02/17/2025,134,Bata United Mall,Kenya,Nyanza,Kisumu,0,109,-100.00%,0,39,-100.00%,0.00%,0.36
01/13/2025,134,Bata United Mall,Kenya,Nyanza,Kisumu,0,242,-100.00%,0,78,-100.00%,0.00%,0.32
02/05/2025,134,Bata United Mall,Kenya,Nyanza,Kisumu,0,140,-100.00%,0,35,-100.00%,0.00%,0.25
01/16/2025,134,Bata United Mall,Kenya,Nyanza,Kisumu,0,140,-100.00%,0,55,-100.00%,0.00%,0.39
02/19/2025,134,Bata United Mall,Kenya,Nyanza,Kisumu,0,116,-100.00%,0,47,-100.00%,0.00%,0.41
01/10/2025,134,Bata United Mall,Kenya,Nyanza,Kisumu,0,205,-100.00%,0,76,-100.00%,0.00%,0.37
02/08/2025,134,Bata United Mall,Kenya,Nyanza,Kisumu,0,188,-100.00%,0,68,-100.00%,0.00%,0.36
02/10/2025,134,Bata United Mall,Kenya,Nyanza,Kisumu,0,116,-100.00%,0,35,-100.00%,0.00%,0.30
03/05/2025,134,Bata United Mall,Kenya,Nyanza,Kisumu,0,159,-100.00%,0,63,-100.00%,0.00%,0.40
01/21/2025,134,Bata United Mall,Kenya,Nyanza,Kisumu,0,132,-100.00%,0,38,-100.00%,0.00%,0.29
02/15/2025,134,Bata United Mall,Kenya,Nyanza,Kisumu,0,234,-100.00%,0,72,-100.00%,0.00%,0.31
01/19/2025,134,Bata United Mall,Kenya,Nyanza,Kisumu,0,213,-100.00%,0,74,-100.00%,0.00%,0.35
03/07/2025,134,Bata United Mall,Kenya,Nyanza,Kisumu,0,194,-100.00%,0,58,-100.00%,0.00%,0.30
01/12/2025,134,Bata United Mall,Kenya,Nyanza,Kisumu,0,371,-100.00%,0,139,-100.00%,0.00%,0.37
02/18/2025,134,Bata United Mall,Kenya,Nyanza,Kisumu,0,101,-100.00%,0,35,-100.00%,0.00%,0.35
02/13/2025,134,Bata United Mall,Kenya,Nyanza,Kisumu,0,147,-100.00%,0,76,-100.00%,0.00%,0.52
01/06/2026,134,Bata United Mall,Kenya,Nyanza,Kisumu,988,0,0.00%,355,0,0.00%,35.93%,0.00
01/22/2025,134,Bata United Mall,Kenya,Nyanza,Kisumu,0,215,-100.00%,0,49,-100.00%,0.00%,0.23
02/26/2025,134,Bata United Mall,Kenya,Nyanza,Kisumu,0,165,-100.00%,0,72,-100.00%,0.00%,0.44
02/07/2025,134,Bata United Mall,Kenya,Nyanza,Kisumu,0,151,-100.00%,0,67,-100.00%,0.00%,0.44
01/11/2026,134,Bata United Mall,Kenya,Nyanza,Kisumu,705,0,0.00%,243,0,0.00%,34.47%,0.00
01/15/2025,134,Bata United Mall,Kenya,Nyanza,Kisumu,0,161,-100.00%,0,69,-100.00%,0.00%,0.43
03/01/2025,134,Bata United Mall,Kenya,Nyanza,Kisumu,0,347,-100.00%,0,99,-100.00%,0.00%,0.29
02/16/2025,134,Bata United Mall,Kenya,Nyanza,Kisumu,0,153,-100.00%,0,48,-100.00%,0.00%,0.31
01/12/2026,134,Bata United Mall,Kenya,Nyanza,Kisumu,558,0,0.00%,185,0,0.00%,33.18%,0.00
01/24/2025,134,Bata United Mall,Kenya,Nyanza,Kisumu,0,138,-100.00%,0,47,-100.00%,0.00%,0.34
03/04/2025,134,Bata United Mall,Kenya,Nyanza,Kisumu,0,223,-100.00%,0,98,-100.00%,0.00%,0.44
02/09/2025,134,Bata United Mall,Kenya,Nyanza,Kisumu,0,165,-100.00%,0,45,-100.00%,0.00%,0.27
01/17/2026,134,Bata United Mall,Kenya,Nyanza,Kisumu,260,0,0.00%,71,0,0.00%,27.36%,0.00
01/25/2025,134,Bata United Mall,Kenya,Nyanza,Kisumu,0,196,-100.00%,0,63,-100.00%,0.00%,0.32
03/06/2025,134,Bata United Mall,Kenya,Nyanza,Kisumu,0,135,-100.00%,0,64,-100.00%,0.00%,0.47
02/21/2025,134,Bata United Mall,Kenya,Nyanza,Kisumu,0,127,-100.00%,0,45,-100.00%,0.00%,0.35
02/09/2026,134,Bata United Mall,Kenya,Nyanza,Kisumu,179,0,0.00%,37,0,0.00%,20.73%,0.00
01/29/2025,134,Bata United Mall,Kenya,Nyanza,Kisumu,0,149,-100.00%,0,48,-100.00%,0.00%,0.32
03/09/2025,134,Bata United Mall,Kenya,Nyanza,Kisumu,0,166,-100.00%,0,59,-100.00%,0.00%,0.36
02/12/2025,134,Bata United Mall,Kenya,Nyanza,Kisumu,0,118,-100.00%,0,30,-100.00%,0.00%,0.25
02/12/2026,134,Bata United Mall,Kenya,Nyanza,Kisumu,119,0,0.00%,28,0,0.00%,23.63%,0.00
01/26/2025,134,Bata United Mall,Kenya,Nyanza,Kisumu,0,169,-100.00%,0,49,-100.00%,0.00%,0.29
01/05/2026,134,Bata United Mall,Kenya,Nyanza,Kisumu,969,0,0.00%,338,0,0.00%,34.90%,0.00
02/23/2025,134,Bata United Mall,Kenya,Nyanza,Kisumu,0,109,-100.00%,0,31,-100.00%,0.00%,0.28
02/15/2026,134,Bata United Mall,Kenya,Nyanza,Kisumu,259,0,0.00%,51,0,0.00%,19.73%,0.00
02/01/2025,134,Bata United Mall,Kenya,Nyanza,Kisumu,0,204,-100.00%,0,58,-100.00%,0.00%,0.28
01/16/2026,134,Bata United Mall,Kenya,Nyanza,Kisumu,218,0,0.00%,73,0,0.00%,33.49%,0.00
02/22/2025,134,Bata United Mall,Kenya,Nyanza,Kisumu,0,154,-100.00%,0,47,-100.00%,0.00%,0.31
02/17/2026,134,Bata United Mall,Kenya,Nyanza,Kisumu,102,0,0.00%,28,0,0.00%,27.59%,0.00
01/31/2025,134,Bata United Mall,Kenya,Nyanza,Kisumu,0,158,-100.00%,0,66,-100.00%,0.00%,0.42
01/18/2026,134,Bata United Mall,Kenya,Nyanza,Kisumu,234,0,0.00%,76,0,0.00%,32.48%,0.00
01/07/2026,134,Bata United Mall,Kenya,Nyanza,Kisumu,684,0,0.00%,252,0,0.00%,36.84%,0.00
03/03/2026,134,Bata United Mall,Kenya,Nyanza,Kisumu,265,0,0.00%,76,0,0.00%,28.68%,0.00
02/04/2025,134,Bata United Mall,Kenya,Nyanza,Kisumu,0,152,-100.00%,0,59,-100.00%,0.00%,0.39
01/20/2026,134,Bata United Mall,Kenya,Nyanza,Kisumu,160,0,0.00%,52,0,0.00%,32.50%,0.00
02/25/2025,134,Bata United Mall,Kenya,Nyanza,Kisumu,0,139,-100.00%,0,44,-100.00%,0.00%,0.32
03/08/2026,134,Bata United Mall,Kenya,Nyanza,Kisumu,259,0,0.00%,62,0,0.00%,23.94%,0.00
02/02/2025,134,Bata United Mall,Kenya,Nyanza,Kisumu,0,165,-100.00%,0,52,-100.00%,0.00%,0.32
01/21/2026,134,Bata United Mall,Kenya,Nyanza,Kisumu,186,0,0.00%,55,0,0.00%,29.65%,0.00
01/08/2026,134,Bata United Mall,Kenya,Nyanza,Kisumu,698,0,0.00%,217,0,0.00%,31.09%,0.00
01/23/2026,134,Bata United Mall,Kenya,Nyanza,Kisumu,177,0,0.00%,54,0,0.00%,30.51%,0.00
02/11/2025,134,Bata United Mall,Kenya,Nyanza,Kisumu,0,126,-100.00%,0,37,-100.00%,0.00%,0.29
01/26/2026,134,Bata United Mall,Kenya,Nyanza,Kisumu,226,0,0.00%,7,0,0.00%,3.10%,0.00
02/27/2025,134,Bata United Mall,Kenya,Nyanza,Kisumu,0,209,-100.00%,0,63,-100.00%,0.00%,0.30
02/03/2026,134,Bata United Mall,Kenya,Nyanza,Kisumu,153,0,0.00%,39,0,0.00%,25.49%,0.00
02/24/2025,134,Bata United Mall,Kenya,Nyanza,Kisumu,0,92,-100.00%,0,24,-100.00%,0.00%,0.26
02/11/2026,134,Bata United Mall,Kenya,Nyanza,Kisumu,123,0,0.00%,39,0,0.00%,31.71%,0.00
01/10/2026,134,Bata United Mall,Kenya,Nyanza,Kisumu,795,0,0.00%,261,0,0.00%,32.85%,0.00
02/13/2026,134,Bata United Mall,Kenya,Nyanza,Kisumu,169,0,0.00%,52,0,0.00%,30.77%,0.00
02/14/2025,134,Bata United Mall,Kenya,Nyanza,Kisumu,0,190,-100.00%,0,66,-100.00%,0.00%,0.35
02/14/2026,134,Bata United Mall,Kenya,Nyanza,Kisumu,228,0,0.00%,74,0,0.00%,32.53%,0.00
02/28/2025,134,Bata United Mall,Kenya,Nyanza,Kisumu,0,215,-100.00%,0,63,-100.00%,0.00%,0.29
02/16/2026,134,Bata United Mall,Kenya,Nyanza,Kisumu,143,0,0.00%,40,0,0.00%,28.07%,0.00
03/03/2025,134,Bata United Mall,Kenya,Nyanza,Kisumu,0,262,-100.00%,0,114,-100.00%,0.00%,0.44
02/19/2026,134,Bata United Mall,Kenya,Nyanza,Kisumu,120,0,0.00%,44,0,0.00%,36.82%,0.00
01/31/2026,134,Bata United Mall,Kenya,Nyanza,Kisumu,306,0,0.00%,85,0,0.00%,27.78%,0.00
02/27/2026,134,Bata United Mall,Kenya,Nyanza,Kisumu,235,0,0.00%,71,0,0.00%,30.21%,0.00
02/20/2025,134,Bata United Mall,Kenya,Nyanza,Kisumu,0,133,-100.00%,0,26,-100.00%,0.00%,0.20
03/06/2026,134,Bata United Mall,Kenya,Nyanza,Kisumu,183,0,0.00%,50,0,0.00%,27.40%,0.00
03/02/2025,134,Bata United Mall,Kenya,Nyanza,Kisumu,0,281,-100.00%,0,93,-100.00%,0.00%,0.33
03/09/2026,134,Bata United Mall,Kenya,Nyanza,Kisumu,16,0,0.00%,0,0,0.00%,0.00%,0.00
01/02/2026,134,Bata United Mall,Kenya,Nyanza,Kisumu,709,0,0.00%,232,0,0.00%,32.75%,0.00
02/08/2026,134,Bata United Mall,Kenya,Nyanza,Kisumu,186,0,0.00%,66,0,0.00%,35.48%,0.00
01/01/2026,134,Bata United Mall,Kenya,Nyanza,Kisumu,454,0,0.00%,1,0,0.00%,0.22%,0.00
03/08/2025,134,Bata United Mall,Kenya,Nyanza,Kisumu,0,180,-100.00%,0,90,-100.00%,0.00%,0.50
01/13/2026,134,Bata United Mall,Kenya,Nyanza,Kisumu,491,0,0.00%,159,0,0.00%,32.42%,0.00
02/22/2026,134,Bata United Mall,Kenya,Nyanza,Kisumu,192,0,0.00%,63,0,0.00%,32.90%,0.00
01/04/2026,134,Bata United Mall,Kenya,Nyanza,Kisumu,842,0,0.00%,270,0,0.00%,32.09%,0.00
01/03/2026,134,Bata United Mall,Kenya,Nyanza,Kisumu,826,0,0.00%,252,0,0.00%,30.51%,0.00
01/15/2026,134,Bata United Mall,Kenya,Nyanza,Kisumu,286,0,0.00%,77,0,0.00%,26.92%,0.00
03/01/2026,134,Bata United Mall,Kenya,Nyanza,Kisumu,341,0,0.00%,107,0,0.00%,31.38%,0.00
01/19/2026,134,Bata United Mall,Kenya,Nyanza,Kisumu,181,0,0.00%,65,0,0.00%,35.91%,0.00
01/09/2026,134,Bata United Mall,Kenya,Nyanza,Kisumu,557,0,0.00%,181,0,0.00%,32.50%,0.00
01/28/2026,134,Bata United Mall,Kenya,Nyanza,Kisumu,180,0,0.00%,39,0,0.00%,21.73%,0.00
03/04/2026,134,Bata United Mall,Kenya,Nyanza,Kisumu,165,0,0.00%,71,0,0.00%,43.03%,0.00
01/22/2026,134,Bata United Mall,Kenya,Nyanza,Kisumu,159,0,0.00%,34,0,0.00%,21.38%,0.00
01/14/2026,134,Bata United Mall,Kenya,Nyanza,Kisumu,382,0,0.00%,130,0,0.00%,34.08%,0.00
01/29/2026,134,Bata United Mall,Kenya,Nyanza,Kisumu,153,0,0.00%,44,0,0.00%,28.85%,0.00
03/07/2026,134,Bata United Mall,Kenya,Nyanza,Kisumu,368,0,0.00%,98,0,0.00%,26.63%,0.00
01/24/2026,134,Bata United Mall,Kenya,Nyanza,Kisumu,359,0,0.00%,70,0,0.00%,19.50%,0.00
01/25/2026,134,Bata United Mall,Kenya,Nyanza,Kisumu,247,0,0.00%,75,0,0.00%,30.36%,0.00
02/05/2026,134,Bata United Mall,Kenya,Nyanza,Kisumu,183,0,0.00%,47,0,0.00%,25.75%,0.00
01/30/2026,134,Bata United Mall,Kenya,Nyanza,Kisumu,148,0,0.00%,43,0,0.00%,29.05%,0.00
01/27/2026,134,Bata United Mall,Kenya,Nyanza,Kisumu,158,0,0.00%,43,0,0.00%,27.30%,0.00
02/10/2026,134,Bata United Mall,Kenya,Nyanza,Kisumu,148,0,0.00%,43,0,0.00%,29.05%,0.00
02/06/2026,134,Bata United Mall,Kenya,Nyanza,Kisumu,182,0,0.00%,64,0,0.00%,35.16%,0.00
02/20/2026,134,Bata United Mall,Kenya,Nyanza,Kisumu,148,0,0.00%,38,0,0.00%,25.68%,0.00
02/01/2026,134,Bata United Mall,Kenya,Nyanza,Kisumu,297,0,0.00%,72,0,0.00%,24.24%,0.00
02/23/2026,134,Bata United Mall,Kenya,Nyanza,Kisumu,142,0,0.00%,41,0,0.00%,28.87%,0.00
02/21/2026,134,Bata United Mall,Kenya,Nyanza,Kisumu,174,0,0.00%,41,0,0.00%,23.63%,0.00
02/25/2026,134,Bata United Mall,Kenya,Nyanza,Kisumu,160,0,0.00%,52,0,0.00%,32.60%,0.00
02/02/2026,134,Bata United Mall,Kenya,Nyanza,Kisumu,146,0,0.00%,58,0,0.00%,39.73%,0.00
02/26/2026,134,Bata United Mall,Kenya,Nyanza,Kisumu,201,0,0.00%,56,0,0.00%,27.93%,0.00
02/24/2026,134,Bata United Mall,Kenya,Nyanza,Kisumu,145,0,0.00%,43,0,0.00%,29.66%,0.00
02/28/2026,134,Bata United Mall,Kenya,Nyanza,Kisumu,381,0,0.00%,97,0,0.00%,25.46%,0.00
02/04/2026,134,Bata United Mall,Kenya,Nyanza,Kisumu,160,0,0.00%,46,0,0.00%,28.84%,0.00
03/05/2026,134,Bata United Mall,Kenya,Nyanza,Kisumu,176,0,0.00%,46,0,0.00%,26.14%,0.00
03/02/2026,134,Bata United Mall,Kenya,Nyanza,Kisumu,357,0,0.00%,108,0,0.00%,30.29%,0.00
02/07/2026,134,Bata United Mall,Kenya,Nyanza,Kisumu,0,0,0.00%,52,0,0.00%,0.00%,0.00
02/18/2026,134,Bata United Mall,Kenya,Nyanza,Kisumu,115,0,0.00%,38,0,0.00%,33.04%,0.00
01/12/2025,111,Bata Voi One,Kenya,Coast,Mombasa,0,90,-100.00%,0,32,-100.00%,0.00%,0.36
01/10/2025,111,Bata Voi One,Kenya,Coast,Mombasa,0,226,-100.00%,0,100,-100.00%,0.00%,0.44
01/07/2025,111,Bata Voi One,Kenya,Coast,Mombasa,0,535,-100.00%,0,215,-100.00%,0.00%,0.40
01/02/2025,111,Bata Voi One,Kenya,Coast,Mombasa,0,308,-100.00%,0,117,-100.00%,0.00%,0.38
01/14/2025,111,Bata Voi One,Kenya,Coast,Mombasa,0,202,-100.00%,0,96,-100.00%,0.00%,0.48
01/04/2025,111,Bata Voi One,Kenya,Coast,Mombasa,0,489,-100.00%,0,178,-100.00%,0.00%,0.36
01/08/2025,111,Bata Voi One,Kenya,Coast,Mombasa,0,355,-100.00%,0,171,-100.00%,0.00%,0.48
01/01/2025,111,Bata Voi One,Kenya,Coast,Mombasa,0,63,-100.00%,0,13,-100.00%,0.00%,0.21
01/17/2025,111,Bata Voi One,Kenya,Coast,Mombasa,0,147,-100.00%,0,65,-100.00%,0.00%,0.44
01/13/2025,111,Bata Voi One,Kenya,Coast,Mombasa,0,316,-100.00%,0,139,-100.00%,0.00%,0.44
01/15/2025,111,Bata Voi One,Kenya,Coast,Mombasa,0,167,-100.00%,0,79,-100.00%,0.00%,0.47
01/05/2025,111,Bata Voi One,Kenya,Coast,Mombasa,0,194,-100.00%,0,55,-100.00%,0.00%,0.28
01/19/2025,111,Bata Voi One,Kenya,Coast,Mombasa,0,41,-100.00%,0,14,-100.00%,0.00%,0.34
01/06/2025,111,Bata Voi One,Kenya,Coast,Mombasa,0,759,-100.00%,0,290,-100.00%,0.00%,0.38
01/16/2025,111,Bata Voi One,Kenya,Coast,Mombasa,0,127,-100.00%,0,60,-100.00%,0.00%,0.47
01/03/2025,111,Bata Voi One,Kenya,Coast,Mombasa,0,447,-100.00%,0,152,-100.00%,0.00%,0.34
01/22/2025,111,Bata Voi One,Kenya,Coast,Mombasa,0,106,-100.00%,0,43,-100.00%,0.00%,0.41
01/21/2025,111,Bata Voi One,Kenya,Coast,Mombasa,0,121,-100.00%,0,41,-100.00%,0.00%,0.34
01/18/2025,111,Bata Voi One,Kenya,Coast,Mombasa,0,161,-100.00%,0,68,-100.00%,0.00%,0.42
01/23/2025,111,Bata Voi One,Kenya,Coast,Mombasa,0,114,-100.00%,0,36,-100.00%,0.00%,0.32
01/25/2025,111,Bata Voi One,Kenya,Coast,Mombasa,0,118,-100.00%,0,39,-100.00%,0.00%,0.33
02/05/2025,111,Bata Voi One,Kenya,Coast,Mombasa,0,102,-100.00%,0,25,-100.00%,0.00%,0.25
02/01/2025,111,Bata Voi One,Kenya,Coast,Mombasa,0,173,-100.00%,0,84,-100.00%,0.00%,0.49
01/09/2025,111,Bata Voi One,Kenya,Coast,Mombasa,0,243,-100.00%,0,103,-100.00%,0.00%,0.42
01/27/2025,111,Bata Voi One,Kenya,Coast,Mombasa,0,119,-100.00%,0,15,-100.00%,0.00%,0.13
01/26/2025,111,Bata Voi One,Kenya,Coast,Mombasa,0,40,-100.00%,0,10,-100.00%,0.00%,0.25
02/21/2025,111,Bata Voi One,Kenya,Coast,Mombasa,0,107,-100.00%,0,26,-100.00%,0.00%,0.24
01/24/2025,111,Bata Voi One,Kenya,Coast,Mombasa,0,95,-100.00%,0,44,-100.00%,0.00%,0.46
02/09/2025,111,Bata Voi One,Kenya,Coast,Mombasa,0,67,-100.00%,0,18,-100.00%,0.00%,0.27
02/07/2025,111,Bata Voi One,Kenya,Coast,Mombasa,0,143,-100.00%,0,46,-100.00%,0.00%,0.32
02/22/2025,111,Bata Voi One,Kenya,Coast,Mombasa,0,102,-100.00%,0,26,-100.00%,0.00%,0.25
01/11/2025,111,Bata Voi One,Kenya,Coast,Mombasa,0,282,-100.00%,0,110,-100.00%,0.00%,0.39
02/12/2025,111,Bata Voi One,Kenya,Coast,Mombasa,0,117,-100.00%,0,43,-100.00%,0.00%,0.37
01/29/2025,111,Bata Voi One,Kenya,Coast,Mombasa,0,85,-100.00%,0,26,-100.00%,0.00%,0.31
02/24/2025,111,Bata Voi One,Kenya,Coast,Mombasa,0,62,-100.00%,0,16,-100.00%,0.00%,0.26
01/31/2025,111,Bata Voi One,Kenya,Coast,Mombasa,0,121,-100.00%,0,52,-100.00%,0.00%,0.43
02/18/2025,111,Bata Voi One,Kenya,Coast,Mombasa,0,115,-100.00%,0,35,-100.00%,0.00%,0.30
02/15/2025,111,Bata Voi One,Kenya,Coast,Mombasa,0,124,-100.00%,0,31,-100.00%,0.00%,0.25
03/07/2025,111,Bata Voi One,Kenya,Coast,Mombasa,0,135,-100.00%,0,51,-100.00%,0.00%,0.38
01/20/2025,111,Bata Voi One,Kenya,Coast,Mombasa,0,133,-100.00%,0,51,-100.00%,0.00%,0.38
02/20/2025,111,Bata Voi One,Kenya,Coast,Mombasa,0,108,-100.00%,0,34,-100.00%,0.00%,0.31
02/03/2025,111,Bata Voi One,Kenya,Coast,Mombasa,0,121,-100.00%,0,48,-100.00%,0.00%,0.40
01/08/2026,111,Bata Voi One,Kenya,Coast,Mombasa,394,0,0.00%,145,0,0.00%,36.80%,0.00
02/06/2025,111,Bata Voi One,Kenya,Coast,Mombasa,0,97,-100.00%,0,31,-100.00%,0.00%,0.32
01/01/2026,111,Bata Voi One,Kenya,Coast,Mombasa,162,0,0.00%,26,0,0.00%,16.10%,0.00
02/17/2025,111,Bata Voi One,Kenya,Coast,Mombasa,0,115,-100.00%,0,29,-100.00%,0.00%,0.25
01/16/2026,111,Bata Voi One,Kenya,Coast,Mombasa,334,0,0.00%,100,0,0.00%,29.94%,0.00
01/28/2025,111,Bata Voi One,Kenya,Coast,Mombasa,0,96,-100.00%,0,32,-100.00%,0.00%,0.33
01/02/2026,111,Bata Voi One,Kenya,Coast,Mombasa,491,0,0.00%,155,0,0.00%,31.60%,0.00
02/11/2025,111,Bata Voi One,Kenya,Coast,Mombasa,0,127,-100.00%,0,50,-100.00%,0.00%,0.39
01/24/2026,111,Bata Voi One,Kenya,Coast,Mombasa,207,0,0.00%,63,0,0.00%,30.43%,0.00
02/08/2025,111,Bata Voi One,Kenya,Coast,Mombasa,0,148,-100.00%,0,48,-100.00%,0.00%,0.32
01/07/2026,111,Bata Voi One,Kenya,Coast,Mombasa,430,0,0.00%,173,0,0.00%,40.23%,0.00
02/25/2025,111,Bata Voi One,Kenya,Coast,Mombasa,0,94,-100.00%,0,25,-100.00%,0.00%,0.27
02/12/2026,111,Bata Voi One,Kenya,Coast,Mombasa,127,0,0.00%,26,0,0.00%,20.47%,0.00
01/30/2025,111,Bata Voi One,Kenya,Coast,Mombasa,0,90,-100.00%,0,41,-100.00%,0.00%,0.46
01/09/2026,111,Bata Voi One,Kenya,Coast,Mombasa,487,0,0.00%,160,0,0.00%,32.85%,0.00
02/14/2025,111,Bata Voi One,Kenya,Coast,Mombasa,0,103,-100.00%,0,28,-100.00%,0.00%,0.27
02/14/2026,111,Bata Voi One,Kenya,Coast,Mombasa,124,0,0.00%,42,0,0.00%,33.87%,0.00
02/13/2025,111,Bata Voi One,Kenya,Coast,Mombasa,0,82,-100.00%,0,28,-100.00%,0.00%,0.34
01/17/2026,111,Bata Voi One,Kenya,Coast,Mombasa,270,0,0.00%,67,0,0.00%,24.81%,0.00
02/26/2025,111,Bata Voi One,Kenya,Coast,Mombasa,0,111,-100.00%,0,32,-100.00%,0.00%,0.29
02/17/2026,111,Bata Voi One,Kenya,Coast,Mombasa,139,0,0.00%,34,0,0.00%,24.46%,0.00
02/02/2025,111,Bata Voi One,Kenya,Coast,Mombasa,0,64,-100.00%,0,14,-100.00%,0.00%,0.22
01/20/2026,111,Bata Voi One,Kenya,Coast,Mombasa,213,0,0.00%,57,0,0.00%,26.76%,0.00
02/16/2025,111,Bata Voi One,Kenya,Coast,Mombasa,0,78,-100.00%,0,16,-100.00%,0.00%,0.21
02/19/2026,111,Bata Voi One,Kenya,Coast,Mombasa,105,0,0.00%,30,0,0.00%,28.71%,0.00
02/19/2025,111,Bata Voi One,Kenya,Coast,Mombasa,0,108,-100.00%,0,42,-100.00%,0.00%,0.39
01/23/2026,111,Bata Voi One,Kenya,Coast,Mombasa,156,0,0.00%,49,0,0.00%,31.41%,0.00
03/03/2025,111,Bata Voi One,Kenya,Coast,Mombasa,0,222,-100.00%,0,82,-100.00%,0.00%,0.37
02/25/2026,111,Bata Voi One,Kenya,Coast,Mombasa,137,0,0.00%,34,0,0.00%,24.91%,0.00
02/04/2025,111,Bata Voi One,Kenya,Coast,Mombasa,0,108,-100.00%,0,33,-100.00%,0.00%,0.31
01/31/2026,111,Bata Voi One,Kenya,Coast,Mombasa,208,0,0.00%,62,0,0.00%,29.88%,0.00
03/02/2025,111,Bata Voi One,Kenya,Coast,Mombasa,0,77,-100.00%,0,29,-100.00%,0.00%,0.38
02/28/2026,111,Bata Voi One,Kenya,Coast,Mombasa,211,0,0.00%,64,0,0.00%,30.33%,0.00
02/27/2025,111,Bata Voi One,Kenya,Coast,Mombasa,0,116,-100.00%,0,30,-100.00%,0.00%,0.26
02/02/2026,111,Bata Voi One,Kenya,Coast,Mombasa,175,0,0.00%,44,0,0.00%,25.21%,0.00
03/05/2025,111,Bata Voi One,Kenya,Coast,Mombasa,0,107,-100.00%,0,43,-100.00%,0.00%,0.40
03/05/2026,111,Bata Voi One,Kenya,Coast,Mombasa,102,0,0.00%,23,0,0.00%,22.55%,0.00
02/10/2025,111,Bata Voi One,Kenya,Coast,Mombasa,0,76,-100.00%,0,33,-100.00%,0.00%,0.43
02/16/2026,111,Bata Voi One,Kenya,Coast,Mombasa,106,0,0.00%,21,0,0.00%,19.81%,0.00
01/05/2026,111,Bata Voi One,Kenya,Coast,Mombasa,827,0,0.00%,291,0,0.00%,35.19%,0.00
02/21/2026,111,Bata Voi One,Kenya,Coast,Mombasa,161,0,0.00%,33,0,0.00%,20.56%,0.00
03/01/2025,111,Bata Voi One,Kenya,Coast,Mombasa,0,146,-100.00%,0,51,-100.00%,0.00%,0.35
02/24/2026,111,Bata Voi One,Kenya,Coast,Mombasa,94,0,0.00%,29,0,0.00%,31.02%,0.00
03/08/2025,111,Bata Voi One,Kenya,Coast,Mombasa,0,148,-100.00%,0,55,-100.00%,0.00%,0.37
03/01/2026,111,Bata Voi One,Kenya,Coast,Mombasa,106,0,0.00%,33,0,0.00%,31.28%,0.00
02/23/2025,111,Bata Voi One,Kenya,Coast,Mombasa,0,51,-100.00%,0,12,-100.00%,0.00%,0.24
03/04/2026,111,Bata Voi One,Kenya,Coast,Mombasa,142,0,0.00%,36,0,0.00%,25.35%,0.00
01/18/2026,111,Bata Voi One,Kenya,Coast,Mombasa,127,0,0.00%,28,0,0.00%,22.05%,0.00
03/06/2026,111,Bata Voi One,Kenya,Coast,Mombasa,151,0,0.00%,48,0,0.00%,31.79%,0.00
03/04/2025,111,Bata Voi One,Kenya,Coast,Mombasa,0,135,-100.00%,0,57,-100.00%,0.00%,0.42
01/10/2026,111,Bata Voi One,Kenya,Coast,Mombasa,553,0,0.00%,197,0,0.00%,35.62%,0.00
02/28/2025,111,Bata Voi One,Kenya,Coast,Mombasa,0,153,-100.00%,0,64,-100.00%,0.00%,0.42
01/19/2026,111,Bata Voi One,Kenya,Coast,Mombasa,292,0,0.00%,85,0,0.00%,29.16%,0.00
03/09/2025,111,Bata Voi One,Kenya,Coast,Mombasa,0,65,-100.00%,0,16,-100.00%,0.00%,0.25
01/12/2026,111,Bata Voi One,Kenya,Coast,Mombasa,601,0,0.00%,219,0,0.00%,36.44%,0.00
03/06/2025,111,Bata Voi One,Kenya,Coast,Mombasa,0,174,-100.00%,0,35,-100.00%,0.00%,0.20
01/21/2026,111,Bata Voi One,Kenya,Coast,Mombasa,224,0,0.00%,66,0,0.00%,29.53%,0.00
01/03/2026,111,Bata Voi One,Kenya,Coast,Mombasa,0,0,0.00%,223,0,0.00%,0.00%,0.00
01/28/2026,111,Bata Voi One,Kenya,Coast,Mombasa,114,0,0.00%,35,0,0.00%,30.84%,0.00
01/04/2026,111,Bata Voi One,Kenya,Coast,Mombasa,265,0,0.00%,85,0,0.00%,32.14%,0.00
01/27/2026,111,Bata Voi One,Kenya,Coast,Mombasa,169,0,0.00%,34,0,0.00%,20.12%,0.00
01/06/2026,111,Bata Voi One,Kenya,Coast,Mombasa,637,0,0.00%,254,0,0.00%,39.91%,0.00
02/07/2026,111,Bata Voi One,Kenya,Coast,Mombasa,206,0,0.00%,57,0,0.00%,27.67%,0.00
01/15/2026,111,Bata Voi One,Kenya,Coast,Mombasa,457,0,0.00%,154,0,0.00%,33.73%,0.00
01/29/2026,111,Bata Voi One,Kenya,Coast,Mombasa,180,0,0.00%,42,0,0.00%,23.33%,0.00
01/11/2026,111,Bata Voi One,Kenya,Coast,Mombasa,189,0,0.00%,51,0,0.00%,27.06%,0.00
02/08/2026,111,Bata Voi One,Kenya,Coast,Mombasa,92,0,0.00%,14,0,0.00%,15.22%,0.00
01/22/2026,111,Bata Voi One,Kenya,Coast,Mombasa,146,0,0.00%,39,0,0.00%,26.80%,0.00
02/01/2026,111,Bata Voi One,Kenya,Coast,Mombasa,85,0,0.00%,19,0,0.00%,22.35%,0.00
01/13/2026,111,Bata Voi One,Kenya,Coast,Mombasa,509,0,0.00%,195,0,0.00%,38.35%,0.00
02/18/2026,111,Bata Voi One,Kenya,Coast,Mombasa,95,0,0.00%,22,0,0.00%,23.28%,0.00
01/25/2026,111,Bata Voi One,Kenya,Coast,Mombasa,104,0,0.00%,20,0,0.00%,19.23%,0.00
02/06/2026,111,Bata Voi One,Kenya,Coast,Mombasa,157,0,0.00%,41,0,0.00%,26.20%,0.00
01/14/2026,111,Bata Voi One,Kenya,Coast,Mombasa,527,0,0.00%,189,0,0.00%,35.86%,0.00
02/23/2026,111,Bata Voi One,Kenya,Coast,Mombasa,134,0,0.00%,23,0,0.00%,17.23%,0.00
01/30/2026,111,Bata Voi One,Kenya,Coast,Mombasa,183,0,0.00%,55,0,0.00%,30.05%,0.00
02/09/2026,111,Bata Voi One,Kenya,Coast,Mombasa,161,0,0.00%,36,0,0.00%,22.36%,0.00
01/26/2026,111,Bata Voi One,Kenya,Coast,Mombasa,179,0,0.00%,31,0,0.00%,17.32%,0.00
02/26/2026,111,Bata Voi One,Kenya,Coast,Mombasa,168,0,0.00%,48,0,0.00%,28.57%,0.00
02/05/2026,111,Bata Voi One,Kenya,Coast,Mombasa,145,0,0.00%,33,0,0.00%,22.76%,0.00
02/11/2026,111,Bata Voi One,Kenya,Coast,Mombasa,136,0,0.00%,32,0,0.00%,23.53%,0.00
02/03/2026,111,Bata Voi One,Kenya,Coast,Mombasa,144,0,0.00%,36,0,0.00%,25.00%,0.00
03/03/2026,111,Bata Voi One,Kenya,Coast,Mombasa,194,0,0.00%,68,0,0.00%,35.05%,0.00
02/10/2026,111,Bata Voi One,Kenya,Coast,Mombasa,133,0,0.00%,44,0,0.00%,33.21%,0.00
02/20/2026,111,Bata Voi One,Kenya,Coast,Mombasa,101,0,0.00%,20,0,0.00%,19.90%,0.00
02/04/2026,111,Bata Voi One,Kenya,Coast,Mombasa,142,0,0.00%,27,0,0.00%,19.01%,0.00
03/08/2026,111,Bata Voi One,Kenya,Coast,Mombasa,78,0,0.00%,18,0,0.00%,23.23%,0.00
02/13/2026,111,Bata Voi One,Kenya,Coast,Mombasa,127,0,0.00%,34,0,0.00%,26.77%,0.00
02/22/2026,111,Bata Voi One,Kenya,Coast,Mombasa,68,0,0.00%,24,0,0.00%,35.29%,0.00
03/02/2026,111,Bata Voi One,Kenya,Coast,Mombasa,280,0,0.00%,95,0,0.00%,33.99%,0.00
02/27/2026,111,Bata Voi One,Kenya,Coast,Mombasa,187,0,0.00%,67,0,0.00%,35.83%,0.00
02/15/2026,111,Bata Voi One,Kenya,Coast,Mombasa,75,0,0.00%,16,0,0.00%,21.48%,0.00
03/07/2026,111,Bata Voi One,Kenya,Coast,Mombasa,234,0,0.00%,78,0,0.00%,33.40%,0.00
01/04/2025,150,Bata Westgate Mall,Kenya,Nairobi West,Nairobi,0,243,-100.00%,0,53,-100.00%,0.00%,0.22
01/01/2025,150,Bata Westgate Mall,Kenya,Nairobi West,Nairobi,0,254,-100.00%,0,0,0.00%,0.00%,0.00
01/05/2025,150,Bata Westgate Mall,Kenya,Nairobi West,Nairobi,0,493,-100.00%,0,87,-100.00%,0.00%,0.18
01/08/2025,150,Bata Westgate Mall,Kenya,Nairobi West,Nairobi,0,196,-100.00%,0,56,-100.00%,0.00%,0.29
01/07/2025,150,Bata Westgate Mall,Kenya,Nairobi West,Nairobi,0,292,-100.00%,0,68,-100.00%,0.00%,0.23
01/03/2025,150,Bata Westgate Mall,Kenya,Nairobi West,Nairobi,0,250,-100.00%,0,63,-100.00%,0.00%,0.25
01/06/2025,150,Bata Westgate Mall,Kenya,Nairobi West,Nairobi,0,232,-100.00%,0,58,-100.00%,0.00%,0.25
01/15/2025,150,Bata Westgate Mall,Kenya,Nairobi West,Nairobi,0,157,-100.00%,0,30,-100.00%,0.00%,0.19
01/12/2025,150,Bata Westgate Mall,Kenya,Nairobi West,Nairobi,0,358,-100.00%,0,76,-100.00%,0.00%,0.21
01/02/2025,150,Bata Westgate Mall,Kenya,Nairobi West,Nairobi,0,235,-100.00%,0,75,-100.00%,0.00%,0.32
01/10/2025,150,Bata Westgate Mall,Kenya,Nairobi West,Nairobi,0,189,-100.00%,0,37,-100.00%,0.00%,0.20
01/11/2025,150,Bata Westgate Mall,Kenya,Nairobi West,Nairobi,0,280,-100.00%,0,43,-100.00%,0.00%,0.15
01/20/2025,150,Bata Westgate Mall,Kenya,Nairobi West,Nairobi,0,143,-100.00%,0,26,-100.00%,0.00%,0.18
01/13/2025,150,Bata Westgate Mall,Kenya,Nairobi West,Nairobi,0,141,-100.00%,0,36,-100.00%,0.00%,0.26
01/29/2025,150,Bata Westgate Mall,Kenya,Nairobi West,Nairobi,0,163,-100.00%,0,28,-100.00%,0.00%,0.17
01/17/2025,150,Bata Westgate Mall,Kenya,Nairobi West,Nairobi,0,208,-100.00%,0,31,-100.00%,0.00%,0.15
01/31/2025,150,Bata Westgate Mall,Kenya,Nairobi West,Nairobi,0,143,-100.00%,0,22,-100.00%,0.00%,0.15
01/09/2025,150,Bata Westgate Mall,Kenya,Nairobi West,Nairobi,0,175,-100.00%,0,41,-100.00%,0.00%,0.23
02/04/2025,150,Bata Westgate Mall,Kenya,Nairobi West,Nairobi,0,88,-100.00%,0,41,-100.00%,0.00%,0.47
01/18/2025,150,Bata Westgate Mall,Kenya,Nairobi West,Nairobi,0,208,-100.00%,0,34,-100.00%,0.00%,0.16
02/10/2025,150,Bata Westgate Mall,Kenya,Nairobi West,Nairobi,0,122,-100.00%,0,23,-100.00%,0.00%,0.19
01/16/2025,150,Bata Westgate Mall,Kenya,Nairobi West,Nairobi,0,137,-100.00%,0,32,-100.00%,0.00%,0.23
02/11/2025,150,Bata Westgate Mall,Kenya,Nairobi West,Nairobi,0,174,-100.00%,0,37,-100.00%,0.00%,0.21
01/22/2025,150,Bata Westgate Mall,Kenya,Nairobi West,Nairobi,0,144,-100.00%,0,35,-100.00%,0.00%,0.24
02/16/2025,150,Bata Westgate Mall,Kenya,Nairobi West,Nairobi,0,258,-100.00%,0,42,-100.00%,0.00%,0.16
01/14/2025,150,Bata Westgate Mall,Kenya,Nairobi West,Nairobi,0,148,-100.00%,0,29,-100.00%,0.00%,0.20
02/12/2025,150,Bata Westgate Mall,Kenya,Nairobi West,Nairobi,0,112,-100.00%,0,27,-100.00%,0.00%,0.24
01/21/2025,150,Bata Westgate Mall,Kenya,Nairobi West,Nairobi,0,153,-100.00%,0,26,-100.00%,0.00%,0.17
02/23/2025,150,Bata Westgate Mall,Kenya,Nairobi West,Nairobi,0,283,-100.00%,0,47,-100.00%,0.00%,0.17
01/19/2025,150,Bata Westgate Mall,Kenya,Nairobi West,Nairobi,0,302,-100.00%,0,39,-100.00%,0.00%,0.13
02/19/2025,150,Bata Westgate Mall,Kenya,Nairobi West,Nairobi,0,125,-100.00%,0,18,-100.00%,0.00%,0.14
01/25/2025,150,Bata Westgate Mall,Kenya,Nairobi West,Nairobi,0,224,-100.00%,0,43,-100.00%,0.00%,0.19
02/24/2025,150,Bata Westgate Mall,Kenya,Nairobi West,Nairobi,0,144,-100.00%,0,29,-100.00%,0.00%,0.20
01/23/2025,150,Bata Westgate Mall,Kenya,Nairobi West,Nairobi,0,142,-100.00%,0,25,-100.00%,0.00%,0.18
03/02/2025,150,Bata Westgate Mall,Kenya,Nairobi West,Nairobi,0,225,-100.00%,0,39,-100.00%,0.00%,0.17
01/26/2025,150,Bata Westgate Mall,Kenya,Nairobi West,Nairobi,0,249,-100.00%,0,42,-100.00%,0.00%,0.17
02/26/2025,150,Bata Westgate Mall,Kenya,Nairobi West,Nairobi,0,112,-100.00%,0,31,-100.00%,0.00%,0.28
01/24/2025,150,Bata Westgate Mall,Kenya,Nairobi West,Nairobi,0,173,-100.00%,0,20,-100.00%,0.00%,0.12
03/05/2025,150,Bata Westgate Mall,Kenya,Nairobi West,Nairobi,0,98,-100.00%,0,21,-100.00%,0.00%,0.21
01/28/2025,150,Bata Westgate Mall,Kenya,Nairobi West,Nairobi,0,139,-100.00%,0,54,-100.00%,0.00%,0.39
01/02/2026,150,Bata Westgate Mall,Kenya,Nairobi West,Nairobi,309,0,0.00%,37,0,0.00%,11.97%,0.00
02/07/2025,150,Bata Westgate Mall,Kenya,Nairobi West,Nairobi,0,122,-100.00%,0,33,-100.00%,0.00%,0.27
03/07/2025,150,Bata Westgate Mall,Kenya,Nairobi West,Nairobi,0,103,-100.00%,0,25,-100.00%,0.00%,0.24
02/03/2025,150,Bata Westgate Mall,Kenya,Nairobi West,Nairobi,0,79,-100.00%,0,23,-100.00%,0.00%,0.29
01/04/2026,150,Bata Westgate Mall,Kenya,Nairobi West,Nairobi,284,0,0.00%,46,0,0.00%,16.23%,0.00
01/27/2025,150,Bata Westgate Mall,Kenya,Nairobi West,Nairobi,0,162,-100.00%,0,0,0.00%,0.00%,0.00
01/11/2026,150,Bata Westgate Mall,Kenya,Nairobi West,Nairobi,303,0,0.00%,46,0,0.00%,15.21%,0.00
01/30/2025,150,Bata Westgate Mall,Kenya,Nairobi West,Nairobi,0,130,-100.00%,0,26,-100.00%,0.00%,0.20
01/15/2026,150,Bata Westgate Mall,Kenya,Nairobi West,Nairobi,195,0,0.00%,45,0,0.00%,23.08%,0.00
02/13/2025,150,Bata Westgate Mall,Kenya,Nairobi West,Nairobi,0,115,-100.00%,0,24,-100.00%,0.00%,0.21
01/19/2026,150,Bata Westgate Mall,Kenya,Nairobi West,Nairobi,134,0,0.00%,22,0,0.00%,16.48%,0.00
02/17/2025,150,Bata Westgate Mall,Kenya,Nairobi West,Nairobi,0,151,-100.00%,0,29,-100.00%,0.00%,0.19
01/29/2026,150,Bata Westgate Mall,Kenya,Nairobi West,Nairobi,153,0,0.00%,37,0,0.00%,24.26%,0.00
02/01/2025,150,Bata Westgate Mall,Kenya,Nairobi West,Nairobi,0,201,-100.00%,0,38,-100.00%,0.00%,0.19
01/22/2026,150,Bata Westgate Mall,Kenya,Nairobi West,Nairobi,115,0,0.00%,23,0,0.00%,20.00%,0.00
02/02/2025,150,Bata Westgate Mall,Kenya,Nairobi West,Nairobi,0,267,-100.00%,0,40,-100.00%,0.00%,0.15
02/03/2026,150,Bata Westgate Mall,Kenya,Nairobi West,Nairobi,116,0,0.00%,30,0,0.00%,25.86%,0.00
02/15/2025,150,Bata Westgate Mall,Kenya,Nairobi West,Nairobi,0,209,-100.00%,0,40,-100.00%,0.00%,0.19
01/25/2026,150,Bata Westgate Mall,Kenya,Nairobi West,Nairobi,321,0,0.00%,50,0,0.00%,15.58%,0.00
03/04/2025,150,Bata Westgate Mall,Kenya,Nairobi West,Nairobi,0,107,-100.00%,0,34,-100.00%,0.00%,0.32
02/05/2026,150,Bata Westgate Mall,Kenya,Nairobi West,Nairobi,121,0,0.00%,17,0,0.00%,14.05%,0.00
02/06/2025,150,Bata Westgate Mall,Kenya,Nairobi West,Nairobi,0,116,-100.00%,0,29,-100.00%,0.00%,0.25
02/06/2026,150,Bata Westgate Mall,Kenya,Nairobi West,Nairobi,170,0,0.00%,41,0,0.00%,24.12%,0.00
02/05/2025,150,Bata Westgate Mall,Kenya,Nairobi West,Nairobi,0,96,-100.00%,0,31,-100.00%,0.00%,0.32
02/21/2026,150,Bata Westgate Mall,Kenya,Nairobi West,Nairobi,190,0,0.00%,37,0,0.00%,19.47%,0.00
02/21/2025,150,Bata Westgate Mall,Kenya,Nairobi West,Nairobi,0,137,-100.00%,0,21,-100.00%,0.00%,0.15
02/14/2026,150,Bata Westgate Mall,Kenya,Nairobi West,Nairobi,214,0,0.00%,40,0,0.00%,18.69%,0.00
01/06/2026,150,Bata Westgate Mall,Kenya,Nairobi West,Nairobi,252,0,0.00%,60,0,0.00%,23.86%,0.00
02/26/2026,150,Bata Westgate Mall,Kenya,Nairobi West,Nairobi,144,0,0.00%,28,0,0.00%,19.51%,0.00
02/09/2025,150,Bata Westgate Mall,Kenya,Nairobi West,Nairobi,0,215,-100.00%,0,46,-100.00%,0.00%,0.21
02/15/2026,150,Bata Westgate Mall,Kenya,Nairobi West,Nairobi,237,0,0.00%,45,0,0.00%,18.99%,0.00
02/08/2025,150,Bata Westgate Mall,Kenya,Nairobi West,Nairobi,0,128,-100.00%,0,33,-100.00%,0.00%,0.26
03/01/2026,150,Bata Westgate Mall,Kenya,Nairobi West,Nairobi,258,0,0.00%,50,0,0.00%,19.38%,0.00
02/28/2025,150,Bata Westgate Mall,Kenya,Nairobi West,Nairobi,0,117,-100.00%,0,31,-100.00%,0.00%,0.26
03/02/2026,150,Bata Westgate Mall,Kenya,Nairobi West,Nairobi,168,0,0.00%,31,0,0.00%,18.45%,0.00
01/17/2026,150,Bata Westgate Mall,Kenya,Nairobi West,Nairobi,230,0,0.00%,41,0,0.00%,17.83%,0.00
03/03/2026,150,Bata Westgate Mall,Kenya,Nairobi West,Nairobi,148,0,0.00%,32,0,0.00%,21.69%,0.00
02/14/2025,150,Bata Westgate Mall,Kenya,Nairobi West,Nairobi,0,170,-100.00%,0,25,-100.00%,0.00%,0.15
02/18/2025,150,Bata Westgate Mall,Kenya,Nairobi West,Nairobi,0,134,-100.00%,0,27,-100.00%,0.00%,0.20
03/06/2025,150,Bata Westgate Mall,Kenya,Nairobi West,Nairobi,0,129,-100.00%,0,17,-100.00%,0.00%,0.13
01/27/2026,150,Bata Westgate Mall,Kenya,Nairobi West,Nairobi,128,0,0.00%,12,0,0.00%,9.41%,0.00
02/20/2025,150,Bata Westgate Mall,Kenya,Nairobi West,Nairobi,0,146,-100.00%,0,37,-100.00%,0.00%,0.25
03/01/2025,150,Bata Westgate Mall,Kenya,Nairobi West,Nairobi,0,201,-100.00%,0,33,-100.00%,0.00%,0.16
03/08/2025,150,Bata Westgate Mall,Kenya,Nairobi West,Nairobi,0,258,-100.00%,0,49,-100.00%,0.00%,0.19
01/30/2026,150,Bata Westgate Mall,Kenya,Nairobi West,Nairobi,185,0,0.00%,34,0,0.00%,18.43%,0.00
02/22/2025,150,Bata Westgate Mall,Kenya,Nairobi West,Nairobi,0,223,-100.00%,0,52,-100.00%,0.00%,0.23
03/03/2025,150,Bata Westgate Mall,Kenya,Nairobi West,Nairobi,0,128,-100.00%,0,35,-100.00%,0.00%,0.27
01/10/2026,150,Bata Westgate Mall,Kenya,Nairobi West,Nairobi,240,0,0.00%,47,0,0.00%,19.58%,0.00
02/04/2026,150,Bata Westgate Mall,Kenya,Nairobi West,Nairobi,127,0,0.00%,30,0,0.00%,23.72%,0.00
02/25/2025,150,Bata Westgate Mall,Kenya,Nairobi West,Nairobi,0,130,-100.00%,0,22,-100.00%,0.00%,0.17
03/09/2025,150,Bata Westgate Mall,Kenya,Nairobi West,Nairobi,0,235,-100.00%,0,41,-100.00%,0.00%,0.17
01/12/2026,150,Bata Westgate Mall,Kenya,Nairobi West,Nairobi,141,0,0.00%,31,0,0.00%,22.06%,0.00
02/07/2026,150,Bata Westgate Mall,Kenya,Nairobi West,Nairobi,264,0,0.00%,41,0,0.00%,15.53%,0.00
02/27/2025,150,Bata Westgate Mall,Kenya,Nairobi West,Nairobi,0,118,-100.00%,0,28,-100.00%,0.00%,0.24
01/05/2026,150,Bata Westgate Mall,Kenya,Nairobi West,Nairobi,246,0,0.00%,62,0,0.00%,25.20%,0.00
01/21/2026,150,Bata Westgate Mall,Kenya,Nairobi West,Nairobi,135,0,0.00%,21,0,0.00%,15.56%,0.00
02/17/2026,150,Bata Westgate Mall,Kenya,Nairobi West,Nairobi,139,0,0.00%,35,0,0.00%,25.27%,0.00
01/01/2026,150,Bata Westgate Mall,Kenya,Nairobi West,Nairobi,271,0,0.00%,0,0,0.00%,0.00%,0.00
01/07/2026,150,Bata Westgate Mall,Kenya,Nairobi West,Nairobi,173,0,0.00%,42,0,0.00%,24.35%,0.00
02/10/2026,150,Bata Westgate Mall,Kenya,Nairobi West,Nairobi,116,0,0.00%,25,0,0.00%,21.65%,0.00
02/22/2026,150,Bata Westgate Mall,Kenya,Nairobi West,Nairobi,224,0,0.00%,39,0,0.00%,17.41%,0.00
01/03/2026,150,Bata Westgate Mall,Kenya,Nairobi West,Nairobi,309,0,0.00%,83,0,0.00%,26.86%,0.00
01/13/2026,150,Bata Westgate Mall,Kenya,Nairobi West,Nairobi,176,0,0.00%,27,0,0.00%,15.34%,0.00
02/11/2026,150,Bata Westgate Mall,Kenya,Nairobi West,Nairobi,145,0,0.00%,29,0,0.00%,20.00%,0.00
02/23/2026,150,Bata Westgate Mall,Kenya,Nairobi West,Nairobi,156,0,0.00%,32,0,0.00%,20.58%,0.00
01/08/2026,150,Bata Westgate Mall,Kenya,Nairobi West,Nairobi,207,0,0.00%,41,0,0.00%,19.81%,0.00
01/18/2026,150,Bata Westgate Mall,Kenya,Nairobi West,Nairobi,304,0,0.00%,54,0,0.00%,17.79%,0.00
02/13/2026,150,Bata Westgate Mall,Kenya,Nairobi West,Nairobi,135,0,0.00%,33,0,0.00%,24.44%,0.00
03/05/2026,150,Bata Westgate Mall,Kenya,Nairobi West,Nairobi,161,0,0.00%,32,0,0.00%,19.94%,0.00
01/09/2026,150,Bata Westgate Mall,Kenya,Nairobi West,Nairobi,201,0,0.00%,37,0,0.00%,18.41%,0.00
01/20/2026,150,Bata Westgate Mall,Kenya,Nairobi West,Nairobi,146,0,0.00%,30,0,0.00%,20.62%,0.00
02/24/2026,150,Bata Westgate Mall,Kenya,Nairobi West,Nairobi,155,0,0.00%,30,0,0.00%,19.35%,0.00
03/08/2026,150,Bata Westgate Mall,Kenya,Nairobi West,Nairobi,291,0,0.00%,66,0,0.00%,22.72%,0.00
01/14/2026,150,Bata Westgate Mall,Kenya,Nairobi West,Nairobi,143,0,0.00%,36,0,0.00%,25.17%,0.00
01/23/2026,150,Bata Westgate Mall,Kenya,Nairobi West,Nairobi,141,0,0.00%,21,0,0.00%,14.89%,0.00
02/27/2026,150,Bata Westgate Mall,Kenya,Nairobi West,Nairobi,147,0,0.00%,28,0,0.00%,19.05%,0.00
01/26/2026,150,Bata Westgate Mall,Kenya,Nairobi West,Nairobi,119,0,0.00%,0,0,0.00%,0.00%,0.00
01/16/2026,150,Bata Westgate Mall,Kenya,Nairobi West,Nairobi,171,0,0.00%,30,0,0.00%,17.54%,0.00
01/28/2026,150,Bata Westgate Mall,Kenya,Nairobi West,Nairobi,105,0,0.00%,44,0,0.00%,41.90%,0.00
03/06/2026,150,Bata Westgate Mall,Kenya,Nairobi West,Nairobi,185,0,0.00%,45,0,0.00%,24.32%,0.00
01/31/2026,150,Bata Westgate Mall,Kenya,Nairobi West,Nairobi,293,0,0.00%,63,0,0.00%,21.50%,0.00
01/24/2026,150,Bata Westgate Mall,Kenya,Nairobi West,Nairobi,247,0,0.00%,38,0,0.00%,15.38%,0.00
02/02/2026,150,Bata Westgate Mall,Kenya,Nairobi West,Nairobi,118,0,0.00%,36,0,0.00%,30.51%,0.00
03/07/2026,150,Bata Westgate Mall,Kenya,Nairobi West,Nairobi,221,0,0.00%,32,0,0.00%,14.48%,0.00
02/08/2026,150,Bata Westgate Mall,Kenya,Nairobi West,Nairobi,283,0,0.00%,55,0,0.00%,19.47%,0.00
02/01/2026,150,Bata Westgate Mall,Kenya,Nairobi West,Nairobi,329,0,0.00%,49,0,0.00%,14.92%,0.00
02/16/2026,150,Bata Westgate Mall,Kenya,Nairobi West,Nairobi,146,0,0.00%,23,0,0.00%,15.81%,0.00
02/09/2026,150,Bata Westgate Mall,Kenya,Nairobi West,Nairobi,129,0,0.00%,19,0,0.00%,14.79%,0.00
02/18/2026,150,Bata Westgate Mall,Kenya,Nairobi West,Nairobi,113,0,0.00%,26,0,0.00%,23.11%,0.00
02/12/2026,150,Bata Westgate Mall,Kenya,Nairobi West,Nairobi,143,0,0.00%,28,0,0.00%,19.58%,0.00
02/19/2026,150,Bata Westgate Mall,Kenya,Nairobi West,Nairobi,121,0,0.00%,22,0,0.00%,18.26%,0.00
02/20/2026,150,Bata Westgate Mall,Kenya,Nairobi West,Nairobi,139,0,0.00%,34,0,0.00%,24.55%,0.00
03/04/2026,150,Bata Westgate Mall,Kenya,Nairobi West,Nairobi,179,0,0.00%,28,0,0.00%,15.64%,0.00
02/25/2026,150,Bata Westgate Mall,Kenya,Nairobi West,Nairobi,143,0,0.00%,33,0,0.00%,23.16%,0.00
03/09/2026,150,Bata Westgate Mall,Kenya,Nairobi West,Nairobi,10,0,0.00%,0,0,0.00%,0.00%,0.00
02/28/2026,150,Bata Westgate Mall,Kenya,Nairobi West,Nairobi,253,0,0.00%,43,0,0.00%,17.03%,0.00
01/05/2025,20,Bata Westside Mall,Kenya,Western,Nakuru,0,280,-100.00%,0,131,-100.00%,0.00%,0.47
01/06/2025,20,Bata Westside Mall,Kenya,Western,Nakuru,0,384,-100.00%,0,217,-100.00%,0.00%,0.57
01/01/2025,20,Bata Westside Mall,Kenya,Western,Nakuru,0,204,-100.00%,0,0,0.00%,0.00%,0.00
01/11/2025,20,Bata Westside Mall,Kenya,Western,Nakuru,0,150,-100.00%,0,90,-100.00%,0.00%,0.60
01/10/2025,20,Bata Westside Mall,Kenya,Western,Nakuru,0,124,-100.00%,0,79,-100.00%,0.00%,0.64
01/02/2025,20,Bata Westside Mall,Kenya,Western,Nakuru,0,217,-100.00%,0,128,-100.00%,0.00%,0.59
01/04/2025,20,Bata Westside Mall,Kenya,Western,Nakuru,0,303,-100.00%,0,169,-100.00%,0.00%,0.56
01/09/2025,20,Bata Westside Mall,Kenya,Western,Nakuru,0,109,-100.00%,0,86,-100.00%,0.00%,0.79
01/13/2025,20,Bata Westside Mall,Kenya,Western,Nakuru,0,102,-100.00%,0,65,-100.00%,0.00%,0.64
01/14/2025,20,Bata Westside Mall,Kenya,Western,Nakuru,0,92,-100.00%,0,55,-100.00%,0.00%,0.60
01/07/2025,20,Bata Westside Mall,Kenya,Western,Nakuru,0,304,-100.00%,0,229,-100.00%,0.00%,0.75
01/19/2025,20,Bata Westside Mall,Kenya,Western,Nakuru,0,127,-100.00%,0,42,-100.00%,0.00%,0.33
01/18/2025,20,Bata Westside Mall,Kenya,Western,Nakuru,0,113,-100.00%,0,57,-100.00%,0.00%,0.50
01/03/2025,20,Bata Westside Mall,Kenya,Western,Nakuru,0,262,-100.00%,0,129,-100.00%,0.00%,0.49
01/12/2025,20,Bata Westside Mall,Kenya,Western,Nakuru,0,214,-100.00%,0,95,-100.00%,0.00%,0.44
01/20/2025,20,Bata Westside Mall,Kenya,Western,Nakuru,0,68,-100.00%,0,47,-100.00%,0.00%,0.69
01/21/2025,20,Bata Westside Mall,Kenya,Western,Nakuru,0,68,-100.00%,0,37,-100.00%,0.00%,0.54
01/15/2025,20,Bata Westside Mall,Kenya,Western,Nakuru,0,91,-100.00%,0,42,-100.00%,0.00%,0.46
01/17/2025,20,Bata Westside Mall,Kenya,Western,Nakuru,0,80,-100.00%,0,48,-100.00%,0.00%,0.60
02/08/2025,20,Bata Westside Mall,Kenya,Western,Nakuru,0,330,-100.00%,0,74,-100.00%,0.00%,0.22
01/26/2025,20,Bata Westside Mall,Kenya,Western,Nakuru,0,144,-100.00%,0,62,-100.00%,0.00%,0.43
01/08/2025,20,Bata Westside Mall,Kenya,Western,Nakuru,0,181,-100.00%,0,128,-100.00%,0.00%,0.71
01/25/2025,20,Bata Westside Mall,Kenya,Western,Nakuru,0,145,-100.00%,0,76,-100.00%,0.00%,0.52
01/23/2025,20,Bata Westside Mall,Kenya,Western,Nakuru,0,64,-100.00%,0,31,-100.00%,0.00%,0.48
01/29/2025,20,Bata Westside Mall,Kenya,Western,Nakuru,0,70,-100.00%,0,104,-100.00%,0.00%,1.49
01/22/2025,20,Bata Westside Mall,Kenya,Western,Nakuru,0,74,-100.00%,0,47,-100.00%,0.00%,0.64
01/28/2025,20,Bata Westside Mall,Kenya,Western,Nakuru,0,67,-100.00%,0,0,0.00%,0.00%,0.00
03/05/2025,20,Bata Westside Mall,Kenya,Western,Nakuru,0,79,-100.00%,0,54,-100.00%,0.00%,0.68
02/01/2025,20,Bata Westside Mall,Kenya,Western,Nakuru,0,279,-100.00%,0,66,-100.00%,0.00%,0.24
01/16/2025,20,Bata Westside Mall,Kenya,Western,Nakuru,0,74,-100.00%,0,48,-100.00%,0.00%,0.65
01/31/2025,20,Bata Westside Mall,Kenya,Western,Nakuru,0,88,-100.00%,0,58,-100.00%,0.00%,0.66
01/30/2025,20,Bata Westside Mall,Kenya,Western,Nakuru,0,88,-100.00%,0,49,-100.00%,0.00%,0.56
02/06/2025,20,Bata Westside Mall,Kenya,Western,Nakuru,0,216,-100.00%,0,68,-100.00%,0.00%,0.31
02/02/2025,20,Bata Westside Mall,Kenya,Western,Nakuru,0,259,-100.00%,0,48,-100.00%,0.00%,0.19
02/07/2025,20,Bata Westside Mall,Kenya,Western,Nakuru,0,217,-100.00%,0,53,-100.00%,0.00%,0.24
03/07/2025,20,Bata Westside Mall,Kenya,Western,Nakuru,0,191,-100.00%,0,53,-100.00%,0.00%,0.28
02/09/2025,20,Bata Westside Mall,Kenya,Western,Nakuru,0,268,-100.00%,0,72,-100.00%,0.00%,0.27
01/24/2025,20,Bata Westside Mall,Kenya,Western,Nakuru,0,94,-100.00%,0,53,-100.00%,0.00%,0.56
02/10/2025,20,Bata Westside Mall,Kenya,Western,Nakuru,0,192,-100.00%,0,30,-100.00%,0.00%,0.16
02/05/2025,20,Bata Westside Mall,Kenya,Western,Nakuru,0,195,-100.00%,0,44,-100.00%,0.00%,0.23
02/16/2025,20,Bata Westside Mall,Kenya,Western,Nakuru,0,227,-100.00%,0,54,-100.00%,0.00%,0.24
02/04/2025,20,Bata Westside Mall,Kenya,Western,Nakuru,0,171,-100.00%,0,44,-100.00%,0.00%,0.26
02/13/2025,20,Bata Westside Mall,Kenya,Western,Nakuru,0,199,-100.00%,0,41,-100.00%,0.00%,0.21
01/03/2026,20,Bata Westside Mall,Kenya,Western,Nakuru,713,0,0.00%,170,0,0.00%,23.84%,0.00
02/17/2025,20,Bata Westside Mall,Kenya,Western,Nakuru,0,167,-100.00%,0,37,-100.00%,0.00%,0.22
01/27/2025,20,Bata Westside Mall,Kenya,Western,Nakuru,0,67,-100.00%,0,0,0.00%,0.00%,0.00
02/15/2025,20,Bata Westside Mall,Kenya,Western,Nakuru,0,238,-100.00%,0,69,-100.00%,0.00%,0.29
02/18/2025,20,Bata Westside Mall,Kenya,Western,Nakuru,0,173,-100.00%,0,42,-100.00%,0.00%,0.24
02/19/2025,20,Bata Westside Mall,Kenya,Western,Nakuru,0,185,-100.00%,0,40,-100.00%,0.00%,0.22
02/12/2025,20,Bata Westside Mall,Kenya,Western,Nakuru,0,173,-100.00%,0,28,-100.00%,0.00%,0.16
03/06/2025,20,Bata Westside Mall,Kenya,Western,Nakuru,0,174,-100.00%,0,34,-100.00%,0.00%,0.20
01/09/2026,20,Bata Westside Mall,Kenya,Western,Nakuru,292,0,0.00%,82,0,0.00%,28.13%,0.00
02/22/2025,20,Bata Westside Mall,Kenya,Western,Nakuru,0,247,-100.00%,0,54,-100.00%,0.00%,0.22
02/03/2025,20,Bata Westside Mall,Kenya,Western,Nakuru,0,217,-100.00%,0,61,-100.00%,0.00%,0.28
01/04/2026,20,Bata Westside Mall,Kenya,Western,Nakuru,795,0,0.00%,156,0,0.00%,19.62%,0.00
02/20/2025,20,Bata Westside Mall,Kenya,Western,Nakuru,0,226,-100.00%,0,24,-100.00%,0.00%,0.11
02/27/2025,20,Bata Westside Mall,Kenya,Western,Nakuru,0,221,-100.00%,0,57,-100.00%,0.00%,0.26
02/23/2025,20,Bata Westside Mall,Kenya,Western,Nakuru,0,200,-100.00%,0,45,-100.00%,0.00%,0.23
01/05/2026,20,Bata Westside Mall,Kenya,Western,Nakuru,936,0,0.00%,260,0,0.00%,27.79%,0.00
01/16/2026,20,Bata Westside Mall,Kenya,Western,Nakuru,236,0,0.00%,47,0,0.00%,19.96%,0.00
01/14/2026,20,Bata Westside Mall,Kenya,Western,Nakuru,278,0,0.00%,58,0,0.00%,20.90%,0.00
02/11/2025,20,Bata Westside Mall,Kenya,Western,Nakuru,0,194,-100.00%,0,49,-100.00%,0.00%,0.25
01/07/2026,20,Bata Westside Mall,Kenya,Western,Nakuru,647,0,0.00%,137,0,0.00%,21.19%,0.00
02/21/2025,20,Bata Westside Mall,Kenya,Western,Nakuru,0,321,-100.00%,0,59,-100.00%,0.00%,0.18
01/29/2026,20,Bata Westside Mall,Kenya,Western,Nakuru,185,0,0.00%,51,0,0.00%,27.57%,0.00
03/01/2025,20,Bata Westside Mall,Kenya,Western,Nakuru,0,274,-100.00%,0,66,-100.00%,0.00%,0.24
01/10/2026,20,Bata Westside Mall,Kenya,Western,Nakuru,510,0,0.00%,121,0,0.00%,23.75%,0.00
01/19/2026,20,Bata Westside Mall,Kenya,Western,Nakuru,197,0,0.00%,55,0,0.00%,27.99%,0.00
02/14/2026,20,Bata Westside Mall,Kenya,Western,Nakuru,362,0,0.00%,66,0,0.00%,18.26%,0.00
02/14/2025,20,Bata Westside Mall,Kenya,Western,Nakuru,0,253,-100.00%,0,69,-100.00%,0.00%,0.27
01/18/2026,20,Bata Westside Mall,Kenya,Western,Nakuru,270,0,0.00%,50,0,0.00%,18.55%,0.00
02/26/2025,20,Bata Westside Mall,Kenya,Western,Nakuru,0,250,-100.00%,0,60,-100.00%,0.00%,0.24
02/25/2026,20,Bata Westside Mall,Kenya,Western,Nakuru,252,0,0.00%,46,0,0.00%,18.29%,0.00
01/02/2026,20,Bata Westside Mall,Kenya,Western,Nakuru,664,0,0.00%,137,0,0.00%,20.63%,0.00
01/20/2026,20,Bata Westside Mall,Kenya,Western,Nakuru,199,0,0.00%,43,0,0.00%,21.66%,0.00
01/30/2026,20,Bata Westside Mall,Kenya,Western,Nakuru,260,0,0.00%,51,0,0.00%,19.62%,0.00
02/28/2026,20,Bata Westside Mall,Kenya,Western,Nakuru,481,0,0.00%,86,0,0.00%,17.90%,0.00
02/24/2025,20,Bata Westside Mall,Kenya,Western,Nakuru,0,178,-100.00%,0,46,-100.00%,0.00%,0.26
01/26/2026,20,Bata Westside Mall,Kenya,Western,Nakuru,243,0,0.00%,0,0,0.00%,0.00%,0.00
02/28/2025,20,Bata Westside Mall,Kenya,Western,Nakuru,0,234,-100.00%,0,91,-100.00%,0.00%,0.39
03/02/2026,20,Bata Westside Mall,Kenya,Western,Nakuru,473,0,0.00%,90,0,0.00%,19.03%,0.00
01/12/2026,20,Bata Westside Mall,Kenya,Western,Nakuru,422,0,0.00%,107,0,0.00%,25.39%,0.00
01/28/2026,20,Bata Westside Mall,Kenya,Western,Nakuru,224,0,0.00%,41,0,0.00%,18.34%,0.00
02/01/2026,20,Bata Westside Mall,Kenya,Western,Nakuru,279,0,0.00%,47,0,0.00%,16.88%,0.00
03/08/2026,20,Bata Westside Mall,Kenya,Western,Nakuru,335,0,0.00%,59,0,0.00%,17.64%,0.00
02/25/2025,20,Bata Westside Mall,Kenya,Western,Nakuru,0,207,-100.00%,0,50,-100.00%,0.00%,0.24
02/02/2026,20,Bata Westside Mall,Kenya,Western,Nakuru,216,0,0.00%,42,0,0.00%,19.44%,0.00
03/03/2025,20,Bata Westside Mall,Kenya,Western,Nakuru,0,326,-100.00%,0,98,-100.00%,0.00%,0.30
02/05/2026,20,Bata Westside Mall,Kenya,Western,Nakuru,178,0,0.00%,43,0,0.00%,24.16%,0.00
01/17/2026,20,Bata Westside Mall,Kenya,Western,Nakuru,315,0,0.00%,83,0,0.00%,26.35%,0.00
02/10/2026,20,Bata Westside Mall,Kenya,Western,Nakuru,251,0,0.00%,33,0,0.00%,13.17%,0.00
02/06/2026,20,Bata Westside Mall,Kenya,Western,Nakuru,254,0,0.00%,45,0,0.00%,17.72%,0.00
02/11/2026,20,Bata Westside Mall,Kenya,Western,Nakuru,231,0,0.00%,44,0,0.00%,19.09%,0.00
03/02/2025,20,Bata Westside Mall,Kenya,Western,Nakuru,0,358,-100.00%,0,76,-100.00%,0.00%,0.21
02/13/2026,20,Bata Westside Mall,Kenya,Western,Nakuru,286,0,0.00%,55,0,0.00%,19.23%,0.00
03/08/2025,20,Bata Westside Mall,Kenya,Western,Nakuru,0,412,-100.00%,0,64,-100.00%,0.00%,0.16
02/18/2026,20,Bata Westside Mall,Kenya,Western,Nakuru,219,0,0.00%,38,0,0.00%,17.39%,0.00
02/03/2026,20,Bata Westside Mall,Kenya,Western,Nakuru,238,0,0.00%,40,0,0.00%,16.81%,0.00
03/04/2026,20,Bata Westside Mall,Kenya,Western,Nakuru,243,0,0.00%,48,0,0.00%,19.75%,0.00
02/07/2026,20,Bata Westside Mall,Kenya,Western,Nakuru,290,0,0.00%,81,0,0.00%,27.98%,0.00
03/04/2025,20,Bata Westside Mall,Kenya,Western,Nakuru,0,284,-100.00%,0,62,-100.00%,0.00%,0.22
03/09/2025,20,Bata Westside Mall,Kenya,Western,Nakuru,0,137,-100.00%,0,35,-100.00%,0.00%,0.26
02/19/2026,20,Bata Westside Mall,Kenya,Western,Nakuru,241,0,0.00%,53,0,0.00%,22.04%,0.00
02/20/2026,20,Bata Westside Mall,Kenya,Western,Nakuru,284,0,0.00%,36,0,0.00%,12.68%,0.00
01/01/2026,20,Bata Westside Mall,Kenya,Western,Nakuru,438,0,0.00%,0,0,0.00%,0.00%,0.00
01/15/2026,20,Bata Westside Mall,Kenya,Western,Nakuru,272,0,0.00%,52,0,0.00%,19.15%,0.00
02/21/2026,20,Bata Westside Mall,Kenya,Western,Nakuru,383,0,0.00%,58,0,0.00%,15.14%,0.00
02/22/2026,20,Bata Westside Mall,Kenya,Western,Nakuru,233,0,0.00%,46,0,0.00%,19.78%,0.00
01/06/2026,20,Bata Westside Mall,Kenya,Western,Nakuru,909,0,0.00%,256,0,0.00%,28.16%,0.00
01/23/2026,20,Bata Westside Mall,Kenya,Western,Nakuru,273,0,0.00%,44,0,0.00%,16.15%,0.00
02/26/2026,20,Bata Westside Mall,Kenya,Western,Nakuru,247,0,0.00%,52,0,0.00%,21.05%,0.00
03/05/2026,20,Bata Westside Mall,Kenya,Western,Nakuru,226,0,0.00%,50,0,0.00%,22.12%,0.00
01/08/2026,20,Bata Westside Mall,Kenya,Western,Nakuru,352,0,0.00%,113,0,0.00%,32.10%,0.00
01/25/2026,20,Bata Westside Mall,Kenya,Western,Nakuru,262,0,0.00%,46,0,0.00%,17.56%,0.00
03/01/2026,20,Bata Westside Mall,Kenya,Western,Nakuru,534,0,0.00%,92,0,0.00%,17.23%,0.00
01/31/2026,20,Bata Westside Mall,Kenya,Western,Nakuru,331,0,0.00%,69,0,0.00%,20.85%,0.00
01/11/2026,20,Bata Westside Mall,Kenya,Western,Nakuru,592,0,0.00%,116,0,0.00%,19.59%,0.00
02/08/2026,20,Bata Westside Mall,Kenya,Western,Nakuru,254,0,0.00%,40,0,0.00%,15.78%,0.00
03/03/2026,20,Bata Westside Mall,Kenya,Western,Nakuru,329,0,0.00%,68,0,0.00%,20.70%,0.00
02/16/2026,20,Bata Westside Mall,Kenya,Western,Nakuru,218,0,0.00%,34,0,0.00%,15.63%,0.00
01/13/2026,20,Bata Westside Mall,Kenya,Western,Nakuru,301,0,0.00%,85,0,0.00%,28.29%,0.00
02/24/2026,20,Bata Westside Mall,Kenya,Western,Nakuru,223,0,0.00%,30,0,0.00%,13.45%,0.00
03/09/2026,20,Bata Westside Mall,Kenya,Western,Nakuru,20,0,0.00%,0,0,0.00%,0.00%,0.00
02/27/2026,20,Bata Westside Mall,Kenya,Western,Nakuru,356,0,0.00%,69,0,0.00%,19.38%,0.00
01/21/2026,20,Bata Westside Mall,Kenya,Western,Nakuru,179,0,0.00%,41,0,0.00%,22.97%,0.00
03/06/2026,20,Bata Westside Mall,Kenya,Western,Nakuru,277,0,0.00%,61,0,0.00%,22.02%,0.00
01/22/2026,20,Bata Westside Mall,Kenya,Western,Nakuru,215,0,0.00%,37,0,0.00%,17.21%,0.00
01/24/2026,20,Bata Westside Mall,Kenya,Western,Nakuru,409,0,0.00%,64,0,0.00%,15.67%,0.00
01/27/2026,20,Bata Westside Mall,Kenya,Western,Nakuru,231,0,0.00%,42,0,0.00%,18.18%,0.00
02/04/2026,20,Bata Westside Mall,Kenya,Western,Nakuru,216,0,0.00%,44,0,0.00%,20.37%,0.00
02/09/2026,20,Bata Westside Mall,Kenya,Western,Nakuru,222,0,0.00%,22,0,0.00%,9.91%,0.00
02/12/2026,20,Bata Westside Mall,Kenya,Western,Nakuru,207,0,0.00%,44,0,0.00%,21.31%,0.00
02/15/2026,20,Bata Westside Mall,Kenya,Western,Nakuru,312,0,0.00%,45,0,0.00%,14.45%,0.00
02/17/2026,20,Bata Westside Mall,Kenya,Western,Nakuru,242,0,0.00%,54,0,0.00%,22.31%,0.00
02/23/2026,20,Bata Westside Mall,Kenya,Western,Nakuru,138,0,0.00%,44,0,0.00%,31.88%,0.00
03/07/2026,20,Bata Westside Mall,Kenya,Western,Nakuru,290,0,0.00%,57,0,0.00%,19.69%,0.00
Grand Total(6857),,,,,,1137321,944752,20.38%,255830,264545,-3.29%,22.49%,0.28